"705527344912539653","2016-03-03 22:56:41","38.898602","-77.014397","america"
"705527351329878016","2016-03-03 22:56:43","41.721931","-74.075798","america"
"705527373668732929","2016-03-03 22:56:48","32.440510","-81.800575","america"
"705527378274095106","2016-03-03 22:56:49","-23.682802","-46.595547","america"
"705527384586506240","2016-03-03 22:56:51","40.429226","-74.419334","america"
"705527432825200644","2016-03-03 22:57:02","-38.011585","-57.581429","america"
"705527455960973313","2016-03-03 22:57:08","38.440971","-122.797165","america"
"705527458930380801","2016-03-03 22:57:08","38.288464","-78.913086","america"
"705527473644052480","2016-03-03 22:57:12","49.257641","-123.123581","america"
"705527507231985664","2016-03-03 22:57:20","41.081444","-81.519005","america"
"705527521501192193","2016-03-03 22:57:23","27.698683","-83.804474","america"
"705527525200502784","2016-03-03 22:57:24","-26.268900","27.876379","america"
"705527595241046016","2016-03-03 22:57:41","35.734455","-81.344460","america"
"705527639272984576","2016-03-03 22:57:51","38.003376","-79.420868","america"
"705527655244832768","2016-03-03 22:57:55","45.494553","-114.143265","america"
"705527692507136000","2016-03-03 22:58:04","35.170498","-79.861031","america"
"705527719686250496","2016-03-03 22:58:11","48.278763","2.696119","america"
"705527758307328001","2016-03-03 22:58:20","40.850346","-73.849442","america"
"705527798253928448","2016-03-03 22:58:29","-31.374063","-64.172775","america"
"705527826812801024","2016-03-03 22:58:36","34.700375","135.502197","america"
"705527827093913600","2016-03-03 22:58:36","10.357301","-66.988861","america"
"705527832017899520","2016-03-03 22:58:37","38.879971","-77.106773","america"
"705527842260422657","2016-03-03 22:58:40","21.344561","-158.069427","america"
"705527855464243200","2016-03-03 22:58:43","40.073040","-74.724319","america"
"705527857263583234","2016-03-03 22:58:43","39.779564","-86.142921","america"
"705527872837046272","2016-03-03 22:58:47","-29.918787","-51.095200","america"
"705527873864650753","2016-03-03 22:58:47","42.675011","-82.807854","america"
"705527879162003458","2016-03-03 22:58:49","-5.186318","-42.784824","america"
"705527895708573696","2016-03-03 22:58:53","28.388250","-80.607239","america"
"705527959139041280","2016-03-03 22:59:08","38.566471","-77.322746","america"
"705527973420466176","2016-03-03 22:59:11","46.877186","-96.789803","america"
"705528000138186752","2016-03-03 22:59:17","31.177710","-81.381447","america"
"705528013530787840","2016-03-03 22:59:21","32.571033","-89.876450","america"
"705528026012868608","2016-03-03 22:59:24","30.380133","-81.698296","america"
"705528076126425088","2016-03-03 22:59:36","-28.645124","153.602844","america"
"705528114609127424","2016-03-03 22:59:45","42.358433","-71.059776","america"
"705528117058646017","2016-03-03 22:59:45","34.503441","-82.650131","america"
"705528119449399296","2016-03-03 22:59:46","40.608429","-75.490181","america"
"705528126793760768","2016-03-03 22:59:48","27.698683","-83.804474","america"
"705528130853691392","2016-03-03 22:59:49","-28.253660","153.524887","america"
"705528133894737920","2016-03-03 22:59:49","32.678207","-83.173866","america"
"705528150307037184","2016-03-03 22:59:53","-30.099836","-51.159309","america"
"705528153691783168","2016-03-03 22:59:54","-34.604317","-58.442642","america"
"705528157189890048","2016-03-03 22:59:55","38.347485","-81.633705","america"
"705528166442364928","2016-03-03 22:59:57","34.062027","-118.314873","america"
"705528172670889984","2016-03-03 22:59:59","34.108345","-117.289764","america"
"705528173753196544","2016-03-03 22:59:59","38.566471","-77.322746","america"
"705528194473041921","2016-03-03 23:00:04","38.187469","-84.853539","america"
"705528201901006848","2016-03-03 23:00:06","34.402939","-118.913658","america"
"705528206065963009","2016-03-03 23:00:07","47.762321","-122.205406","america"
"705528207622205440","2016-03-03 23:00:07","40.434383","-3.687259","america"
"705528215146659842","2016-03-03 23:00:09","39.779564","-86.142921","america"
"705528218254594048","2016-03-03 23:00:09","30.063515","-95.377815","america"
"705528233475776512","2016-03-03 23:00:13","38.886623","-94.808083","america"
"705528252228448257","2016-03-03 23:00:18","33.380672","-84.799660","america"
"705528406931333120","2016-03-03 23:00:54","53.470436","-2.096438","america"
"705528424497074176","2016-03-03 23:00:59","27.300764","-80.345261","america"
"705528439126650880","2016-03-03 23:01:02","39.191097","-106.817535","america"
"705528532881965056","2016-03-03 23:01:24","41.657253","-72.665573","america"
"705528537571319813","2016-03-03 23:01:26","39.955276","-75.275284","america"
"705528544491925504","2016-03-03 23:01:27","-23.513021","-51.099899","america"
"705528581141696517","2016-03-03 23:01:36","38.187469","-84.853539","america"
"705528582378954752","2016-03-03 23:01:36","40.018955","-75.099075","america"
"705528585768013824","2016-03-03 23:01:37","38.743614","-9.159995","america"
"705528601039470592","2016-03-03 23:01:41","25.849415","-80.120201","america"
"705528627316654081","2016-03-03 23:01:47","26.707756","-80.091393","america"
"705528629678084096","2016-03-03 23:01:48","42.490650","-71.276169","america"
"705528631364341762","2016-03-03 23:01:48","-16.694983","-49.291904","america"
"705528722368172033","2016-03-03 23:02:10","40.780674","-73.973518","america"
"705528771198070784","2016-03-03 23:02:21","34.924866","-81.025078","america"
"705528794577313792","2016-03-03 23:02:27","38.653770","-90.247826","america"
"705528799807541248","2016-03-03 23:02:28","25.782354","-80.233330","america"
"705528813128581120","2016-03-03 23:02:31","34.769535","-92.267097","america"
"705528845206573056","2016-03-03 23:02:39","39.747036","-121.833733","america"
"705528866656251904","2016-03-03 23:02:44","33.896389","-117.328995","america"
"705528887015403520","2016-03-03 23:02:49","41.636688","-93.756104","america"
"705528901414608897","2016-03-03 23:02:52","51.489262","-0.088161","america"
"705528907236179969","2016-03-03 23:02:54","39.641762","-77.719994","america"
"705528908821585921","2016-03-03 23:02:54","40.903988","-74.118477","america"
"705528940283228160","2016-03-03 23:03:02","41.162144","-8.621914","america"
"705528949577814020","2016-03-03 23:03:04","38.187469","-84.853539","america"
"705528952715018241","2016-03-03 23:03:05","-33.848244","150.931976","america"
"705528969404293120","2016-03-03 23:03:09","44.941517","-93.105652","america"
"705528976215822340","2016-03-03 23:03:10","33.744633","-116.237907","america"
"705529003008917504","2016-03-03 23:03:17","39.414268","-77.410538","america"
"705529003881271297","2016-03-03 23:03:17","35.221970","-101.803581","america"
"705529023695294464","2016-03-03 23:03:22","-23.682802","-46.595547","america"
"705529253195083776","2016-03-03 23:04:16","-27.636436","-52.245872","america"
"705529280512421888","2016-03-03 23:04:23","34.052235","-118.243683","america"
"705529306001367041","2016-03-03 23:04:29","36.200008","-86.791550","america"
"705529324280094721","2016-03-03 23:04:33","32.678207","-83.173866","america"
"705529324489707520","2016-03-03 23:04:33","45.497131","-122.862938","america"
"705529373596606464","2016-03-03 23:04:45","35.071541","-82.521568","america"
"705529376440344577","2016-03-03 23:04:46","39.001331","-77.408295","america"
"705529414524674048","2016-03-03 23:04:55","46.817181","-95.845322","america"
"705529415262842880","2016-03-03 23:04:55","31.793367","-106.417427","america"
"705529419499081728","2016-03-03 23:04:56","44.093018","-93.237709","america"
"705529440378310656","2016-03-03 23:05:01","20.676653","-103.335884","america"
"705529443041865728","2016-03-03 23:05:01","48.220119","16.379847","america"
"705529505130086401","2016-03-03 23:05:16","32.571033","-89.876450","america"
"705529509282451456","2016-03-03 23:05:17","53.456951","-2.233480","america"
"705529562906492928","2016-03-03 23:05:30","39.022228","-94.631905","america"
"705529572926722050","2016-03-03 23:05:32","36.625805","-121.825058","america"
"705529610352488448","2016-03-03 23:05:41","44.953022","-92.995216","america"
"705529643412094977","2016-03-03 23:05:49","-23.682802","-46.595547","america"
"705529650261291008","2016-03-03 23:05:51","34.075375","-84.294090","america"
"705529693974327296","2016-03-03 23:06:01","34.932365","-120.419586","america"
"705529698323972096","2016-03-03 23:06:02","10.055515","-69.367622","america"
"705529720893542401","2016-03-03 23:06:08","38.187469","-84.853539","america"
"705529739344277506","2016-03-03 23:06:12","38.917873","-94.362701","america"
"705529741906833408","2016-03-03 23:06:13","35.691685","139.876114","america"
"705529750727610368","2016-03-03 23:06:15","51.432564","0.361443","america"
"705529776631578624","2016-03-03 23:06:21","-23.444183","-58.451706","america"
"705529793010233344","2016-03-03 23:06:25","51.500153","-0.126236","america"
"705529799675158528","2016-03-03 23:06:27","-25.300264","-57.606018","america"
"705529832449290240","2016-03-03 23:06:34","36.232914","-115.223122","america"
"705529833820966913","2016-03-03 23:06:35","34.311821","-118.867401","america"
"705529852191838208","2016-03-03 23:06:39","19.318697","-99.305580","america"
"705529873692024832","2016-03-03 23:06:44","42.636250","-71.326859","america"
"705529883766734848","2016-03-03 23:06:47","-23.682802","-46.595547","america"
"705529890817224704","2016-03-03 23:06:48","29.982601","-90.011009","america"
"705529891803033601","2016-03-03 23:06:48","37.396854","-122.081444","america"
"705529899474354177","2016-03-03 23:06:50","55.028008","-1.458029","america"
"705529908139847680","2016-03-03 23:06:52","40.365162","-82.669464","america"
"705529918642327553","2016-03-03 23:06:55","27.970167","-82.473328","america"
"705529939462852609","2016-03-03 23:07:00","39.739300","-89.266510","america"
"705529947494813696","2016-03-03 23:07:02","44.900818","-89.569489","america"
"705529973545652224","2016-03-03 23:07:08","41.763710","-72.685097","america"
"705529974850248704","2016-03-03 23:07:08","32.576225","-86.680740","america"
"705530026247090176","2016-03-03 23:07:21","31.630165","-91.554565","america"
"705530039773876224","2016-03-03 23:07:24","-34.443916","-58.647999","america"
"705530065803546627","2016-03-03 23:07:30","33.560417","-81.719551","america"
"705530087798665216","2016-03-03 23:07:35","54.044098","-2.802780","america"
"705530108229115904","2016-03-03 23:07:40","33.393208","-82.059601","america"
"705530116768550912","2016-03-03 23:07:42","34.052235","-118.243683","america"
"705530153909231616","2016-03-03 23:07:51","-31.619137","-60.674904","america"
"705530166198415361","2016-03-03 23:07:54","33.955803","-83.382362","america"
"705530166877892608","2016-03-03 23:07:54","39.103195","-84.506485","america"
"705530188302589952","2016-03-03 23:07:59","-31.189112","-60.880020","america"
"705530198062731264","2016-03-03 23:08:01","27.698683","-83.804474","america"
"705530214944743424","2016-03-03 23:08:06","51.514481","-0.092911","america"
"705530229796818944","2016-03-03 23:08:09","37.916840","-1.117796","america"
"705530230967029764","2016-03-03 23:08:09","40.073040","-74.724319","america"
"705530239250735109","2016-03-03 23:08:11","52.456535","-1.972337","america"
"705530241842880513","2016-03-03 23:08:12","-32.532928","-55.781277","america"
"705530255537278976","2016-03-03 23:08:15","-23.682802","-46.595547","america"
"705530263367983105","2016-03-03 23:08:17","-23.444183","-58.451706","america"
"705530303331311616","2016-03-03 23:08:27","39.145023","-75.386459","america"
"705530357576278016","2016-03-03 23:08:40","21.367323","-157.938370","america"
"705530380384911361","2016-03-03 23:08:45","35.615471","-78.771301","america"
"705530385237725185","2016-03-03 23:08:46","37.916840","-1.117796","america"
"705530385459838976","2016-03-03 23:08:46","47.614819","-122.330605","america"
"705530393580032001","2016-03-03 23:08:48","-37.972569","145.053131","america"
"705530418620178432","2016-03-03 23:08:54","40.073040","-74.724319","america"
"705530440665440257","2016-03-03 23:08:59","35.170498","-79.861031","america"
"705530444217872384","2016-03-03 23:09:00","46.560902","-87.388657","america"
"705530446856241155","2016-03-03 23:09:01","27.698683","-83.804474","america"
"705530489038364672","2016-03-03 23:09:11","42.397316","-83.373352","america"
"705530498282627072","2016-03-03 23:09:13","40.780708","-73.968544","america"
"705530510169210880","2016-03-03 23:09:16","38.324230","-81.524757","america"
"705530514267045889","2016-03-03 23:09:17","39.284714","-76.620483","america"
"705530539130814464","2016-03-03 23:09:23","39.745834","-75.546669","america"
"705530545011343360","2016-03-03 23:09:24","27.698683","-83.804474","america"
"705530555039924225","2016-03-03 23:09:27","38.932362","-77.218300","america"
"705530586467688448","2016-03-03 23:09:34","40.174553","-74.922668","america"
"705530604410925056","2016-03-03 23:09:38","41.647354","-91.537064","america"
"705530629455106048","2016-03-03 23:09:44","37.774929","-122.419418","america"
"705530630432382976","2016-03-03 23:09:45","28.498991","-81.718620","america"
"705530637457948676","2016-03-03 23:09:46","40.073040","-74.724319","america"
"705530648958664704","2016-03-03 23:09:49","61.304726","0.314300","america"
"705530676989169664","2016-03-03 23:09:56","36.697376","-121.633163","america"
"705530722920980480","2016-03-03 23:10:07","25.700424","-80.266144","america"
"705530734501621761","2016-03-03 23:10:09","45.072872","7.675785","america"
"705530740960858112","2016-03-03 23:10:11","42.123783","-72.642502","america"
"705530748498006018","2016-03-03 23:10:13","40.583729","-83.127869","america"
"705530772036284416","2016-03-03 23:10:18","35.955994","-84.005089","america"
"705530772417961984","2016-03-03 23:10:18","40.793430","-73.415123","america"
"705530780546629632","2016-03-03 23:10:20","51.584991","0.078863","america"
"705530800146620416","2016-03-03 23:10:25","41.510952","-87.966118","america"
"705530815153905665","2016-03-03 23:10:29","38.898602","-77.014397","america"
"705530838587408386","2016-03-03 23:10:34","39.527138","-85.772980","america"
"705530852936192005","2016-03-03 23:10:38","-30.099836","-51.159309","america"
"705530858434895873","2016-03-03 23:10:39","40.073040","-74.724319","america"
"705530878772924416","2016-03-03 23:10:44","29.417501","-98.540649","america"
"705530884422770691","2016-03-03 23:10:45","38.805115","-77.236969","america"
"705530919487152128","2016-03-03 23:10:53","-2.629285","-44.302551","america"
"705530936603987968","2016-03-03 23:10:58","45.424870","-122.791855","america"
"705530938176905218","2016-03-03 23:10:58","47.614819","-122.330605","america"
"705530939326263299","2016-03-03 23:10:58","25.782354","-80.233330","america"
"705530950751391744","2016-03-03 23:11:01","40.018955","-75.099075","america"
"705530955763728385","2016-03-03 23:11:02","34.062027","-118.314873","america"
"705530989938921473","2016-03-03 23:11:10","-25.300264","-57.606018","america"
"705530997639553024","2016-03-03 23:11:12","29.838495","-95.446487","america"
"705531020968370176","2016-03-03 23:11:18","43.780708","11.244817","america"
"705531035631673344","2016-03-03 23:11:21","-23.444183","-58.451706","america"
"705531047979708416","2016-03-03 23:11:24","40.073040","-74.724319","america"
"705531086491750400","2016-03-03 23:11:33","21.365000","-157.949997","america"
"705531106385334273","2016-03-03 23:11:38","42.575237","-71.990417","america"
"705531125754687488","2016-03-03 23:11:43","-34.832130","-58.378796","america"
"705531157782335490","2016-03-03 23:11:50","-23.682802","-46.595547","america"
"705531184789348352","2016-03-03 23:11:57","42.358433","-71.059776","america"
"705531185749958656","2016-03-03 23:11:57","-32.532928","-55.781277","america"
"705531196848078848","2016-03-03 23:12:00","40.780674","-73.973518","america"
"705531200039948290","2016-03-03 23:12:00","27.698683","-83.804474","america"
"705531235766923265","2016-03-03 23:12:09","35.869450","-75.575157","america"
"705531253106319362","2016-03-03 23:12:13","40.073040","-74.724319","america"
"705531328175812608","2016-03-03 23:12:31","33.494171","-111.926048","america"
"705531330734526466","2016-03-03 23:12:32","39.320385","-82.096405","america"
"705531340251406336","2016-03-03 23:12:34","37.916840","-1.117796","america"
"705531352938999808","2016-03-03 23:12:37","45.248791","-75.800140","america"
"705531356663525378","2016-03-03 23:12:38","30.937336","-91.401009","america"
"705531371624734721","2016-03-03 23:12:41","52.200974","0.135916","america"
"705531376645242880","2016-03-03 23:12:42","32.090698","-89.768448","america"
"705531408643551232","2016-03-03 23:12:50","47.430855","-120.327408","america"
"705531423428481025","2016-03-03 23:12:54","34.214317","-80.973976","america"
"705531423503953920","2016-03-03 23:12:54","38.419250","-82.445152","america"
"705531442542067713","2016-03-03 23:12:58","-40.822296","-62.996887","america"
"705531445536808960","2016-03-03 23:12:59","35.170498","-79.861031","america"
"705531448632188932","2016-03-03 23:13:00","32.571033","-89.876450","america"
"705531457049997313","2016-03-03 23:13:02","33.087952","-97.057884","america"
"705531488863916032","2016-03-03 23:13:09","40.073040","-74.724319","america"
"705531502214385664","2016-03-03 23:13:12","36.729733","-86.573128","america"
"705531552894230532","2016-03-03 23:13:25","50.782108","0.117251","america"
"705531556589338624","2016-03-03 23:13:25","18.237219","-66.042046","america"
"705531559454101504","2016-03-03 23:13:26","-34.797539","-58.200630","america"
"705531602483482628","2016-03-03 23:13:36","-32.951614","-60.697407","america"
"705531655658852353","2016-03-03 23:13:49","34.126488","-81.347267","america"
"705531690559602688","2016-03-03 23:13:57","40.073040","-74.724319","america"
"705531777687785472","2016-03-03 23:14:18","39.844463","-74.183281","america"
"705531792258760705","2016-03-03 23:14:22","30.720600","-96.401466","america"
"705531792829206528","2016-03-03 23:14:22","49.098755","-122.654594","america"
"705531840933670912","2016-03-03 23:14:33","58.342773","-134.508911","america"
"705531845727793152","2016-03-03 23:14:34","42.867867","-71.494835","america"
"705531875356332032","2016-03-03 23:14:41","41.437435","-88.285027","america"
"705531882352431105","2016-03-03 23:14:43","31.168894","-100.076889","america"
"705531896382492672","2016-03-03 23:14:46","40.583729","-83.127869","america"
"705531903324119040","2016-03-03 23:14:48","-34.900429","-60.016235","america"
"705531947083235334","2016-03-03 23:14:58","40.073040","-74.724319","america"
"705531957707321344","2016-03-03 23:15:01","33.552864","-112.124680","america"
"705531968537153536","2016-03-03 23:15:04","32.678207","-83.173866","america"
"705531983829413889","2016-03-03 23:15:07","40.091888","-74.358749","america"
"705531985150652416","2016-03-03 23:15:08","42.353233","-71.057983","america"
"705532003358212098","2016-03-03 23:15:12","-23.444183","-58.451706","america"
"705532016570163201","2016-03-03 23:15:15","34.415630","-118.503258","america"
"705532019137183744","2016-03-03 23:15:16","-22.911423","-43.441578","america"
"705532033162829825","2016-03-03 23:15:19","37.044197","-113.549042","america"
"705532039425040384","2016-03-03 23:15:21","42.352787","-83.099289","america"
"705532080034217985","2016-03-03 23:15:30","34.579411","-117.371666","america"
"705532092029906944","2016-03-03 23:15:33","42.557186","-73.165833","america"
"705532092625625091","2016-03-03 23:15:33","-27.609692","-48.478897","america"
"705532097281204224","2016-03-03 23:15:34","38.898602","-77.014397","america"
"705532137831845889","2016-03-03 23:15:44","40.073040","-74.724319","america"
"705532150104399873","2016-03-03 23:15:47","-22.696527","-43.524364","america"
"705532154583912450","2016-03-03 23:15:48","-23.201096","-46.908367","america"
"705532160040538112","2016-03-03 23:15:49","34.486530","-93.021286","america"
"705532166655098880","2016-03-03 23:15:51","43.101624","-88.329201","america"
"705532173080629248","2016-03-03 23:15:52","39.149277","-76.775246","america"
"705532173676249089","2016-03-03 23:15:53","41.079273","-85.139351","america"
"705532178193588224","2016-03-03 23:15:54","40.850346","-73.849442","america"
"705532205267861504","2016-03-03 23:16:00","-21.364529","-46.005840","america"
"705532245839319040","2016-03-03 23:16:10","34.049286","-118.253487","america"
"705532264914898944","2016-03-03 23:16:14","35.791538","-78.781120","america"
"705532289518845952","2016-03-03 23:16:20","-23.444183","-58.451706","america"
"705532320367902720","2016-03-03 23:16:27","-25.300264","-57.606018","america"
"705532320506384384","2016-03-03 23:16:28","40.073040","-74.724319","america"
"705532327636512768","2016-03-03 23:16:29","43.073051","-89.401230","america"
"705532348033536000","2016-03-03 23:16:34","40.073040","-74.724319","america"
"705532362671693824","2016-03-03 23:16:38","-2.512995","-80.091194","america"
"705532365800611841","2016-03-03 23:16:38","40.718002","-74.066666","america"
"705532400449822720","2016-03-03 23:16:47","51.547646","-0.060167","america"
"705532402140102656","2016-03-03 23:16:47","27.698683","-83.804474","america"
"705532405143228417","2016-03-03 23:16:48","40.780708","-73.968544","america"
"705532420481785858","2016-03-03 23:16:51","-19.918692","-43.959824","america"
"705532434788524033","2016-03-03 23:16:55","-10.498985","-37.433800","america"
"705532443063918592","2016-03-03 23:16:57","42.052898","-88.025490","america"
"705532472977715200","2016-03-03 23:17:04","-30.099836","-51.159309","america"
"705532500907438081","2016-03-03 23:17:11","38.879971","-77.106773","america"
"705532506980876288","2016-03-03 23:17:12","-22.911423","-43.441578","america"
"705532541529399297","2016-03-03 23:17:20","32.678207","-83.173866","america"
"705532543303438336","2016-03-03 23:17:21","12.971599","77.594566","america"
"705532546193367040","2016-03-03 23:17:21","32.250397","-101.478737","america"
"705532546927325186","2016-03-03 23:17:22","42.449760","-87.828430","america"
"705532563490639872","2016-03-03 23:17:25","8.021761","-71.901886","america"
"705532569509564416","2016-03-03 23:17:27","40.073040","-74.724319","america"
"705532578338619393","2016-03-03 23:17:29","-33.763641","-55.824837","america"
"705532592989282304","2016-03-03 23:17:32","52.411915","-1.518652","america"
"705532628489871360","2016-03-03 23:17:41","34.788120","138.450867","america"
"705532638853922817","2016-03-03 23:17:43","27.244017","-80.271858","america"
"705532646009532417","2016-03-03 23:17:45","-23.444183","-58.451706","america"
"705532647821283329","2016-03-03 23:17:46","30.519341","-97.672729","america"
"705532660848926721","2016-03-03 23:17:49","37.683895","-97.343918","america"
"705532672383143937","2016-03-03 23:17:51","31.168894","-100.076889","america"
"705532682860515328","2016-03-03 23:17:54","39.284714","-76.620483","america"
"705532685138067456","2016-03-03 23:17:54","39.114052","-94.627464","america"
"705532705702858752","2016-03-03 23:17:59","40.091690","-82.914207","america"
"705532730386288640","2016-03-03 23:18:05","-23.444183","-58.451706","america"
"705532730419781633","2016-03-03 23:18:05","40.586006","-73.941856","america"
"705532740213473280","2016-03-03 23:18:08","47.762321","-122.205406","america"
"705532747771744256","2016-03-03 23:18:09","-25.300264","-57.606018","america"
"705532770613858309","2016-03-03 23:18:15","15.316211","30.330904","america"
"705532791505752064","2016-03-03 23:18:20","26.874521","-80.059288","america"
"705532831426973696","2016-03-03 23:18:29","3.154760","101.722839","america"
"705532831448096768","2016-03-03 23:18:29","40.073040","-74.724319","america"
"705532858216091650","2016-03-03 23:18:36","-23.682802","-46.595547","america"
"705532861684776960","2016-03-03 23:18:37","-25.300264","-57.606018","america"
"705532872925446144","2016-03-03 23:18:39","33.335438","-86.919029","america"
"705532873139310592","2016-03-03 23:18:39","35.960636","-83.920738","america"
"705532878084558848","2016-03-03 23:18:40","38.997936","-105.550888","america"
"705532882287198208","2016-03-03 23:18:41","-23.444183","-58.451706","america"
"705532904533790720","2016-03-03 23:18:47","51.573009","-1.785690","america"
"705532933432545280","2016-03-03 23:18:54","-22.980043","-46.975254","america"
"705532936104321026","2016-03-03 23:18:54","-37.147575","-60.029846","america"
"705532959378386944","2016-03-03 23:19:00","-6.204330","106.869926","america"
"705532962306129920","2016-03-03 23:19:01","-22.911423","-43.441578","america"
"705532971965673473","2016-03-03 23:19:03","35.830521","-85.978600","america"
"705533045613289472","2016-03-03 23:19:20","35.027931","-120.490341","america"
"705533058800349185","2016-03-03 23:19:24","50.720940","-3.514876","america"
"705533062092824578","2016-03-03 23:19:24","4.262284","-74.243668","america"
"705533062654722049","2016-03-03 23:19:24","46.729553","-94.685898","america"
"705533062738608128","2016-03-03 23:19:24","32.332874","-116.929100","america"
"705533091130032128","2016-03-03 23:19:31","40.073040","-74.724319","america"
"705533095513030656","2016-03-03 23:19:32","32.678207","-83.173866","america"
"705533107374575616","2016-03-03 23:19:35","-19.918692","-43.959824","america"
"705533140874321920","2016-03-03 23:19:43","31.168894","-100.076889","america"
"705533175703932928","2016-03-03 23:19:51","-34.819748","-56.229889","america"
"705533199955398658","2016-03-03 23:19:57","42.358669","-8.710233","america"
"705533210151788548","2016-03-03 23:20:00","34.788120","138.450867","america"
"705533242011738114","2016-03-03 23:20:07","-23.682802","-46.595547","america"
"705533284998975488","2016-03-03 23:20:17","31.077450","-97.482101","america"
"705533289029718017","2016-03-03 23:20:18","42.357719","-71.068878","america"
"705533289688375296","2016-03-03 23:20:19","40.073040","-74.724319","america"
"705533301956567040","2016-03-03 23:20:22","42.449760","-87.828430","america"
"705533321548271618","2016-03-03 23:20:26","-22.911423","-43.441578","america"
"705533335406116864","2016-03-03 23:20:29","41.252361","-95.997986","america"
"705533339852115969","2016-03-03 23:20:31","18.357450","-66.111000","america"
"705533356927275008","2016-03-03 23:20:35","40.877605","-74.110550","america"
"705533382822854656","2016-03-03 23:20:41","-23.281557","-51.415810","america"
"705533385624522752","2016-03-03 23:20:41","42.321152","-85.179710","america"
"705533390422806528","2016-03-03 23:20:43","47.614819","-122.330605","america"
"705533431598473217","2016-03-03 23:20:52","38.003376","-79.420868","america"
"705533432915320832","2016-03-03 23:20:53","41.852596","-72.643700","america"
"705533434194604034","2016-03-03 23:20:53","19.804371","-96.144295","america"
"705533453501120512","2016-03-03 23:20:58","28.224503","-82.324699","america"
"705533492168302592","2016-03-03 23:21:07","41.636688","-93.756104","america"
"705533498615074817","2016-03-03 23:21:08","-25.300264","-57.606018","america"
"705533503383977985","2016-03-03 23:21:10","35.830521","-85.978600","america"
"705533560883650560","2016-03-03 23:21:23","40.073040","-74.724319","america"
"705533568735379456","2016-03-03 23:21:25","-34.702805","-58.748463","america"
"705533570735951872","2016-03-03 23:21:26","39.149277","-76.775246","america"
"705533620111343616","2016-03-03 23:21:37","40.585258","-105.084419","america"
"705533638709022721","2016-03-03 23:21:42","2.195833","-75.541397","america"
"705533658044743680","2016-03-03 23:21:46","44.126724","12.228385","america"
"705533674784219137","2016-03-03 23:21:50","-34.936317","-58.013023","america"
"705533686725419010","2016-03-03 23:21:53","36.895081","-76.255684","america"
"705533720942534657","2016-03-03 23:22:01","-34.443916","-58.647999","america"
"705533729033342977","2016-03-03 23:22:03","-23.444183","-58.451706","america"
"705533734582353921","2016-03-03 23:22:05","39.624828","-106.362801","america"
"705533744749420544","2016-03-03 23:22:07","-34.819748","-56.229889","america"
"705533746607312896","2016-03-03 23:22:08","40.073040","-74.724319","america"
"705533756300333056","2016-03-03 23:22:10","34.062027","-118.314873","america"
"705533761878945794","2016-03-03 23:22:11","42.020809","-6.592673","america"
"705533795487723520","2016-03-03 23:22:19","37.770657","-122.435982","america"
"705533799279542272","2016-03-03 23:22:20","-25.300264","-57.606018","america"
"705533802337034240","2016-03-03 23:22:21","29.424122","-98.493629","america"
"705533821723262976","2016-03-03 23:22:25","33.835148","-83.897896","america"
"705533843034542081","2016-03-03 23:22:31","-23.444183","-58.451706","america"
"705533875607379968","2016-03-03 23:22:38","31.168894","-100.076889","america"
"705533888463052800","2016-03-03 23:22:41","-22.911423","-43.441578","america"
"705533900240519168","2016-03-03 23:22:44","37.371052","-121.923653","america"
"705533907366612992","2016-03-03 23:22:46","18.527348","-69.786781","america"
"705533914471755776","2016-03-03 23:22:48","39.713562","-104.922096","america"
"705533944704409600","2016-03-03 23:22:55","28.017170","1.664273","america"
"705533964002443264","2016-03-03 23:22:59","40.780708","-73.968544","america"
"705533969576673280","2016-03-03 23:23:01","40.073040","-74.724319","america"
"705533989872775168","2016-03-03 23:23:06","39.114052","-94.627464","america"
"705533993253543936","2016-03-03 23:23:06","32.482304","-84.917305","america"
"705534009649074176","2016-03-03 23:23:10","40.655136","-73.948776","america"
"705534016242511873","2016-03-03 23:23:12","-23.682802","-46.595547","america"
"705534037704572928","2016-03-03 23:23:17","41.700100","-71.416168","america"
"705534069648584705","2016-03-03 23:23:25","40.711849","-111.561508","america"
"705534077265276928","2016-03-03 23:23:26","30.585470","-96.291649","america"
"705534081732366341","2016-03-03 23:23:27","42.811771","-78.711212","america"
"705534089143590912","2016-03-03 23:23:29","38.888519","-104.789330","america"
"705534101508345856","2016-03-03 23:23:32","42.183010","-121.721565","america"
"705534166121623552","2016-03-03 23:23:48","-37.972569","145.053131","america"
"705534168592158720","2016-03-03 23:23:48","41.117935","-77.604683","america"
"705534177442070528","2016-03-03 23:23:50","39.130005","-94.562180","america"
"705534193942568961","2016-03-03 23:23:54","40.073040","-74.724319","america"
"705534205866938368","2016-03-03 23:23:57","-14.239565","-53.184834","america"
"705534209738338309","2016-03-03 23:23:58","41.833584","-87.732010","america"
"705534234061086722","2016-03-03 23:24:04","55.834732","-4.424785","america"
"705534268210962432","2016-03-03 23:24:12","47.762321","-122.205406","america"
"705534277384052739","2016-03-03 23:24:14","40.705597","-73.977715","america"
"705534305905328130","2016-03-03 23:24:21","-22.904549","-43.059608","america"
"705534308207841280","2016-03-03 23:24:21","61.235043","-149.758789","america"
"705534316357373952","2016-03-03 23:24:23","43.519093","-96.845818","america"
"705534349135970304","2016-03-03 23:24:31","53.456951","-2.233480","america"
"705534354416496640","2016-03-03 23:24:32","40.535572","-75.382568","america"
"705534366668054528","2016-03-03 23:24:35","33.889347","-117.924889","america"
"705534371114127360","2016-03-03 23:24:36","39.713562","-104.922096","america"
"705534379733307392","2016-03-03 23:24:38","37.694454","-121.746033","america"
"705534380643635201","2016-03-03 23:24:39","-28.065447","-63.448643","america"
"705534387811516420","2016-03-03 23:24:40","42.313671","-71.088715","america"
"705534407227088896","2016-03-03 23:24:45","27.996595","-82.442696","america"
"705534450814341120","2016-03-03 23:24:55","40.073040","-74.724319","america"
"705534482493935616","2016-03-03 23:25:03","-34.490219","-58.540756","america"
"705534500420190208","2016-03-03 23:25:07","41.661129","-91.530167","america"
"705534501766635520","2016-03-03 23:25:08","43.071754","-70.762550","america"
"705534541797064709","2016-03-03 23:25:17","19.259489","-99.417770","america"
"705534578329579520","2016-03-03 23:25:26","10.664022","-71.640900","america"
"705534579017457664","2016-03-03 23:25:26","38.952179","-77.409157","america"
"705534595643547648","2016-03-03 23:25:30","30.720600","-96.401466","america"
"705534617542135809","2016-03-03 23:25:35","40.655136","-73.948776","america"
"705534641843752960","2016-03-03 23:25:41","26.570580","-80.089600","america"
"705534642082820097","2016-03-03 23:25:41","46.687500","-119.919403","america"
"705534642774888448","2016-03-03 23:25:41","38.403904","-96.181664","america"
"705534657618649088","2016-03-03 23:25:45","40.073040","-74.724319","america"
"705534668955787264","2016-03-03 23:25:47","32.066700","34.766701","america"
"705534687159017472","2016-03-03 23:25:52","31.098234","-97.342781","america"
"705534688476033024","2016-03-03 23:25:52","30.323345","-97.754723","america"
"705534690829037568","2016-03-03 23:25:53","45.351913","-75.918488","america"
"705534725742596097","2016-03-03 23:26:01","54.785809","-1.558555","america"
"705534733397204993","2016-03-03 23:26:03","52.847092","-2.298134","america"
"705534734588321792","2016-03-03 23:26:03","-15.776254","-47.796623","america"
"705534762694418432","2016-03-03 23:26:10","51.464687","-0.070603","america"
"705534796601159681","2016-03-03 23:26:18","42.675011","-82.807854","america"
"705534825533448192","2016-03-03 23:26:25","-23.444183","-58.451706","america"
"705534835809509376","2016-03-03 23:26:27","6.422820","-66.578926","america"
"705534845661925377","2016-03-03 23:26:30","51.559929","4.764850","america"
"705534859205353472","2016-03-03 23:26:33","40.073040","-74.724319","america"
"705534895922130945","2016-03-03 23:26:42","32.810013","-117.104988","america"
"705534919192129536","2016-03-03 23:26:47","46.721771","-92.461182","america"
"705534966625488897","2016-03-03 23:26:58","39.149277","-76.775246","america"
"705534973705625600","2016-03-03 23:27:00","38.003376","-79.420868","america"
"705535060804558849","2016-03-03 23:27:21","-25.300264","-57.606018","america"
"705535062658273280","2016-03-03 23:27:21","40.291107","-74.026703","america"
"705535063459565568","2016-03-03 23:27:21","40.073040","-74.724319","america"
"705535064356966400","2016-03-03 23:27:22","40.803234","-96.696564","america"
"705535076851961856","2016-03-03 23:27:25","-22.185652","-46.785892","america"
"705535110607736832","2016-03-03 23:27:33","25.816965","-80.132965","america"
"705535120493641729","2016-03-03 23:27:35","35.935017","-86.851173","america"
"705535138625617920","2016-03-03 23:27:39","-25.495249","-49.288460","america"
"705535148788477953","2016-03-03 23:27:42","40.004868","-75.117996","america"
"705535180941844480","2016-03-03 23:27:50","32.810013","-117.104988","america"
"705535193663217665","2016-03-03 23:27:53","32.415051","-99.750557","america"
"705535202290851840","2016-03-03 23:27:55","41.833584","-87.732010","america"
"705535257865535488","2016-03-03 23:28:08","-22.911423","-43.441578","america"
"705535293131100160","2016-03-03 23:28:16","39.103195","-84.506485","america"
"705535294204841984","2016-03-03 23:28:17","38.912613","-75.427979","america"
"705535296281010177","2016-03-03 23:28:17","36.099861","-80.244217","america"
"705535299795984384","2016-03-03 23:28:18","40.073040","-74.724319","america"
"705535309405163520","2016-03-03 23:28:20","42.036938","-71.683502","america"
"705535321983864833","2016-03-03 23:28:23","35.995274","-86.777985","america"
"705535336798097408","2016-03-03 23:28:27","4.577261","-74.205315","america"
"705535339826253824","2016-03-03 23:28:27","46.877186","-96.789803","america"
"705535341193797634","2016-03-03 23:28:28","44.755505","10.770576","america"
"705535345316782081","2016-03-03 23:28:29","27.698683","-83.804474","america"
"705535350169583616","2016-03-03 23:28:30","39.830246","-75.016136","america"
"705535388274827264","2016-03-03 23:28:39","-23.513021","-51.099899","america"
"705535394251567104","2016-03-03 23:28:40","27.465645","-82.583275","america"
"705535394520174593","2016-03-03 23:28:40","44.970612","-93.262047","america"
"705535409300840448","2016-03-03 23:28:44","-34.819748","-56.229889","america"
"705535433472548864","2016-03-03 23:28:50","40.714352","-74.005974","america"
"705535500858347520","2016-03-03 23:29:06","-19.918692","-43.959824","america"
"705535528091783168","2016-03-03 23:29:12","26.635900","-80.096153","america"
"705535545351512064","2016-03-03 23:29:16","42.575069","-83.265846","america"
"705535556730490880","2016-03-03 23:29:19","32.893913","-117.236305","america"
"705535571188441088","2016-03-03 23:29:23","56.155106","11.634401","america"
"705535572064890880","2016-03-03 23:29:23","17.985792","-66.391441","america"
"705535627815731200","2016-03-03 23:29:36","35.283878","-86.370171","america"
"705535632228163584","2016-03-03 23:29:37","40.073040","-74.724319","america"
"705535665526550529","2016-03-03 23:29:45","42.449760","-87.828430","america"
"705535684300423168","2016-03-03 23:29:50","-31.561390","-52.333897","america"
"705535701400555524","2016-03-03 23:29:54","46.226715","2.209119","america"
"705535755817365504","2016-03-03 23:30:07","40.700378","-73.592903","america"
"705535759340564481","2016-03-03 23:30:07","34.174259","-97.143623","america"
"705535799526367233","2016-03-03 23:30:17","55.028008","-1.458029","america"
"705535805515628545","2016-03-03 23:30:18","41.878113","-87.629799","america"
"705535813879271424","2016-03-03 23:30:20","26.574604","-81.878075","america"
"705535831545483264","2016-03-03 23:30:25","31.168894","-100.076889","america"
"705535836767399936","2016-03-03 23:30:26","40.874947","-124.082329","america"
"705535849983676416","2016-03-03 23:30:29","41.394802","-75.706581","america"
"705535866177892353","2016-03-03 23:30:33","39.713562","-104.922096","america"
"705535890882498561","2016-03-03 23:30:39","40.423576","-79.761749","america"
"705535895802347520","2016-03-03 23:30:40","38.624619","-8.916119","america"
"705535898507681792","2016-03-03 23:30:41","40.073040","-74.724319","america"
"705535925044916224","2016-03-03 23:30:47","40.524776","-88.991531","america"
"705535944108040192","2016-03-03 23:30:51","35.299454","-94.407921","america"
"705535954266755072","2016-03-03 23:30:54","27.698683","-83.804474","america"
"705535967021543424","2016-03-03 23:30:57","37.948841","-122.362411","america"
"705535990895550464","2016-03-03 23:31:03","43.419472","-83.950806","america"
"705535995668733952","2016-03-03 23:31:04","25.324669","51.539143","america"
"705536059124424704","2016-03-03 23:31:19","50.213322","19.007004","america"
"705536087851008000","2016-03-03 23:31:26","-33.848244","150.931976","america"
"705536098714435584","2016-03-03 23:31:28","-23.444183","-58.451706","america"
"705536147003416576","2016-03-03 23:31:40","-25.300264","-57.606018","america"
"705536147527737344","2016-03-03 23:31:40","41.050217","-73.639412","america"
"705536152233594884","2016-03-03 23:31:41","31.168894","-100.076889","america"
"705536177609142272","2016-03-03 23:31:47","42.449760","-87.828430","america"
"705536186954043392","2016-03-03 23:31:49","39.743046","-105.229790","america"
"705536203228123136","2016-03-03 23:31:53","52.404434","-4.001617","america"
"705536208667955201","2016-03-03 23:31:55","43.094498","141.407806","america"
"705536225361301505","2016-03-03 23:31:59","31.168894","-100.076889","america"
"705536234505027584","2016-03-03 23:32:01","-25.546591","-57.485180","america"
"705536357314256896","2016-03-03 23:32:30","40.073040","-74.724319","america"
"705536361571307520","2016-03-03 23:32:31","37.339386","-121.894958","america"
"705536365694300160","2016-03-03 23:32:32","40.735104","-73.687904","america"
"705536384606588928","2016-03-03 23:32:36","31.342253","34.968430","america"
"705536408996319232","2016-03-03 23:32:42","39.472763","-118.778961","america"
"705536415048687616","2016-03-03 23:32:44","31.168894","-100.076889","america"
"705536416844009472","2016-03-03 23:32:44","43.555244","-79.616074","america"
"705536421264826368","2016-03-03 23:32:45","35.830521","-85.978600","america"
"705536438121594880","2016-03-03 23:32:49","34.751938","-92.131271","america"
"705536438188675072","2016-03-03 23:32:49","42.308346","0.314300","america"
"705536457709002752","2016-03-03 23:32:54","35.149532","-90.048981","america"
"705536483411816449","2016-03-03 23:33:00","44.970612","-93.262047","america"
"705536505004089349","2016-03-03 23:33:05","-19.944870","-43.973206","america"
"705536512469934080","2016-03-03 23:33:07","40.850346","-73.849442","america"
"705536513656774656","2016-03-03 23:33:07","23.625420","-102.558037","america"
"705536558376603648","2016-03-03 23:33:18","-22.911423","-43.441578","america"
"705536561815793664","2016-03-03 23:33:19","41.191891","-111.971329","america"
"705536592547594242","2016-03-03 23:33:26","41.224030","-73.053741","america"
"705536592727769088","2016-03-03 23:33:26","38.778477","-90.605278","america"
"705536596473417728","2016-03-03 23:33:27","-32.959415","-71.470390","america"
"705536641843134465","2016-03-03 23:33:38","41.403919","-88.111725","america"
"705536643378196480","2016-03-03 23:33:38","29.961496","-81.491859","america"
"705536653566341120","2016-03-03 23:33:41","-34.604317","-58.442642","america"
"705536673837420550","2016-03-03 23:33:45","52.526054","-2.203868","america"
"705536679419842560","2016-03-03 23:33:47","31.168894","-100.076889","america"
"705536686143492096","2016-03-03 23:33:48","42.811737","-78.711182","america"
"705536694012014592","2016-03-03 23:33:50","54.175137","-6.344168","america"
"705536701230358528","2016-03-03 23:33:52","37.822243","-85.768242","america"
"705536708612333570","2016-03-03 23:33:54","-25.300264","-57.606018","america"
"705536739843170304","2016-03-03 23:34:01","51.547646","-0.060167","america"
"705536746138660866","2016-03-03 23:34:03","28.017170","1.664273","america"
"705536756322533378","2016-03-03 23:34:05","53.931847","-1.207483","america"
"705536778648694785","2016-03-03 23:34:10","40.765804","-111.917023","america"
"705536782876540928","2016-03-03 23:34:11","42.138985","-83.241798","america"
"705536784084525057","2016-03-03 23:34:12","31.168894","-100.076889","america"
"705536794713067520","2016-03-03 23:34:14","37.639408","-84.773590","america"
"705536827554332672","2016-03-03 23:34:22","43.612633","-116.211075","america"
"705536829135699968","2016-03-03 23:34:22","51.514481","-0.092911","america"
"705536834512822272","2016-03-03 23:34:24","-2.572425","-59.980324","america"
"705536837129994240","2016-03-03 23:34:24","-32.532928","-55.781277","america"
"705536844436541440","2016-03-03 23:34:26","38.498196","-98.319923","america"
"705536866716618753","2016-03-03 23:34:31","40.655136","-73.948776","america"
"705536872383123456","2016-03-03 23:34:33","-23.444183","-58.451706","america"
"705536883707789312","2016-03-03 23:34:35","53.815933","-1.766820","america"
"705536906390577152","2016-03-03 23:34:41","-25.300264","-57.606018","america"
"705536921951338496","2016-03-03 23:34:45","28.969862","-111.498184","america"
"705536925797629953","2016-03-03 23:34:46","-33.429485","-70.610756","america"
"705536930188906496","2016-03-03 23:34:47","31.168894","-100.076889","america"
"705536947406577664","2016-03-03 23:34:51","30.323345","-97.754723","america"
"705536973776265216","2016-03-03 23:34:57","-22.911423","-43.441578","america"
"705536994261213184","2016-03-03 23:35:02","-23.444183","-58.451706","america"
"705536997494919168","2016-03-03 23:35:03","18.613333","-69.902939","america"
"705537002666483712","2016-03-03 23:35:04","29.838495","-95.446487","america"
"705537011143348225","2016-03-03 23:35:06","44.970612","-93.262047","america"
"705537011164291072","2016-03-03 23:35:06","37.822243","-85.768242","america"
"705537013626249216","2016-03-03 23:35:06","45.160797","-93.234947","america"
"705537018739060736","2016-03-03 23:35:08","36.933620","-106.998924","america"
"705537019158654976","2016-03-03 23:35:08","39.878742","-74.922783","america"
"705537033096200192","2016-03-03 23:35:11","48.426731","-123.358376","america"
"705537043099738112","2016-03-03 23:35:13","29.555477","-98.499786","america"
"705537050683043840","2016-03-03 23:35:15","-25.300264","-57.606018","america"
"705537055929925634","2016-03-03 23:35:17","33.061241","-96.734901","america"
"705537058568146946","2016-03-03 23:35:17","35.499302","-80.848686","america"
"705537060157976576","2016-03-03 23:35:18","27.996595","-82.442696","america"
"705537064482140160","2016-03-03 23:35:19","34.374043","-80.073402","america"
"705537072954744833","2016-03-03 23:35:21","-23.682802","-46.595547","america"
"705537096807751681","2016-03-03 23:35:26","36.791252","-76.238655","america"
"705537108618809344","2016-03-03 23:35:29","37.956532","-121.294952","america"
"705537122606956544","2016-03-03 23:35:32","34.788120","138.450867","america"
"705537139006517248","2016-03-03 23:35:36","31.168894","-100.076889","america"
"705537153174937600","2016-03-03 23:35:40","35.387360","-119.016899","america"
"705537153850146816","2016-03-03 23:35:40","38.879971","-77.106773","america"
"705537168173867008","2016-03-03 23:35:43","51.593258","-0.197463","america"
"705537172976177153","2016-03-03 23:35:44","28.501678","-81.367775","america"
"705537183235633152","2016-03-03 23:35:47","-22.913433","-43.209175","america"
"705537193532628993","2016-03-03 23:35:49","54.222244","-4.687511","america"
"705537200759267328","2016-03-03 23:35:51","38.642551","-90.323723","america"
"705537215569510401","2016-03-03 23:35:55","40.073040","-74.724319","america"
"705537228668321794","2016-03-03 23:35:58","-32.815376","-61.395935","america"
"705537232438960129","2016-03-03 23:35:59","39.284714","-76.620483","america"
"705537244833054720","2016-03-03 23:36:02","44.959133","-89.630119","america"
"705537249962762242","2016-03-03 23:36:03","51.565197","-0.263141","america"
"705537276596588544","2016-03-03 23:36:09","-28.262838","-52.444225","america"
"705537284871950336","2016-03-03 23:36:11","52.238853","-0.882951","america"
"705537293004599296","2016-03-03 23:36:13","42.315544","-95.598610","america"
"705537337011245056","2016-03-03 23:36:24","35.149532","-90.048981","america"
"705537350479298561","2016-03-03 23:36:27","38.003376","-79.420868","america"
"705537356116398084","2016-03-03 23:36:28","51.497002","-3.179800","america"
"705537388127256576","2016-03-03 23:36:36","32.364082","-96.635765","america"
"705537426228453377","2016-03-03 23:36:45","40.895107","9.563421","america"
"705537496969383936","2016-03-03 23:37:02","38.555359","-86.471977","america"
"705537530972647424","2016-03-03 23:37:10","9.632359","-84.010704","america"
"705537540523220992","2016-03-03 23:37:12","40.073040","-74.724319","america"
"705537548764975104","2016-03-03 23:37:14","30.180117","-85.679016","america"
"705537549511606272","2016-03-03 23:37:14","36.550983","-87.322166","america"
"705537569031905280","2016-03-03 23:37:19","-23.682802","-46.595547","america"
"705537571040980992","2016-03-03 23:37:19","-25.300264","-57.606018","america"
"705537576384516096","2016-03-03 23:37:21","40.365162","-82.669464","america"
"705537632579616770","2016-03-03 23:37:34","37.621300","-122.436775","america"
"705537658114744321","2016-03-03 23:37:40","34.788120","138.450867","america"
"705537665551044608","2016-03-03 23:37:42","39.006779","-76.779137","america"
"705537666859843584","2016-03-03 23:37:42","52.921436","-0.180424","america"
"705537680747184128","2016-03-03 23:37:46","53.197350","-2.894882","america"
"705537682970116096","2016-03-03 23:37:46","26.373976","-80.134987","america"
"705537686858235904","2016-03-03 23:37:47","-25.300264","-57.606018","america"
"705537705053024257","2016-03-03 23:37:51","35.027931","-120.490341","america"
"705537723365347328","2016-03-03 23:37:56","45.494553","-114.143265","america"
"705537753967157248","2016-03-03 23:38:03","40.073040","-74.724319","america"
"705537758882758656","2016-03-03 23:38:04","40.749268","-73.640686","america"
"705537761466404865","2016-03-03 23:38:05","39.647766","-104.987762","america"
"705537766214373376","2016-03-03 23:38:06","41.506142","-88.114502","america"
"705537768298930176","2016-03-03 23:38:06","38.575809","-97.671875","america"
"705537788175900673","2016-03-03 23:38:11","-23.682802","-46.595547","america"
"705537809097101313","2016-03-03 23:38:16","-22.911423","-43.441578","america"
"705537816659431425","2016-03-03 23:38:18","51.361897","-0.181588","america"
"705537818660048896","2016-03-03 23:38:18","-23.682802","-46.595547","america"
"705537822015528961","2016-03-03 23:38:19","52.579586","0.986345","america"
"705537847504187393","2016-03-03 23:38:25","39.268112","-84.413277","america"
"705537853426630657","2016-03-03 23:38:27","-8.043603","-34.939350","america"
"705537873408192516","2016-03-03 23:38:31","-27.382143","152.993195","america"
"705537875555782656","2016-03-03 23:38:32","29.622149","-98.573753","america"
"705537875660578816","2016-03-03 23:38:32","45.140583","-62.560913","america"
"705537900230766592","2016-03-03 23:38:38","34.503441","-82.650131","america"
"705537900457304065","2016-03-03 23:38:38","33.246780","-84.264091","america"
"705537924603973633","2016-03-03 23:38:44","38.898602","-77.014397","america"
"705537944027660288","2016-03-03 23:38:48","38.031715","-84.495132","america"
"705537951128637441","2016-03-03 23:38:50","-28.645124","153.602844","america"
"705538030518603776","2016-03-03 23:39:09","-23.444183","-58.451706","america"
"705538035933278208","2016-03-03 23:39:10","42.449760","-87.828430","america"
"705538062508544000","2016-03-03 23:39:17","-23.682802","-46.595547","america"
"705538078480453632","2016-03-03 23:39:20","38.003468","-87.574692","america"
"705538088341217280","2016-03-03 23:39:23","54.899242","-1.385366","america"
"705538123669766144","2016-03-03 23:39:31","27.698683","-83.804474","america"
"705538131982823424","2016-03-03 23:39:33","39.879517","-75.120972","america"
"705538145509445633","2016-03-03 23:39:36","33.809174","-118.156708","america"
"705538165994553345","2016-03-03 23:39:41","40.793995","-81.461586","america"
"705538194637328384","2016-03-03 23:39:48","33.809174","-118.156708","america"
"705538208709226497","2016-03-03 23:39:51","39.284714","-76.620483","america"
"705538212366827520","2016-03-03 23:39:52","-26.261688","-48.966473","america"
"705538218104627200","2016-03-03 23:39:54","55.987019","-4.574872","america"
"705538236123385856","2016-03-03 23:39:58","40.477795","-3.703508","america"
"705538250514042880","2016-03-03 23:40:01","51.542439","-0.159403","america"
"705538282810011648","2016-03-03 23:40:09","19.326145","-99.605049","america"
"705538289307099136","2016-03-03 23:40:11","27.698683","-83.804474","america"
"705538301109911552","2016-03-03 23:40:13","40.793995","-81.461586","america"
"705538304880484352","2016-03-03 23:40:14","32.713127","-117.160652","america"
"705538316167282689","2016-03-03 23:40:17","41.878113","-87.629799","america"
"705538316926623744","2016-03-03 23:40:17","53.419880","-2.915427","america"
"705538357938548737","2016-03-03 23:40:27","37.822243","-85.768242","america"
"705538404998475776","2016-03-03 23:40:38","12.866726","-85.168175","america"
"705538409608126464","2016-03-03 23:40:39","40.073040","-74.724319","america"
"705538411046653952","2016-03-03 23:40:40","35.528076","-108.742584","america"
"705538421125726208","2016-03-03 23:40:42","57.739452","-4.200441","america"
"705538440960598017","2016-03-03 23:40:47","6.030371","-63.853596","america"
"705538496514105344","2016-03-03 23:41:00","54.506359","-6.767317","america"
"705538502314868736","2016-03-03 23:41:01","-31.189112","-60.880020","america"
"705538512381202432","2016-03-03 23:41:04","25.699448","-80.271088","america"
"705538517456150528","2016-03-03 23:41:05","39.905476","-104.949844","america"
"705538527212265472","2016-03-03 23:41:07","-23.444183","-58.451706","america"
"705538529288392704","2016-03-03 23:41:08","-34.584682","-58.436813","america"
"705538530303483904","2016-03-03 23:41:08","45.461346","9.159337","america"
"705538535277924352","2016-03-03 23:41:09","-16.283394","-63.547329","america"
"705538566449926144","2016-03-03 23:41:17","-23.444183","-58.451706","america"
"705538568031117312","2016-03-03 23:41:17","44.507736","-95.416397","america"
"705538602034470912","2016-03-03 23:41:25","40.073040","-74.724319","america"
"705538613174358016","2016-03-03 23:41:28","37.518036","-95.173035","america"
"705538613178552320","2016-03-03 23:41:28","38.104088","-122.256638","america"
"705538615556747264","2016-03-03 23:41:28","35.467560","-97.516426","america"
"705538624935350272","2016-03-03 23:41:31","-25.300264","-57.606018","america"
"705538629192568832","2016-03-03 23:41:32","53.456951","-2.233480","america"
"705538667620597760","2016-03-03 23:41:41","35.410694","-80.842850","america"
"705538668396580864","2016-03-03 23:41:41","5.883278","-162.067001","america"
"705538668857929728","2016-03-03 23:41:41","38.955601","-76.939674","america"
"705538713774718976","2016-03-03 23:41:52","38.581573","-121.494400","america"
"705538753536913409","2016-03-03 23:42:01","38.414318","-90.355972","america"
"705538756389036033","2016-03-03 23:42:02","40.793995","-81.461586","america"
"705538769781440512","2016-03-03 23:42:05","54.338413","-1.435332","america"
"705538792619450368","2016-03-03 23:42:11","40.073040","-74.724319","america"
"705538824156405761","2016-03-03 23:42:18","38.003468","-87.574692","america"
"705538862135644160","2016-03-03 23:42:27","37.662430","-121.874680","america"
"705538898928078848","2016-03-03 23:42:36","31.613941","-94.649307","america"
"705538929701822464","2016-03-03 23:42:43","44.001228","-71.566170","america"
"705538948269891585","2016-03-03 23:42:48","39.647766","-104.987762","america"
"705538956633493504","2016-03-03 23:42:50","-22.911423","-43.441578","america"
"705538962589356032","2016-03-03 23:42:51","40.073040","-74.724319","america"
"705538972097896448","2016-03-03 23:42:53","-25.300264","-57.606018","america"
"705539079874617346","2016-03-03 23:43:19","33.138741","-117.166817","america"
"705539096719056896","2016-03-03 23:43:23","-22.911423","-43.441578","america"
"705539148854112256","2016-03-03 23:43:36","40.735104","-73.687904","america"
"705539154306736128","2016-03-03 23:43:37","21.423676","-157.809570","america"
"705539176096251904","2016-03-03 23:43:42","40.073040","-74.724319","america"
"705539202679599104","2016-03-03 23:43:48","39.754105","-105.000221","america"
"705539254647177217","2016-03-03 23:44:01","-25.300264","-57.606018","america"
"705539257000185856","2016-03-03 23:44:01","40.793995","-81.461586","america"
"705539266353364992","2016-03-03 23:44:04","39.529633","-119.813805","america"
"705539271684452352","2016-03-03 23:44:05","33.161350","-96.829887","america"
"705539279460671489","2016-03-03 23:44:07","-20.307375","-40.470364","america"
"705539281318715392","2016-03-03 23:44:07","-22.649641","-43.023949","america"
"705539281830486016","2016-03-03 23:44:07","-25.300264","-57.606018","america"
"705539284242178048","2016-03-03 23:44:08","32.788582","-97.349091","america"
"705539316618043398","2016-03-03 23:44:16","-22.911423","-43.441578","america"
"705539354031050754","2016-03-03 23:44:24","34.062027","-118.314873","america"
"705539391565877248","2016-03-03 23:44:33","37.371052","-121.923653","america"
"705539417029660674","2016-03-03 23:44:39","34.788086","-92.257149","america"
"705539452232298496","2016-03-03 23:44:48","39.022228","-94.631905","america"
"705539471475937280","2016-03-03 23:44:52","43.052608","-76.128815","america"
"705539494582169600","2016-03-03 23:44:58","38.879971","-77.106773","america"
"705539528270979073","2016-03-03 23:45:06","53.456951","-2.233480","america"
"705539532179922944","2016-03-03 23:45:07","19.326145","-99.605049","america"
"705539547015155712","2016-03-03 23:45:10","21.849459","-102.327209","america"
"705539632440733696","2016-03-03 23:45:31","-22.911423","-43.441578","america"
"705539787692834817","2016-03-03 23:46:08","-35.489792","-62.967304","america"
"705539812015665153","2016-03-03 23:46:14","-25.300264","-57.606018","america"
"705539815555510273","2016-03-03 23:46:14","42.449760","-87.828430","america"
"705539831808430080","2016-03-03 23:46:18","30.297863","-89.765518","america"
"705539842474553345","2016-03-03 23:46:21","40.040813","-83.143394","america"
"705539851563749380","2016-03-03 23:46:23","40.384560","-74.315025","america"
"705539858131865600","2016-03-03 23:46:25","42.515808","-92.519547","america"
"705539862653476865","2016-03-03 23:46:26","43.251900","-2.933167","america"
"705539908467716098","2016-03-03 23:46:37","30.450386","-91.152420","america"
"705539922300641281","2016-03-03 23:46:40","40.152740","-74.043060","america"
"705539941208563712","2016-03-03 23:46:44","33.638298","-117.972778","america"
"705539941770665985","2016-03-03 23:46:45","-25.273474","-56.978775","america"
"705539954676535297","2016-03-03 23:46:48","39.491009","-88.176559","america"
"705539960816975873","2016-03-03 23:46:49","33.767193","-84.433105","america"
"705540005251325952","2016-03-03 23:47:00","33.380672","-84.799660","america"
"705540015628091392","2016-03-03 23:47:02","6.693627","-1.612222","america"
"705540019126034432","2016-03-03 23:47:03","37.269176","-119.306610","america"
"705540038889644032","2016-03-03 23:47:08","32.819859","-96.761749","america"
"705540040517091328","2016-03-03 23:47:08","40.180935","-3.654526","america"
"705540063715848192","2016-03-03 23:47:14","-23.444183","-58.451706","america"
"705540083408101376","2016-03-03 23:47:18","27.698683","-83.804474","america"
"705540084397907968","2016-03-03 23:47:19","-26.966919","-48.771080","america"
"705540096380940289","2016-03-03 23:47:21","41.610004","-90.516335","america"
"705540097471614976","2016-03-03 23:47:22","8.421673","-80.095413","america"
"705540109404229632","2016-03-03 23:47:25","27.300764","-80.345261","america"
"705540131948593152","2016-03-03 23:47:30","33.295216","-111.738564","america"
"705540143118098433","2016-03-03 23:47:33","33.335438","-86.919029","america"
"705540162093248512","2016-03-03 23:47:37","-22.737225","-42.043358","america"
"705540182645276672","2016-03-03 23:47:42","36.802540","-76.069946","america"
"705540186378104833","2016-03-03 23:47:43","45.683105","-122.524330","america"
"705540187397316608","2016-03-03 23:47:43","34.021122","-118.396469","america"
"705540187762200576","2016-03-03 23:47:43","33.169907","-96.641724","america"
"705540223749513216","2016-03-03 23:47:52","40.073040","-74.724319","america"
"705540265130459136","2016-03-03 23:48:02","-3.854056","39.460266","america"
"705540278778638337","2016-03-03 23:48:05","38.610542","-90.337189","america"
"705540294620614656","2016-03-03 23:48:09","6.422820","-66.578926","america"
"705540297644756992","2016-03-03 23:48:09","-25.300264","-57.606018","america"
"705540311150411776","2016-03-03 23:48:13","-21.820473","-46.544743","america"
"705540320239423488","2016-03-03 23:48:15","-26.248436","-49.905003","america"
"705540327961026560","2016-03-03 23:48:17","38.846226","-77.306374","america"
"705540330721058816","2016-03-03 23:48:17","40.780708","-73.968544","america"
"705540342863429633","2016-03-03 23:48:20","26.721895","-80.122620","america"
"705540354754408448","2016-03-03 23:48:23","-23.682802","-46.595547","america"
"705540367123419136","2016-03-03 23:48:26","40.524776","-88.991531","america"
"705540373293232128","2016-03-03 23:48:27","35.645115","-97.457550","america"
"705540373444108288","2016-03-03 23:48:27","32.802956","-96.769920","america"
"705540374895337473","2016-03-03 23:48:28","47.762321","-122.205406","america"
"705540375176310784","2016-03-03 23:48:28","34.953033","-120.435722","america"
"705540376854048768","2016-03-03 23:48:28","42.449760","-87.828430","america"
"705540377311219712","2016-03-03 23:48:28","40.714352","-74.005974","america"
"705540397167017985","2016-03-03 23:48:33","33.809174","-118.156708","america"
"705540438640431104","2016-03-03 23:48:43","-25.300264","-57.606018","america"
"705540458366279681","2016-03-03 23:48:48","39.256248","-81.541702","america"
"705540462514274304","2016-03-03 23:48:49","29.496172","-82.961655","america"
"705540486749093888","2016-03-03 23:48:55","-22.911423","-43.441578","america"
"705540507003293696","2016-03-03 23:48:59","35.899937","139.467773","america"
"705540514343460864","2016-03-03 23:49:01","27.698683","-83.804474","america"
"705540516750848000","2016-03-03 23:49:02","32.237148","-80.860390","america"
"705540519481442304","2016-03-03 23:49:02","4.262284","-74.243668","america"
"705540561394991104","2016-03-03 23:49:12","30.393764","-91.094521","america"
"705540606039228416","2016-03-03 23:49:23","46.064583","-118.343018","america"
"705540620362711041","2016-03-03 23:49:26","36.090397","-79.857361","america"
"705540626524336129","2016-03-03 23:49:28","41.523914","-81.526527","america"
"705540631024832512","2016-03-03 23:49:29","35.843983","-78.657837","america"
"705540649446039552","2016-03-03 23:49:33","29.166073","-82.170563","america"
"705540655058030592","2016-03-03 23:49:35","41.878113","-87.629799","america"
"705540683864674305","2016-03-03 23:49:42","40.365162","-82.669464","america"
"705540684749500416","2016-03-03 23:49:42","39.580227","-105.131943","america"
"705540700708864002","2016-03-03 23:49:46","32.715328","-117.157257","america"
"705540704261554176","2016-03-03 23:49:46","-23.682802","-46.595547","america"
"705540706224336896","2016-03-03 23:49:47","33.842861","-117.851089","america"
"705540706291609601","2016-03-03 23:49:47","40.073040","-74.724319","america"
"705540730459000833","2016-03-03 23:49:53","37.269176","-119.306610","america"
"705540739397189633","2016-03-03 23:49:55","-23.710770","-46.422691","america"
"705540839905169408","2016-03-03 23:50:19","29.838495","-95.446487","america"
"705540841822097409","2016-03-03 23:50:19","-30.099836","-51.159309","america"
"705540869554712576","2016-03-03 23:50:26","37.100471","-84.084183","america"
"705540901943144449","2016-03-03 23:50:33","40.683277","-75.241943","america"
"705540960571297792","2016-03-03 23:50:47","28.013470","-82.694061","america"
"705540977382072320","2016-03-03 23:50:51","-22.066780","-42.923702","america"
"705540977646247936","2016-03-03 23:50:52","40.073040","-74.724319","america"
"705540978476711936","2016-03-03 23:50:52","-22.911423","-43.441578","america"
"705540988287238145","2016-03-03 23:50:54","51.385445","-0.252754","america"
"705540995711115264","2016-03-03 23:50:56","49.001541","2.099213","america"
"705541058361319425","2016-03-03 23:51:11","34.035343","-118.257004","america"
"705541068939354113","2016-03-03 23:51:13","44.428547","26.035069","america"
"705541072332722176","2016-03-03 23:51:14","-25.300264","-57.606018","america"
"705541089525104641","2016-03-03 23:51:18","53.558300","-1.472781","america"
"705541091953500160","2016-03-03 23:51:19","36.786041","-119.782463","america"
"705541099293687808","2016-03-03 23:51:21","-23.444183","-58.451706","america"
"705541119044497408","2016-03-03 23:51:25","26.721895","-80.122620","america"
"705541174933659649","2016-03-03 23:51:39","37.047920","138.931213","america"
"705541192293830657","2016-03-03 23:51:43","42.308346","0.314300","america"
"705541206701256705","2016-03-03 23:51:46","39.878448","-75.092674","america"
"705541210874601472","2016-03-03 23:51:47","30.448362","-91.154434","america"
"705541232525778944","2016-03-03 23:51:52","42.352787","-83.099289","america"
"705541241174421504","2016-03-03 23:51:54","39.404060","-84.560905","america"
"705541241715482624","2016-03-03 23:51:55","41.833584","-87.732010","america"
"705541247423946752","2016-03-03 23:51:56","27.875500","-82.255531","america"
"705541299567529988","2016-03-03 23:52:08","43.070198","-70.936600","america"
"705541315912716288","2016-03-03 23:52:12","-25.467714","-49.060215","america"
"705541320958468102","2016-03-03 23:52:13","38.805115","-77.236969","america"
"705541325748346881","2016-03-03 23:52:15","27.996595","-82.442696","america"
"705541327178563585","2016-03-03 23:52:15","40.073040","-74.724319","america"
"705541362326745088","2016-03-03 23:52:23","-27.382143","152.993195","america"
"705541382555967488","2016-03-03 23:52:28","-34.604317","-58.442642","america"
"705541411014369284","2016-03-03 23:52:35","-34.604317","-58.442642","america"
"705541437455073280","2016-03-03 23:52:41","29.838495","-95.446487","america"
"705541440856678401","2016-03-03 23:52:42","43.629311","-79.272568","america"
"705541444979666944","2016-03-03 23:52:43","32.810013","-117.104988","america"
"705541466735644672","2016-03-03 23:52:48","41.833584","-87.732010","america"
"705541473496911872","2016-03-03 23:52:50","36.802540","-76.069946","america"
"705541520821239808","2016-03-03 23:53:01","-34.996994","-58.395947","america"
"705541531810164736","2016-03-03 23:53:04","33.809174","-118.156708","america"
"705541540672765952","2016-03-03 23:53:06","41.479305","-73.213371","america"
"705541552316219392","2016-03-03 23:53:09","40.073040","-74.724319","america"
"705541631638802432","2016-03-03 23:53:27","37.770657","-122.435982","america"
"705541647308705792","2016-03-03 23:53:31","19.432837","-99.153366","america"
"705541678229094400","2016-03-03 23:53:39","38.561722","-121.469666","america"
"705541729651298304","2016-03-03 23:53:51","45.486294","-122.757721","america"
"705541752095117312","2016-03-03 23:53:56","40.073040","-74.724319","america"
"705541780578689026","2016-03-03 23:54:03","-22.710627","-47.794357","america"
"705541817329012736","2016-03-03 23:54:12","38.840279","-97.611427","america"
"705541840087425025","2016-03-03 23:54:17","27.698683","-83.804474","america"
"705541860031332352","2016-03-03 23:54:22","53.801956","-1.565490","america"
"705541864074522624","2016-03-03 23:54:23","30.450386","-91.152420","america"
"705541870118506497","2016-03-03 23:54:24","44.065620","-123.122398","america"
"705541881476812801","2016-03-03 23:54:27","41.626816","-79.676811","america"
"705541906235719680","2016-03-03 23:54:33","39.103119","-84.512016","america"
"705541906483290112","2016-03-03 23:54:33","55.001160","-1.521581","america"
"705541907607363584","2016-03-03 23:54:33","53.717190","27.978100","america"
"705541911260450816","2016-03-03 23:54:34","30.632416","-87.039688","america"
"705541929455460352","2016-03-03 23:54:38","-34.996994","-58.395947","america"
"705541931259052032","2016-03-03 23:54:39","50.501171","4.476773","america"
"705541938028552192","2016-03-03 23:54:41","41.264774","-96.246819","america"
"705541956080836609","2016-03-03 23:54:45","42.358433","-71.059776","america"
"705541957519593472","2016-03-03 23:54:45","42.352787","-83.099289","america"
"705541996975431680","2016-03-03 23:54:55","40.073040","-74.724319","america"
"705542000150450176","2016-03-03 23:54:55","42.896229","-78.853561","america"
"705542001173856257","2016-03-03 23:54:56","35.170498","-79.861031","america"
"705542008245510144","2016-03-03 23:54:57","38.430885","-81.476410","america"
"705542010128748544","2016-03-03 23:54:58","-12.991108","-38.499603","america"
"705542077136764930","2016-03-03 23:55:14","45.486294","-122.757721","america"
"705542090545975296","2016-03-03 23:55:17","37.681873","-121.768005","america"
"705542118685614080","2016-03-03 23:55:24","53.555820","-113.492615","america"
"705542137769807873","2016-03-03 23:55:28","-25.300264","-57.606018","america"
"705542144019173376","2016-03-03 23:55:30","39.977764","-105.131927","america"
"705542145067732992","2016-03-03 23:55:30","34.062027","-118.314873","america"
"705542146057605121","2016-03-03 23:55:30","33.809174","-118.156708","america"
"705542146653294592","2016-03-03 23:55:30","-23.444183","-58.451706","america"
"705542187195432960","2016-03-03 23:55:40","40.073040","-74.724319","america"
"705542203037372416","2016-03-03 23:55:44","40.780708","-73.968544","america"
"705542211195248640","2016-03-03 23:55:46","41.500751","-72.757385","america"
"705542247660433408","2016-03-03 23:55:54","26.511889","-78.639587","america"
"705542276991168512","2016-03-03 23:56:01","43.103081","-82.659096","america"
"705542285539192832","2016-03-03 23:56:03","19.326145","-99.605049","america"
"705542311082594304","2016-03-03 23:56:09","28.529140","-81.185066","america"
"705542314211610624","2016-03-03 23:56:10","-23.682802","-46.595547","america"
"705542324135272448","2016-03-03 23:56:13","-22.911423","-43.441578","america"
"705542329772298240","2016-03-03 23:56:14","42.433334","-122.833885","america"
"705542376282939392","2016-03-03 23:56:25","36.400551","-85.317612","america"
"705542450626977792","2016-03-03 23:56:43","40.755932","-73.989708","america"
"705542465097322496","2016-03-03 23:56:46","42.002876","-71.514786","america"
"705542472261308416","2016-03-03 23:56:48","-22.877447","-43.272804","america"
"705542494847639553","2016-03-03 23:56:53","-34.604317","-58.442642","america"
"705542498354069505","2016-03-03 23:56:54","-25.546591","-57.485180","america"
"705542513860485120","2016-03-03 23:56:58","-25.367058","-57.585175","america"
"705542514892083200","2016-03-03 23:56:58","34.050758","-117.263947","america"
"705542522471374848","2016-03-03 23:57:00","38.788460","-77.546463","america"
"705542542566227968","2016-03-03 23:57:05","-23.444183","-58.451706","america"
"705542557426520064","2016-03-03 23:57:08","33.335438","-86.919029","america"
"705542580742791168","2016-03-03 23:57:14","38.880844","-77.101997","america"
"705542583464759296","2016-03-03 23:57:14","41.403507","-81.832970","america"
"705542600304959488","2016-03-03 23:57:18","21.423676","-157.809570","america"
"705542623113646080","2016-03-03 23:57:24","-25.546591","-57.485180","america"
"705542628230606849","2016-03-03 23:57:25","-27.382143","152.993195","america"
"705542633972752385","2016-03-03 23:57:26","40.746380","-74.032257","america"
"705542640692031494","2016-03-03 23:57:28","33.917545","-118.395042","america"
"705542646857596928","2016-03-03 23:57:30","40.073040","-74.724319","america"
"705542661097127936","2016-03-03 23:57:33","38.808201","-77.611557","america"
"705542664620408833","2016-03-03 23:57:34","39.857082","-4.023889","america"
"705542677203386368","2016-03-03 23:57:37","27.698683","-83.804474","america"
"705542702817873920","2016-03-03 23:57:43","25.650288","-100.366035","america"
"705542736104038400","2016-03-03 23:57:51","27.698683","-83.804474","america"
"705542743523729409","2016-03-03 23:57:53","33.542236","-86.793915","america"
"705542744039694336","2016-03-03 23:57:53","-23.559381","-46.185715","america"
"705542744769310720","2016-03-03 23:57:53","33.452816","-112.359619","america"
"705542778827235328","2016-03-03 23:58:01","27.996595","-82.442696","america"
"705542782354481152","2016-03-03 23:58:02","40.166405","-74.087067","america"
"705542792454471680","2016-03-03 23:58:04","-34.604317","-58.442642","america"
"705542847114711040","2016-03-03 23:58:17","40.073040","-74.724319","america"
"705542896636862464","2016-03-03 23:58:29","22.321321","114.195885","america"
"705542913892089856","2016-03-03 23:58:33","45.522896","-122.989830","america"
"705542915242729473","2016-03-03 23:58:34","34.641365","-79.008888","america"
"705542921492238336","2016-03-03 23:58:35","32.678207","-83.173866","america"
"705542926722592769","2016-03-03 23:58:36","49.246986","28.477537","america"
"705542962839625728","2016-03-03 23:58:45","43.007397","-71.495239","america"
"705543004665151488","2016-03-03 23:58:55","34.020790","-118.411903","america"
"705543008414863361","2016-03-03 23:58:56","33.073734","-97.077042","america"
"705543019898875905","2016-03-03 23:58:58","37.269176","-119.306610","america"
"705543021438308352","2016-03-03 23:58:59","38.304558","-92.436775","america"
"705543053847699456","2016-03-03 23:59:07","47.481232","19.129827","america"
"705543075133853696","2016-03-03 23:59:12","40.073040","-74.724319","america"
"705543094574424064","2016-03-03 23:59:16","-23.557404","-46.661407","america"
"705543100437889024","2016-03-03 23:59:18","36.099861","-80.244217","america"
"705543127000461312","2016-03-03 23:59:24","33.809174","-118.156708","america"
"705543127453536256","2016-03-03 23:59:24","39.959930","-75.605774","america"
"705543156494761984","2016-03-03 23:59:31","39.456211","-77.963890","america"
"705543173372780544","2016-03-03 23:59:35","-22.932913","-42.829414","america"
"705543184328175616","2016-03-03 23:59:38","36.679867","-121.779625","america"
"705543206461550592","2016-03-03 23:59:43","47.273022","-120.882484","america"
"705543222387449856","2016-03-03 23:59:47","41.015942","-80.657593","america"
"705543224916635648","2016-03-03 23:59:47","38.752716","-76.992439","america"
"705543231224700929","2016-03-03 23:59:49","37.269176","-119.306610","america"
"705543238162255873","2016-03-03 23:59:50","-22.911423","-43.441578","america"
"705543238711521281","2016-03-03 23:59:51","24.639137","-101.554649","america"
"705543239835611136","2016-03-03 23:59:51","29.665785","-95.019371","america"
"705543249105182721","2016-03-03 23:59:53","39.959930","-75.605774","america"
"705543264284319746","2016-03-03 23:59:57","6.422820","-66.578926","america"
"706190875936698368","2016-03-05 18:53:19","26.149248","-97.911018","america"
"706190883054559234","2016-03-05 18:53:21","25.857733","-80.304665","america"
"706190883931164674","2016-03-05 18:53:21","35.409737","-78.738602","america"
"706190888406482945","2016-03-05 18:53:22","40.431389","-79.980690","america"
"706190919964307456","2016-03-05 18:53:30","19.259489","-99.417770","america"
"706191047047684096","2016-03-05 18:54:00","32.678207","-83.173866","america"
"706191098335465472","2016-03-05 18:54:12","28.774769","-100.607101","america"
"706191119424557056","2016-03-05 18:54:17","33.631142","-80.926628","america"
"706191196389900288","2016-03-05 18:54:36","30.665859","-96.347778","america"
"706191217789427716","2016-03-05 18:54:41","-22.869007","-43.761913","america"
"706191261867384832","2016-03-05 18:54:51","40.655136","-73.948776","america"
"706191273418473472","2016-03-05 18:54:54","41.833584","-87.732010","america"
"706191360018227200","2016-03-05 18:55:15","59.239731","15.285141","america"
"706191368083939329","2016-03-05 18:55:17","43.227570","-71.542564","america"
"706191424786731008","2016-03-05 18:55:30","51.514481","-0.092911","america"
"706191455124103170","2016-03-05 18:55:37","40.655136","-73.948776","america"
"706191593582239749","2016-03-05 18:56:10","41.887646","-88.304070","america"
"706191607364620288","2016-03-05 18:56:14","38.839901","-90.331085","america"
"706191626847145985","2016-03-05 18:56:18","34.932365","-120.419586","america"
"706191750398939137","2016-03-05 18:56:48","-15.306759","29.095331","america"
"706191802114531329","2016-03-05 18:57:00","42.449760","-87.828430","america"
"706191827800608768","2016-03-05 18:57:06","43.368881","-80.984344","america"
"706191898055188480","2016-03-05 18:57:23","33.577072","-84.343170","america"
"706191968985063424","2016-03-05 18:57:40","40.004868","-75.117996","america"
"706191988664770560","2016-03-05 18:57:45","43.555920","-79.640709","america"
"706192004338810880","2016-03-05 18:57:48","38.372288","-75.156822","america"
"706192043719184384","2016-03-05 18:57:58","35.058521","-89.692673","america"
"706192053265260544","2016-03-05 18:58:00","-31.848621","-52.555874","america"
"706192127626051584","2016-03-05 18:58:18","34.932365","-120.419586","america"
"706192218063659008","2016-03-05 18:58:39","39.006779","-76.779137","america"
"706192311332397057","2016-03-05 18:59:02","42.658424","-71.137001","america"
"706192343125401600","2016-03-05 18:59:09","51.500092","-0.148936","america"
"706192370434375680","2016-03-05 18:59:16","45.063728","-93.316254","america"
"706192423219757057","2016-03-05 18:59:28","33.577072","-84.343170","america"
"706192528924614656","2016-03-05 18:59:53","40.655136","-73.948776","america"
"706192578471960576","2016-03-05 19:00:05","40.655136","-73.948776","america"
"706192592921300992","2016-03-05 19:00:09","38.878708","-77.425156","america"
"706192636349169664","2016-03-05 19:00:19","40.655136","-73.948776","america"
"706192792096272384","2016-03-05 19:00:56","41.214169","-95.946388","america"
"706192826166599680","2016-03-05 19:01:04","53.931847","-1.207483","america"
"706192830037774336","2016-03-05 19:01:05","38.646992","-90.224968","america"
"706192950632521728","2016-03-05 19:01:34","45.001179","-86.270538","america"
"706193007998017536","2016-03-05 19:01:48","42.308346","0.314300","america"
"706193010438991872","2016-03-05 19:01:48","37.269176","-119.306610","america"
"706193112700313600","2016-03-05 19:02:13","47.762321","-122.205406","america"
"706193317277650947","2016-03-05 19:03:01","40.655136","-73.948776","america"
"706193329973628928","2016-03-05 19:03:04","25.723137","-80.201859","america"
"706193340346183680","2016-03-05 19:03:07","25.723137","-80.201859","america"
"706193341637984256","2016-03-05 19:03:07","25.723137","-80.201859","america"
"706193409115959297","2016-03-05 19:03:23","42.132694","-8.817979","america"
"706193428665671681","2016-03-05 19:03:28","37.683895","-97.343918","america"
"706193482386448389","2016-03-05 19:03:41","36.139526","-85.510208","america"
"706193583695507457","2016-03-05 19:04:05","37.386810","-122.075157","america"
"706193657121128448","2016-03-05 19:04:22","45.001179","-86.270538","america"
"706193678168158208","2016-03-05 19:04:27","41.614300","-72.749947","america"
"706193731263844353","2016-03-05 19:04:40","46.864445","-1.028672","america"
"706193789103296513","2016-03-05 19:04:54","40.655136","-73.948776","america"
"706193816135438337","2016-03-05 19:05:00","30.665859","-96.347778","america"
"706193821722288128","2016-03-05 19:05:02","42.331429","-83.045753","america"
"706193833915068416","2016-03-05 19:05:05","16.849339","-99.901398","america"
"706193995551121408","2016-03-05 19:05:43","43.227570","-71.542564","america"
"706194095476047873","2016-03-05 19:06:07","38.888519","-104.789330","america"
"706194107518083072","2016-03-05 19:06:10","32.678207","-83.173866","america"
"706194130104414208","2016-03-05 19:06:15","29.035797","-80.927139","america"
"706194156926816256","2016-03-05 19:06:22","33.384995","-84.757874","america"
"706194290335211520","2016-03-05 19:06:53","33.631142","-80.926628","america"
"706194299998883840","2016-03-05 19:06:56","35.058521","-89.692673","america"
"706194336342355968","2016-03-05 19:07:04","34.002380","-117.982368","america"
"706194394718801920","2016-03-05 19:07:18","28.588446","-81.197273","america"
"706194395058589697","2016-03-05 19:07:18","40.004868","-75.117996","america"
"706194396870365186","2016-03-05 19:07:19","33.392883","-111.928139","america"
"706194447860527104","2016-03-05 19:07:31","37.269176","-119.306610","america"
"706194502457782272","2016-03-05 19:07:44","41.198795","-104.825157","america"
"706194713213161472","2016-03-05 19:08:34","33.121483","-117.287926","america"
"706194732511207424","2016-03-05 19:08:39","38.441105","-89.913597","america"
"706194759648481280","2016-03-05 19:08:45","56.107647","-3.933591","america"
"706194870067564545","2016-03-05 19:09:12","34.052200","-118.242996","america"
"706194896281939968","2016-03-05 19:09:18","37.269176","-119.306610","america"
"706194906352517120","2016-03-05 19:09:20","30.001244","-90.178627","america"
"706194913881227265","2016-03-05 19:09:22","16.853640","-99.900078","america"
"706194942511546368","2016-03-05 19:09:29","19.259489","-99.417770","america"
