"705113663225487360","2016-03-02 19:32:52","47.907497","-97.065559","donald trump"
"705113723959164928","2016-03-02 19:33:06","40.670879","-73.831184","donald trump"
"705113750056017920","2016-03-02 19:33:13","36.184753","-115.061127","donald trump"
"705113775318265857","2016-03-02 19:33:19","23.625420","-102.558037","donald trump"
"705113840204144640","2016-03-02 19:33:34","33.405754","-111.737564","donald trump"
"705113878422663168","2016-03-02 19:33:43","33.689732","-117.782356","donald trump"
"705113900971397120","2016-03-02 19:33:49","57.102211","-2.268928","donald trump"
"705113916175749121","2016-03-02 19:33:52","44.523174","-88.008202","donald trump"
"705113929622622209","2016-03-02 19:33:55","-22.911423","-43.441578","donald trump"
"705113963034451974","2016-03-02 19:34:03","38.275276","24.508862","donald trump"
"705113969632088064","2016-03-02 19:34:05","43.294308","5.405274","donald trump"
"705114023159660544","2016-03-02 19:34:18","37.327278","-120.542427","donald trump"
"705114037156077568","2016-03-02 19:34:21","19.380613","-99.161484","donald trump"
"705114039324692480","2016-03-02 19:34:22","41.833584","-87.732010","donald trump"
"705114182535008256","2016-03-02 19:34:56","32.576225","-86.680740","donald trump"
"705114236389892098","2016-03-02 19:35:09","38.153194","-85.591042","donald trump"
"705114408607948801","2016-03-02 19:35:50","40.694424","-73.328529","donald trump"
"705114487494299648","2016-03-02 19:36:08","33.438736","-117.618622","donald trump"
"705114576086499328","2016-03-02 19:36:29","37.770657","-122.435982","donald trump"
"705114581102948352","2016-03-02 19:36:31","44.477840","-88.094360","donald trump"
"705114734530531328","2016-03-02 19:37:07","54.044098","-2.802780","donald trump"
"705114770249125888","2016-03-02 19:37:16","13.800121","-88.905922","donald trump"
"705114790943858688","2016-03-02 19:37:21","43.629311","-79.272568","donald trump"
"705114823290257408","2016-03-02 19:37:28","33.570526","-101.897171","donald trump"
"705114958573539328","2016-03-02 19:38:01","36.200008","-86.791550","donald trump"
"705114998796750848","2016-03-02 19:38:10","42.356117","-71.055252","donald trump"
"705115114001801217","2016-03-02 19:38:38","40.791359","-74.262993","donald trump"
"705115190103187456","2016-03-02 19:38:56","33.914066","-118.346138","donald trump"
"705115374552018946","2016-03-02 19:39:40","-23.863319","-46.290096","donald trump"
"705115407636561920","2016-03-02 19:39:48","37.269176","-119.306610","donald trump"
"705115616261369856","2016-03-02 19:40:37","32.364143","-86.244728","donald trump"
"705115648578326528","2016-03-02 19:40:45","38.502148","-117.022697","donald trump"
"705115657558466560","2016-03-02 19:40:47","38.181561","-83.434837","donald trump"
"705115705042022401","2016-03-02 19:40:59","33.914066","-118.346138","donald trump"
"705115737711575042","2016-03-02 19:41:06","40.848331","-73.972458","donald trump"
"705115835459903488","2016-03-02 19:41:30","33.767193","-84.433105","donald trump"
"705115839175987200","2016-03-02 19:41:31","43.056721","-87.967293","donald trump"
"705115841658892288","2016-03-02 19:41:31","30.323345","-97.754723","donald trump"
"705115860562780161","2016-03-02 19:41:36","53.257282","-6.174398","donald trump"
"705115875951640576","2016-03-02 19:41:39","40.472725","-86.142212","donald trump"
"705115974970839040","2016-03-02 19:42:03","37.055164","-76.399055","donald trump"
"705116011180269569","2016-03-02 19:42:12","52.084190","5.082767","donald trump"
"705116024136400896","2016-03-02 19:42:15","40.848331","-73.972458","donald trump"
"705116103115087872","2016-03-02 19:42:34","41.404949","-122.384415","donald trump"
"705116189912141825","2016-03-02 19:42:54","39.766556","-86.441238","donald trump"
"705116244349984769","2016-03-02 19:43:07","48.858833","2.347003","donald trump"
"705116394149400576","2016-03-02 19:43:43","47.273022","-120.882484","donald trump"
"705116426101592064","2016-03-02 19:43:51","34.071743","-117.700905","donald trump"
"705116438529449985","2016-03-02 19:43:54","-34.702244","-58.390118","donald trump"
"705116448226734080","2016-03-02 19:43:56","40.889954","-74.196869","donald trump"
"705116453301788672","2016-03-02 19:43:57","38.347485","-81.633705","donald trump"
"705116502480044033","2016-03-02 19:44:09","38.003376","-79.420868","donald trump"
"705116576748470272","2016-03-02 19:44:26","34.020790","-118.411903","donald trump"
"705116586550513666","2016-03-02 19:44:29","27.500591","-97.861885","donald trump"
"705116600735694849","2016-03-02 19:44:32","40.288826","-80.207733","donald trump"
"705116600861597700","2016-03-02 19:44:32","55.769283","-2.011525","donald trump"
"705116615071895552","2016-03-02 19:44:36","41.185673","-73.199120","donald trump"
"705116654578102278","2016-03-02 19:44:45","-26.918898","-48.951591","donald trump"
"705116691462819840","2016-03-02 19:44:54","55.890926","-3.060126","donald trump"
"705116737918918656","2016-03-02 19:45:05","29.838495","-95.446487","donald trump"
"705116770206687233","2016-03-02 19:45:13","39.702808","-84.254410","donald trump"
"705116776191791107","2016-03-02 19:45:14","41.833584","-87.732010","donald trump"
"705116851165073410","2016-03-02 19:45:32","33.956383","-83.399780","donald trump"
"705116877320642560","2016-03-02 19:45:38","29.838495","-95.446487","donald trump"
"705116944110907393","2016-03-02 19:45:54","41.696716","-71.508911","donald trump"
"705117090332676096","2016-03-02 19:46:29","27.698683","-83.804474","donald trump"
"705117183492366338","2016-03-02 19:46:51","39.830647","-82.939194","donald trump"
"705117438833201156","2016-03-02 19:47:52","-15.776254","-47.796623","donald trump"
"705117482244116481","2016-03-02 19:48:02","32.931835","-97.079651","donald trump"
"705117492927025152","2016-03-02 19:48:05","32.633766","-117.022461","donald trump"
"705117612892499968","2016-03-02 19:48:34","37.269176","-119.306610","donald trump"
"705117674414678016","2016-03-02 19:48:48","40.712265","-74.366325","donald trump"
"705117719964811266","2016-03-02 19:48:59","52.348103","4.848224","donald trump"
"705117941029801984","2016-03-02 19:49:52","43.217037","-2.831509","donald trump"
"705117970931040257","2016-03-02 19:49:59","42.313671","-71.088715","donald trump"
"705118004976156672","2016-03-02 19:50:07","43.294308","5.405274","donald trump"
"705118024760688640","2016-03-02 19:50:12","39.145023","-75.386459","donald trump"
"705118036492197888","2016-03-02 19:50:15","45.001179","-86.270538","donald trump"
"705118068574277632","2016-03-02 19:50:22","41.117935","-77.604683","donald trump"
"705118083501809665","2016-03-02 19:50:26","13.429071","-89.094376","donald trump"
"705118128502517760","2016-03-02 19:50:36","32.931835","-97.079651","donald trump"
"705118213026267140","2016-03-02 19:50:57","38.195557","-85.722343","donald trump"
"705118218029957120","2016-03-02 19:50:58","28.009443","-105.318687","donald trump"
"705118248644247554","2016-03-02 19:51:05","38.898602","-77.014397","donald trump"
"705118266667106304","2016-03-02 19:51:09","34.685825","-118.163277","donald trump"
"705118276976828416","2016-03-02 19:51:12","40.791359","-74.262993","donald trump"
"705118315077869568","2016-03-02 19:51:21","52.304993","1.239064","donald trump"
"705118349051691009","2016-03-02 19:51:29","-17.746071","-48.612122","donald trump"
"705118354957144064","2016-03-02 19:51:30","30.339111","-95.328972","donald trump"
"705118408254291968","2016-03-02 19:51:43","39.788284","-86.250343","donald trump"
"705118557638504448","2016-03-02 19:52:19","18.327080","-65.646942","donald trump"
"705118629088526336","2016-03-02 19:52:36","34.020790","-118.411903","donald trump"
"705118703583559680","2016-03-02 19:52:54","32.779968","-97.285912","donald trump"
"705118759342583808","2016-03-02 19:53:07","37.331158","-121.873734","donald trump"
"705118891194892288","2016-03-02 19:53:38","41.003994","-75.178848","donald trump"
"705119064524509185","2016-03-02 19:54:20","42.836784","-88.737663","donald trump"
"705119164931969026","2016-03-02 19:54:44","39.788284","-86.250343","donald trump"
"705119262944284672","2016-03-02 19:55:07","39.100048","-94.559280","donald trump"
"705119371962642432","2016-03-02 19:55:33","34.087009","-118.369644","donald trump"
"705119385984356353","2016-03-02 19:55:36","39.145023","-75.386459","donald trump"
"705119414362869760","2016-03-02 19:55:43","43.211765","-77.572456","donald trump"
"705119414987857921","2016-03-02 19:55:43","30.937336","-91.401009","donald trump"
"705119480050008067","2016-03-02 19:55:59","43.629311","-79.272568","donald trump"
"705119585952002049","2016-03-02 19:56:24","28.329306","-80.622673","donald trump"
"705119597435838464","2016-03-02 19:56:27","52.760197","-108.283653","donald trump"
"705119605807849476","2016-03-02 19:56:29","42.675011","-82.807854","donald trump"
"705119629480468481","2016-03-02 19:56:34","40.365162","-82.669464","donald trump"
"705119630407311360","2016-03-02 19:56:35","37.269176","-119.306610","donald trump"
"705119636195549184","2016-03-02 19:56:36","41.833584","-87.732010","donald trump"
"705119722803625984","2016-03-02 19:56:57","29.959518","-90.205063","donald trump"
"705119749676539904","2016-03-02 19:57:03","45.530781","-122.935532","donald trump"
"705119860855054336","2016-03-02 19:57:29","45.400852","-74.093666","donald trump"
"705119992677834752","2016-03-02 19:58:01","53.801956","-1.565490","donald trump"
"705120013557088256","2016-03-02 19:58:06","41.453960","-82.099228","donald trump"
"705120105424932864","2016-03-02 19:58:28","60.159470","25.018623","donald trump"
"705120197968060418","2016-03-02 19:58:50","43.534199","-80.240128","donald trump"
"705120230742302725","2016-03-02 19:58:58","40.052158","-77.524223","donald trump"
"705120308378931200","2016-03-02 19:59:16","51.508114","-3.586890","donald trump"
"705120318759768064","2016-03-02 19:59:19","38.898602","-77.014397","donald trump"
"705120416554217473","2016-03-02 19:59:42","42.478737","-70.966858","donald trump"
"705120429170671616","2016-03-02 19:59:45","40.793995","-81.461586","donald trump"
"705120461718482945","2016-03-02 19:59:53","41.117935","-77.604683","donald trump"
"705120482572394496","2016-03-02 19:59:58","-45.640511","170.243683","donald trump"
"705120529766858753","2016-03-02 20:00:09","51.195690","-1.750722","donald trump"
"705120546497896448","2016-03-02 20:00:13","33.497715","-86.974113","donald trump"
"705120557210083328","2016-03-02 20:00:16","33.688046","-117.197083","donald trump"
"705120624482631681","2016-03-02 20:00:32","35.847420","-86.409607","donald trump"
"705120628873912321","2016-03-02 20:00:33","32.415051","-99.750557","donald trump"
"705120927978094592","2016-03-02 20:01:44","-45.640511","170.243683","donald trump"
"705120942708555776","2016-03-02 20:01:47","29.417501","-98.540649","donald trump"
"705120975579439109","2016-03-02 20:01:55","57.646343","-3.314440","donald trump"
"705121027572043776","2016-03-02 20:02:08","34.090092","-118.386009","donald trump"
"705121033188155393","2016-03-02 20:02:09","40.365162","-82.669464","donald trump"
"705121039660015616","2016-03-02 20:02:11","38.003468","-87.574692","donald trump"
"705121056785342464","2016-03-02 20:02:15","53.909252","-9.420337","donald trump"
"705121101249060865","2016-03-02 20:02:25","40.654190","-111.897224","donald trump"
"705121107930513408","2016-03-02 20:02:27","34.181957","-119.165390","donald trump"
"705121232551845892","2016-03-02 20:02:57","39.779564","-86.142921","donald trump"
"705121259068076032","2016-03-02 20:03:03","33.784916","-116.979454","donald trump"
"705121296649056256","2016-03-02 20:03:12","-37.972569","145.053131","donald trump"
"705121377905324032","2016-03-02 20:03:31","38.759220","-90.198219","donald trump"
"705121409354235904","2016-03-02 20:03:39","19.432837","-99.153366","donald trump"
"705121493483585536","2016-03-02 20:03:59","36.060963","-115.135162","donald trump"
"705121493617917952","2016-03-02 20:03:59","25.707439","-80.407425","donald trump"
"705121585049571328","2016-03-02 20:04:21","27.698683","-83.804474","donald trump"
"705121647116709888","2016-03-02 20:04:35","33.430737","-94.097252","donald trump"
"705121678821629952","2016-03-02 20:04:43","40.001339","-74.188034","donald trump"
"705121733393698816","2016-03-02 20:04:56","39.385738","-76.704369","donald trump"
"705121745196425216","2016-03-02 20:04:59","37.637009","-77.467728","donald trump"
"705121815182487552","2016-03-02 20:05:15","30.180117","-85.679016","donald trump"
"705121856785932288","2016-03-02 20:05:25","42.956413","-85.641144","donald trump"
"705121875215650816","2016-03-02 20:05:30","40.783539","-77.858109","donald trump"
"705121938385928192","2016-03-02 20:05:45","29.982601","-90.011009","donald trump"
"705122009387294720","2016-03-02 20:06:02","48.882000","2.420726","donald trump"
"705122017314344961","2016-03-02 20:06:04","41.117935","-77.604683","donald trump"
"705122048117510144","2016-03-02 20:06:11","55.827545","-4.062400","donald trump"
"705122106317656064","2016-03-02 20:06:25","27.698683","-83.804474","donald trump"
"705122229416235008","2016-03-02 20:06:54","27.698683","-83.804474","donald trump"
"705122273016029184","2016-03-02 20:07:05","39.766556","-86.441238","donald trump"
"705122290317414401","2016-03-02 20:07:09","38.003376","-79.420868","donald trump"
"705122348106694656","2016-03-02 20:07:22","51.499928","-0.124057","donald trump"
"705122527576719363","2016-03-02 20:08:05","40.155457","-76.599335","donald trump"
"705122579539849216","2016-03-02 20:08:18","41.724808","-87.826744","donald trump"
"705122620577062912","2016-03-02 20:08:27","41.021320","29.005222","donald trump"
"705122682229002240","2016-03-02 20:08:42","43.057037","-77.641937","donald trump"
"705122743994417152","2016-03-02 20:08:57","28.826912","-17.846880","donald trump"
"705122750843621376","2016-03-02 20:08:59","39.014858","-94.279121","donald trump"
"705122751619702784","2016-03-02 20:08:59","35.214386","-88.236206","donald trump"
"705122768027783168","2016-03-02 20:09:03","59.369923","18.011038","donald trump"
"705122829080109056","2016-03-02 20:09:17","52.847092","-2.298134","donald trump"
"705122838441811969","2016-03-02 20:09:19","32.576225","-86.680740","donald trump"
"705122865037897728","2016-03-02 20:09:26","41.021320","29.005222","donald trump"
"705123023356043265","2016-03-02 20:10:03","42.419201","-70.996330","donald trump"
"705123036719136768","2016-03-02 20:10:07","-26.046583","-60.895737","donald trump"
"705123072727080960","2016-03-02 20:10:15","37.269176","-119.306610","donald trump"
"705123098618515456","2016-03-02 20:10:21","49.137310","-121.951256","donald trump"
"705123201530118144","2016-03-02 20:10:46","33.663944","-83.986862","donald trump"
"705123211680165888","2016-03-02 20:10:48","35.482845","-97.552162","donald trump"
"705123301903847424","2016-03-02 20:11:10","33.825081","-116.517288","donald trump"
"705123343628902400","2016-03-02 20:11:20","26.150368","-80.149170","donald trump"
"705123385920069633","2016-03-02 20:11:30","40.766621","-74.030319","donald trump"
"705123555449548801","2016-03-02 20:12:10","39.766556","-86.441238","donald trump"
"705123715802124288","2016-03-02 20:12:49","41.244205","-75.875778","donald trump"
"705123737171939328","2016-03-02 20:12:54","33.825081","-116.517288","donald trump"
"705123816955998208","2016-03-02 20:13:13","27.698683","-83.804474","donald trump"
"705123825474740224","2016-03-02 20:13:15","33.631142","-80.926628","donald trump"
"705123852414820352","2016-03-02 20:13:21","32.582630","-83.641197","donald trump"
"705123915358670848","2016-03-02 20:13:36","42.308346","0.314300","donald trump"
"705123942206455808","2016-03-02 20:13:43","40.339115","-78.922897","donald trump"
"705124011546509313","2016-03-02 20:13:59","33.825081","-116.517288","donald trump"
"705124013798862849","2016-03-02 20:14:00","47.905972","-122.274055","donald trump"
"705124228887134210","2016-03-02 20:14:51","53.354900","-6.247621","donald trump"
"705124370323152896","2016-03-02 20:15:25","36.654839","-93.266251","donald trump"
"705124383354912770","2016-03-02 20:15:28","40.078526","-74.074852","donald trump"
"705124387536683008","2016-03-02 20:15:29","40.339115","-78.922897","donald trump"
"705124447548608512","2016-03-02 20:15:43","37.269176","-119.306610","donald trump"
"705124518398922752","2016-03-02 20:16:00","43.352070","-73.646828","donald trump"
"705124699269783552","2016-03-02 20:16:43","37.269176","-119.306610","donald trump"
"705124758694842368","2016-03-02 20:16:57","40.524776","-88.991531","donald trump"
"705124867335520256","2016-03-02 20:17:23","30.083158","-95.990173","donald trump"
"705124979101343744","2016-03-02 20:17:50","43.056721","-87.967293","donald trump"
"705125059015217155","2016-03-02 20:18:09","38.304558","-92.436775","donald trump"
"705125175814000640","2016-03-02 20:18:37","38.839901","-90.331085","donald trump"
"705125265958014976","2016-03-02 20:18:58","32.939598","-97.221367","donald trump"
"705125277777592320","2016-03-02 20:19:01","33.809174","-118.156708","donald trump"
"705125298648522752","2016-03-02 20:19:06","32.678207","-83.173866","donald trump"
"705125334677594112","2016-03-02 20:19:15","38.898602","-77.014397","donald trump"
"705125375223865344","2016-03-02 20:19:24","32.779968","-97.285912","donald trump"
"705125448221646849","2016-03-02 20:19:42","27.698683","-83.804474","donald trump"
"705125527812775936","2016-03-02 20:20:01","58.602379","16.579006","donald trump"
"705125545709797376","2016-03-02 20:20:05","-0.101692","34.745483","donald trump"
"705125593977896961","2016-03-02 20:20:16","52.493965","-1.890640","donald trump"
"705125719383404544","2016-03-02 20:20:46","32.678207","-83.173866","donald trump"
"705125843509645312","2016-03-02 20:21:16","48.775845","9.182932","donald trump"
"705125846856699904","2016-03-02 20:21:17","40.703541","-73.708748","donald trump"
"705125881937670144","2016-03-02 20:21:25","40.102242","-74.946404","donald trump"
"705125940234334208","2016-03-02 20:21:39","33.617638","-117.874031","donald trump"
"705125996698046464","2016-03-02 20:21:52","30.323345","-97.754723","donald trump"
"705126000947019776","2016-03-02 20:21:53","62.660271","17.885090","donald trump"
"705126025865388032","2016-03-02 20:21:59","42.308346","0.314300","donald trump"
"705126289171202048","2016-03-02 20:23:02","39.532318","-76.345413","donald trump"
"705126300621672448","2016-03-02 20:23:05","26.533485","-80.112900","donald trump"
"705126418028601344","2016-03-02 20:23:33","26.533485","-80.112900","donald trump"
"705126565517107200","2016-03-02 20:24:08","37.369659","-81.095810","donald trump"
"705126566104326146","2016-03-02 20:24:08","27.698683","-83.804474","donald trump"
"705126601701400576","2016-03-02 20:24:17","28.588446","-81.197273","donald trump"
"705126602691190784","2016-03-02 20:24:17","51.013260","-3.104083","donald trump"
"705126627085152257","2016-03-02 20:24:23","41.117935","-77.604683","donald trump"
"705126747394740224","2016-03-02 20:24:51","42.308346","0.314300","donald trump"
"705126763710562304","2016-03-02 20:24:55","53.906040","-6.395643","donald trump"
"705126978534281217","2016-03-02 20:25:46","33.552864","-112.124680","donald trump"
"705126985236787200","2016-03-02 20:25:48","30.323345","-97.754723","donald trump"
"705127388296974338","2016-03-02 20:27:24","41.117935","-77.604683","donald trump"
"705127839255830528","2016-03-02 20:29:12","40.716698","-74.000015","donald trump"
"705127860697243649","2016-03-02 20:29:17","40.780708","-73.968544","donald trump"
"705127918570045440","2016-03-02 20:29:31","38.578632","-121.528038","donald trump"
"705127944692375552","2016-03-02 20:29:37","35.209061","-80.846786","donald trump"
"705128083360227329","2016-03-02 20:30:10","26.331722","-80.258141","donald trump"
"705128088389050368","2016-03-02 20:30:11","39.779564","-86.142921","donald trump"
"705128129983959040","2016-03-02 20:30:21","33.061241","-96.734901","donald trump"
"705128167883841536","2016-03-02 20:30:30","37.552483","-122.315422","donald trump"
"705128172422037505","2016-03-02 20:30:31","38.003376","-79.420868","donald trump"
"705128224527933440","2016-03-02 20:30:44","40.655136","-73.948776","donald trump"
"705128242869501953","2016-03-02 20:30:48","33.547672","-117.775185","donald trump"
"705128283998965760","2016-03-02 20:30:58","37.822243","-85.768242","donald trump"
"705128306232832000","2016-03-02 20:31:03","29.993183","-95.259529","donald trump"
"705128490950139904","2016-03-02 20:31:47","40.339115","-78.922897","donald trump"
"705128545752711168","2016-03-02 20:32:00","34.000126","-117.412407","donald trump"
"705128570897764354","2016-03-02 20:32:06","43.353149","-5.881200","donald trump"
"705128703660068864","2016-03-02 20:32:38","41.360840","-82.114380","donald trump"
"705128710899236868","2016-03-02 20:32:39","32.475780","-96.965584","donald trump"
"705128748954292226","2016-03-02 20:32:49","44.941517","-93.105652","donald trump"
"705128799956922369","2016-03-02 20:33:01","31.793367","-106.417427","donald trump"
"705128801156464640","2016-03-02 20:33:01","37.775970","-122.410721","donald trump"
"705128901228392448","2016-03-02 20:33:25","33.392883","-111.928139","donald trump"
"705128968249286656","2016-03-02 20:33:41","41.021320","29.005222","donald trump"
"705129070946684928","2016-03-02 20:34:05","34.020790","-118.411903","donald trump"
"705129072691703808","2016-03-02 20:34:06","62.660271","17.885090","donald trump"
"705129115268063232","2016-03-02 20:34:16","39.145023","-75.386459","donald trump"
"705129168976019458","2016-03-02 20:34:29","34.721886","-92.342323","donald trump"
"705129173480771586","2016-03-02 20:34:30","40.339115","-78.922897","donald trump"
"705129308386402305","2016-03-02 20:35:02","34.134613","-84.316444","donald trump"
"705129351277203457","2016-03-02 20:35:12","36.319485","-119.319527","donald trump"
"705129467463786496","2016-03-02 20:35:40","41.899532","-71.079041","donald trump"
"705129570442334208","2016-03-02 20:36:04","39.421989","-76.797218","donald trump"
"705129578780491776","2016-03-02 20:36:06","38.502148","-117.022697","donald trump"
"705129669025206272","2016-03-02 20:36:28","43.352070","-73.646828","donald trump"
"705129688436445184","2016-03-02 20:36:33","51.776512","19.454477","donald trump"
"705129707679965186","2016-03-02 20:36:37","43.880695","-79.299675","donald trump"
"705129763535523840","2016-03-02 20:36:50","50.820091","-0.499693","donald trump"
"705129770380632064","2016-03-02 20:36:52","41.021320","29.005222","donald trump"
"705129988786356224","2016-03-02 20:37:44","41.117935","-77.604683","donald trump"
"705130004116611073","2016-03-02 20:37:48","40.705597","-73.977715","donald trump"
"705130072672489474","2016-03-02 20:38:04","52.092735","4.414034","donald trump"
"705130224619544576","2016-03-02 20:38:40","45.657581","9.963601","donald trump"
"705130257624514560","2016-03-02 20:38:48","25.699448","-80.271088","donald trump"
"705130313085820928","2016-03-02 20:39:01","41.392658","2.141227","donald trump"
"705130348829679616","2016-03-02 20:39:10","41.602520","-71.950325","donald trump"
"705130367880138753","2016-03-02 20:39:15","58.602379","16.579006","donald trump"
"705130431184633856","2016-03-02 20:39:30","44.895222","-93.360603","donald trump"
"705130488222978048","2016-03-02 20:39:43","18.163317","-93.706192","donald trump"
"705130497945415680","2016-03-02 20:39:46","31.547449","-97.169159","donald trump"
"705130534565838848","2016-03-02 20:39:54","33.631142","-80.926628","donald trump"
"705130558679031808","2016-03-02 20:40:00","39.779564","-86.142921","donald trump"
"705130619995611137","2016-03-02 20:40:15","48.378281","-71.124054","donald trump"
"705130658105057282","2016-03-02 20:40:24","6.441531","3.501846","donald trump"
"705130734650945537","2016-03-02 20:40:42","31.168894","-100.076889","donald trump"
"705130794432352256","2016-03-02 20:40:56","25.558992","-97.547394","donald trump"
"705130803567591424","2016-03-02 20:40:58","42.352787","-83.099289","donald trump"
"705130826963558400","2016-03-02 20:41:04","26.156618","-80.294891","donald trump"
"705130881581617152","2016-03-02 20:41:17","28.969862","-111.498184","donald trump"
"705130916251770880","2016-03-02 20:41:25","30.323345","-97.754723","donald trump"
"705131048217120768","2016-03-02 20:41:57","34.020790","-118.411903","donald trump"
"705131048607346688","2016-03-02 20:41:57","32.678207","-83.173866","donald trump"
"705131096288067584","2016-03-02 20:42:08","32.819859","-96.761749","donald trump"
"705131285950427137","2016-03-02 20:42:53","-15.745668","-48.291668","donald trump"
"705131403374157830","2016-03-02 20:43:21","51.903862","-9.033307","donald trump"
"705131455429615616","2016-03-02 20:43:34","33.456505","-88.821686","donald trump"
"705131460777414657","2016-03-02 20:43:35","-34.819748","-56.229889","donald trump"
"705131490569428992","2016-03-02 20:43:42","28.546120","-81.590347","donald trump"
"705131492477947904","2016-03-02 20:43:43","28.588446","-81.197273","donald trump"
"705131530201473024","2016-03-02 20:43:52","40.655136","-73.948776","donald trump"
"705131565773246464","2016-03-02 20:44:00","45.248791","-75.800140","donald trump"
"705131626129326080","2016-03-02 20:44:15","34.097698","-117.386642","donald trump"
"705131639660150784","2016-03-02 20:44:18","30.323345","-97.754723","donald trump"
"705131682408615939","2016-03-02 20:44:28","34.694000","-82.961166","donald trump"
"705131748607324160","2016-03-02 20:44:44","25.596807","-80.385750","donald trump"
"705131813576929280","2016-03-02 20:44:59","32.939598","-97.221367","donald trump"
"705131861513793536","2016-03-02 20:45:11","33.950634","-83.999207","donald trump"
"705132006364061697","2016-03-02 20:45:45","39.779564","-86.142921","donald trump"
"705132031194304513","2016-03-02 20:45:51","37.822243","-85.768242","donald trump"
"705132101033570304","2016-03-02 20:46:08","42.356117","-71.055252","donald trump"
"705132165395312640","2016-03-02 20:46:23","32.678207","-83.173866","donald trump"
"705132341119709184","2016-03-02 20:47:05","31.168894","-100.076889","donald trump"
"705132665733816320","2016-03-02 20:48:22","36.060963","-115.135162","donald trump"
"705132725154414592","2016-03-02 20:48:37","36.331345","-119.637154","donald trump"
"705132760822755328","2016-03-02 20:48:45","32.725197","-116.891441","donald trump"
"705132947909705728","2016-03-02 20:49:30","37.269176","-119.306610","donald trump"
"705132969183150081","2016-03-02 20:49:35","36.200008","-86.791550","donald trump"
"705132988422623232","2016-03-02 20:49:39","42.562580","20.902069","donald trump"
"705133000313458688","2016-03-02 20:49:42","40.020443","-74.807518","donald trump"
"705133137223811072","2016-03-02 20:50:15","33.978668","-118.247910","donald trump"
"705133166495924226","2016-03-02 20:50:22","40.103176","-75.204750","donald trump"
"705133250637746177","2016-03-02 20:50:42","34.020790","-118.411903","donald trump"
"705133275510153218","2016-03-02 20:50:48","39.256092","-76.462250","donald trump"
"705133277334675458","2016-03-02 20:50:48","60.454216","15.399735","donald trump"
"705133344686788608","2016-03-02 20:51:04","33.542236","-86.793915","donald trump"
"705133497141186560","2016-03-02 20:51:41","31.547449","-97.169159","donald trump"
"705133504821108736","2016-03-02 20:51:42","41.202316","-79.368332","donald trump"
"705133528275677188","2016-03-02 20:51:48","40.670879","-73.831184","donald trump"
"705133628217372673","2016-03-02 20:52:12","23.625420","-102.558037","donald trump"
"705133663441317891","2016-03-02 20:52:20","51.093269","4.372881","donald trump"
"705133728138469376","2016-03-02 20:52:36","37.822243","-85.768242","donald trump"
"705133768583938049","2016-03-02 20:52:45","37.396854","-122.081444","donald trump"
"705133803241508864","2016-03-02 20:52:54","34.020790","-118.411903","donald trump"
"705133843653791746","2016-03-02 20:53:03","50.402214","-4.142930","donald trump"
"705133885596762112","2016-03-02 20:53:13","40.073040","-74.724319","donald trump"
"705133983625969664","2016-03-02 20:53:37","30.459101","-91.090797","donald trump"
"705134244285304832","2016-03-02 20:54:39","41.656590","-83.574669","donald trump"
"705134254359883776","2016-03-02 20:54:41","42.352787","-83.099289","donald trump"
"705134261343367168","2016-03-02 20:54:43","33.202496","-97.114769","donald trump"
"705134271455821824","2016-03-02 20:54:45","34.020790","-118.411903","donald trump"
"705134288501645312","2016-03-02 20:54:49","40.017059","-82.641624","donald trump"
"705134337713262592","2016-03-02 20:55:01","32.819859","-96.761749","donald trump"
"705134362023432192","2016-03-02 20:55:07","26.204792","-80.230637","donald trump"
"705134478751109121","2016-03-02 20:55:35","43.880695","-79.299675","donald trump"
"705134532094091264","2016-03-02 20:55:47","30.297863","-89.765518","donald trump"
"705134562167357440","2016-03-02 20:55:55","46.508934","10.282452","donald trump"
"705134610192080896","2016-03-02 20:56:06","31.168894","-100.076889","donald trump"
"705134639887851521","2016-03-02 20:56:13","38.003376","-79.420868","donald trump"
"705134659722674176","2016-03-02 20:56:18","52.493965","-1.890640","donald trump"
"705134931782070272","2016-03-02 20:57:23","32.678207","-83.173866","donald trump"
"705134955873996800","2016-03-02 20:57:28","32.701851","-97.135635","donald trump"
"705134966376542209","2016-03-02 20:57:31","31.168894","-100.076889","donald trump"
"705134982461857792","2016-03-02 20:57:35","42.746616","-75.770042","donald trump"
"705135014166585349","2016-03-02 20:57:42","40.860508","-73.219589","donald trump"
"705135058743590913","2016-03-02 20:57:53","41.975101","-88.078255","donald trump"
"705135081761873921","2016-03-02 20:57:58","39.407242","-76.456650","donald trump"
"705135108034945024","2016-03-02 20:58:05","26.347525","-98.152420","donald trump"
"705135120571768833","2016-03-02 20:58:08","36.039307","-95.770195","donald trump"
"705135170106470400","2016-03-02 20:58:19","37.269176","-119.306610","donald trump"
"705135185705226240","2016-03-02 20:58:23","38.805115","-77.236969","donald trump"
"705135248254836736","2016-03-02 20:58:38","41.021320","29.005222","donald trump"
"705135347005427712","2016-03-02 20:59:02","32.924259","-96.544441","donald trump"
"705135593467027456","2016-03-02 21:00:00","40.780708","-73.968544","donald trump"
"705135627830820864","2016-03-02 21:00:09","47.614819","-122.330605","donald trump"
"705135827429543936","2016-03-02 21:00:56","46.204758","6.143025","donald trump"
"705135894647476224","2016-03-02 21:01:12","43.666180","10.362974","donald trump"
"705136131759689728","2016-03-02 21:02:09","25.781116","-80.192398","donald trump"
"705136135568232449","2016-03-02 21:02:10","26.027889","-80.327995","donald trump"
"705136152949321732","2016-03-02 21:02:14","47.614819","-122.330605","donald trump"
"705136249602834432","2016-03-02 21:02:37","41.888046","-87.626266","donald trump"
"705136312953602048","2016-03-02 21:02:52","33.435299","-112.659042","donald trump"
"705136401201786880","2016-03-02 21:03:13","41.275723","-96.053429","donald trump"
"705136543418195968","2016-03-02 21:03:47","32.678207","-83.173866","donald trump"
"705136614809452544","2016-03-02 21:04:04","52.354729","4.904054","donald trump"
"705136680546729984","2016-03-02 21:04:20","33.842861","-117.851089","donald trump"
"705136693582540801","2016-03-02 21:04:23","30.323345","-97.754723","donald trump"
"705136709747478528","2016-03-02 21:04:27","26.204792","-80.230637","donald trump"
"705136794808029189","2016-03-02 21:04:47","32.678207","-83.173866","donald trump"
"705136871219732480","2016-03-02 21:05:05","33.692543","-117.998734","donald trump"
"705136880657022976","2016-03-02 21:05:07","32.678207","-83.173866","donald trump"
"705136977692200960","2016-03-02 21:05:30","34.733891","-87.649002","donald trump"
"705137029902897153","2016-03-02 21:05:43","44.970612","-93.262047","donald trump"
"705137195711987717","2016-03-02 21:06:22","33.825081","-116.517288","donald trump"
"705137199860174848","2016-03-02 21:06:23","33.552864","-112.124680","donald trump"
"705137241245425665","2016-03-02 21:06:33","47.119286","-122.296280","donald trump"
"705137259352207360","2016-03-02 21:06:38","34.020790","-118.411903","donald trump"
"705137354428837888","2016-03-02 21:07:00","29.525946","-81.219177","donald trump"
"705137368395882496","2016-03-02 21:07:04","36.789673","-3.839038","donald trump"
"705137427824783360","2016-03-02 21:07:18","32.655678","-97.011169","donald trump"
"705137472578199552","2016-03-02 21:07:28","29.525946","-81.219177","donald trump"
"705137559727423489","2016-03-02 21:07:49","29.525946","-81.219177","donald trump"
"705137597228535808","2016-03-02 21:07:58","18.384167","-66.058365","donald trump"
"705137598214356992","2016-03-02 21:07:58","39.629314","-79.943840","donald trump"
"705137612927967232","2016-03-02 21:08:02","32.678207","-83.173866","donald trump"
"705137637032632320","2016-03-02 21:08:08","42.562580","20.902069","donald trump"
"705137753336336384","2016-03-02 21:08:35","34.121670","-117.562157","donald trump"
"705137786488279041","2016-03-02 21:08:43","37.144669","-8.227668","donald trump"
"705137824115367936","2016-03-02 21:08:52","51.611885","-0.210895","donald trump"
"705137897364701184","2016-03-02 21:09:10","32.678207","-83.173866","donald trump"
"705137984060919808","2016-03-02 21:09:30","51.755398","-3.382406","donald trump"
"705137993124749313","2016-03-02 21:09:33","40.465878","-88.374565","donald trump"
"705138057276760065","2016-03-02 21:09:48","45.001179","-86.270538","donald trump"
"705138083751133184","2016-03-02 21:09:54","41.450874","-82.702766","donald trump"
"705138086313852928","2016-03-02 21:09:55","52.901505","-2.143485","donald trump"
"705138155310194688","2016-03-02 21:10:11","32.678207","-83.173866","donald trump"
"705138192417218562","2016-03-02 21:10:20","38.956604","35.243221","donald trump"
"705138227636772865","2016-03-02 21:10:28","33.691372","-86.613579","donald trump"
"705138260150910976","2016-03-02 21:10:36","43.469303","-70.794769","donald trump"
"705138310398746624","2016-03-02 21:10:48","39.387714","-76.444969","donald trump"
"705138358347911168","2016-03-02 21:11:00","35.830521","-85.978600","donald trump"
"705138406901334016","2016-03-02 21:11:11","38.884281","-77.171997","donald trump"
"705138511888969729","2016-03-02 21:11:36","27.698683","-83.804474","donald trump"
"705138630994440192","2016-03-02 21:12:05","37.414371","-122.144028","donald trump"
"705138679065485312","2016-03-02 21:12:16","32.678207","-83.173866","donald trump"
"705138710363271169","2016-03-02 21:12:24","29.838495","-95.446487","donald trump"
"705138782803255298","2016-03-02 21:12:41","27.698683","-83.804474","donald trump"
"705138893713182722","2016-03-02 21:13:07","32.678207","-83.173866","donald trump"
"705138921131397124","2016-03-02 21:13:14","35.861904","-84.180557","donald trump"
"705138988294668288","2016-03-02 21:13:30","41.938229","-93.389862","donald trump"
"705139011099045888","2016-03-02 21:13:35","33.030083","-97.103142","donald trump"
"705139017742884864","2016-03-02 21:13:37","38.996971","-76.934486","donald trump"
"705139041457598464","2016-03-02 21:13:42","27.698683","-83.804474","donald trump"
"705139084788764672","2016-03-02 21:13:53","38.852600","-77.301910","donald trump"
"705139219476443136","2016-03-02 21:14:25","53.354900","-6.247621","donald trump"
"705139224991952898","2016-03-02 21:14:26","42.712048","-84.557899","donald trump"
"705139434715549696","2016-03-02 21:15:16","33.292747","-111.751411","donald trump"
"705139467430920192","2016-03-02 21:15:24","29.838495","-95.446487","donald trump"
"705139511152418816","2016-03-02 21:15:34","37.229290","-80.428864","donald trump"
"705139550889361408","2016-03-02 21:15:44","28.374332","-81.349739","donald trump"
"705139643872899074","2016-03-02 21:16:06","52.335030","4.991277","donald trump"
"705139825784045572","2016-03-02 21:16:49","26.078171","-80.285187","donald trump"
"705139897527640064","2016-03-02 21:17:07","38.768703","-77.096207","donald trump"
"705139916288757760","2016-03-02 21:17:11","40.780708","-73.968544","donald trump"
"705139991500840960","2016-03-02 21:17:29","30.585470","-96.291649","donald trump"
"705140167846146048","2016-03-02 21:18:11","46.597515","-112.021042","donald trump"
"705140467541942273","2016-03-02 21:19:22","38.768703","-77.096207","donald trump"
"705140478682009600","2016-03-02 21:19:25","55.759464","-4.186460","donald trump"
"705140483413008384","2016-03-02 21:19:26","38.898602","-77.014397","donald trump"
"705140530062045184","2016-03-02 21:19:37","40.352707","-75.988449","donald trump"
"705140615063863296","2016-03-02 21:19:58","38.577702","-90.431740","donald trump"
"705140677747875840","2016-03-02 21:20:13","43.724972","-79.759590","donald trump"
"705140690943123458","2016-03-02 21:20:16","33.248882","-84.273140","donald trump"
"705140704767377408","2016-03-02 21:20:19","10.700476","-61.211784","donald trump"
"705140779535106049","2016-03-02 21:20:37","38.498196","-98.319923","donald trump"
"705140903908937728","2016-03-02 21:21:07","41.434971","-88.193291","donald trump"
"705140937341714432","2016-03-02 21:21:15","42.675011","-82.807854","donald trump"
"705140986972921856","2016-03-02 21:21:26","51.768265","0.106737","donald trump"
"705141171715239937","2016-03-02 21:22:10","41.207829","-73.126205","donald trump"
"705141290556641281","2016-03-02 21:22:39","53.354900","-6.247621","donald trump"
"705141313801289729","2016-03-02 21:22:44","38.735863","-90.299507","donald trump"
"705141397863731200","2016-03-02 21:23:04","41.765617","-72.680969","donald trump"
"705141422840741889","2016-03-02 21:23:10","32.678207","-83.173866","donald trump"
"705141433704050688","2016-03-02 21:23:13","43.629311","-79.272568","donald trump"
"705141456118218752","2016-03-02 21:23:18","36.060963","-115.135162","donald trump"
"705141549785554944","2016-03-02 21:23:41","-39.793453","-67.350525","donald trump"
"705141694237384704","2016-03-02 21:24:15","40.004868","-75.117996","donald trump"
"705141768908578818","2016-03-02 21:24:33","40.780708","-73.968544","donald trump"
"705141815880478721","2016-03-02 21:24:44","36.786041","-119.782463","donald trump"
"705141816274849792","2016-03-02 21:24:44","28.923580","-81.930153","donald trump"
"705141919844675584","2016-03-02 21:25:09","41.564259","-93.774757","donald trump"
"705141982419615744","2016-03-02 21:25:24","29.120222","-82.160866","donald trump"
"705142018872360961","2016-03-02 21:25:32","40.004868","-75.117996","donald trump"
"705142121821396992","2016-03-02 21:25:57","29.838495","-95.446487","donald trump"
"705142140641234945","2016-03-02 21:26:01","37.467453","-105.884155","donald trump"
"705142172530679808","2016-03-02 21:26:09","48.858833","2.347003","donald trump"
"705142202796793860","2016-03-02 21:26:16","38.898602","-77.014397","donald trump"
"705142228780523520","2016-03-02 21:26:22","41.513683","-84.295486","donald trump"
"705142291913121796","2016-03-02 21:26:37","29.120222","-82.160866","donald trump"
"705142361869815810","2016-03-02 21:26:54","48.088757","-122.164528","donald trump"
"705142379099992064","2016-03-02 21:26:58","33.809174","-118.156708","donald trump"
"705142450613063680","2016-03-02 21:27:15","39.766556","-86.441238","donald trump"
"705142529746931712","2016-03-02 21:27:34","-23.682802","-46.595547","donald trump"
"705142576425230337","2016-03-02 21:27:45","38.997936","-105.550888","donald trump"
"705142767161319424","2016-03-02 21:28:31","29.120222","-82.160866","donald trump"
"705142802703740928","2016-03-02 21:28:39","41.647354","-91.537064","donald trump"
"705142881980440577","2016-03-02 21:28:58","42.146816","-83.260796","donald trump"
"705142966478905344","2016-03-02 21:29:18","36.090397","-79.857361","donald trump"
"705142970136326144","2016-03-02 21:29:19","10.454924","-64.173828","donald trump"
"705142984472276992","2016-03-02 21:29:23","29.989243","-97.863457","donald trump"
"705143113149509632","2016-03-02 21:29:53","38.347485","-81.633705","donald trump"
"705143149828710400","2016-03-02 21:30:02","-19.918692","-43.959824","donald trump"
"705143170464555008","2016-03-02 21:30:07","38.759487","-9.231559","donald trump"
"705143284209836032","2016-03-02 21:30:34","37.985661","-121.796448","donald trump"
"705143286319591424","2016-03-02 21:30:35","42.332127","-72.672722","donald trump"
"705143309925117952","2016-03-02 21:30:40","47.614819","-122.330605","donald trump"
"705143447020122112","2016-03-02 21:31:13","30.297131","-91.240318","donald trump"
"705143472592916480","2016-03-02 21:31:19","32.678207","-83.173866","donald trump"
"705143686762532864","2016-03-02 21:32:10","41.055016","-83.633904","donald trump"
"705143859660132353","2016-03-02 21:32:51","39.779564","-86.142921","donald trump"
"705143916484390912","2016-03-02 21:33:05","41.500729","-99.680901","donald trump"
"705143990870532097","2016-03-02 21:33:23","30.180117","-85.679016","donald trump"
"705144014937391106","2016-03-02 21:33:28","33.204315","-87.534904","donald trump"
"705144134726594560","2016-03-02 21:33:57","32.678207","-83.173866","donald trump"
"705144138287681536","2016-03-02 21:33:58","40.004868","-75.117996","donald trump"
"705144162950189056","2016-03-02 21:34:04","39.457638","-87.382057","donald trump"
"705144202670301185","2016-03-02 21:34:13","39.604309","-82.932854","donald trump"
"705144248413192193","2016-03-02 21:34:24","29.700397","-95.658066","donald trump"
"705144265924440064","2016-03-02 21:34:28","18.199755","-66.583626","donald trump"
"705144335306625024","2016-03-02 21:34:45","36.074776","-119.029137","donald trump"
"705144381825658880","2016-03-02 21:34:56","42.045437","-87.699196","donald trump"
"705144395742498816","2016-03-02 21:34:59","32.678207","-83.173866","donald trump"
"705144431351955456","2016-03-02 21:35:08","-37.972569","145.053131","donald trump"
"705144448682991616","2016-03-02 21:35:12","-32.532928","-55.781277","donald trump"
"705144513740742659","2016-03-02 21:35:27","37.705044","-122.162292","donald trump"
"705144515179520000","2016-03-02 21:35:28","29.120222","-82.160866","donald trump"
"705144531130392576","2016-03-02 21:35:31","42.308296","-85.226921","donald trump"
"705144571278303232","2016-03-02 21:35:41","44.371262","-79.674843","donald trump"
"705144624667611136","2016-03-02 21:35:54","38.304558","-92.436775","donald trump"
"705144654845468672","2016-03-02 21:36:01","-33.848244","150.931976","donald trump"
"705144786785669120","2016-03-02 21:36:32","34.020790","-118.411903","donald trump"
"705144892859686912","2016-03-02 21:36:58","45.683105","-122.524330","donald trump"
"705144961360990209","2016-03-02 21:37:14","18.199755","-66.583626","donald trump"
"705145062003494913","2016-03-02 21:37:38","-33.823410","18.496117","donald trump"
"705145085566935040","2016-03-02 21:37:44","36.530724","-86.035309","donald trump"
"705145288059711490","2016-03-02 21:38:32","33.950634","-83.999207","donald trump"
"705145431609757696","2016-03-02 21:39:06","-23.392080","-46.453907","donald trump"
"705145448969990145","2016-03-02 21:39:10","35.847420","-86.409607","donald trump"
"705145487750537217","2016-03-02 21:39:19","35.864742","127.774719","donald trump"
"705145570772525058","2016-03-02 21:39:39","23.895048","53.655708","donald trump"
"705145590129238016","2016-03-02 21:39:44","40.860508","-73.219589","donald trump"
"705145635037646848","2016-03-02 21:39:55","35.170498","-79.861031","donald trump"
"705145647868059654","2016-03-02 21:39:58","35.209061","-80.846786","donald trump"
"705145687369854976","2016-03-02 21:40:07","31.168894","-100.076889","donald trump"
"705145710036033536","2016-03-02 21:40:12","39.284714","-76.620483","donald trump"
"705145806840532999","2016-03-02 21:40:35","34.125607","-83.587730","donald trump"
"705145875647975424","2016-03-02 21:40:52","41.172207","-111.948723","donald trump"
"705145888839225345","2016-03-02 21:40:55","51.903862","-9.033307","donald trump"
"705145945739104257","2016-03-02 21:41:09","40.860508","-73.219589","donald trump"
"705146018208358401","2016-03-02 21:41:26","32.678207","-83.173866","donald trump"
"705146056959401984","2016-03-02 21:41:35","44.903381","-93.085510","donald trump"
"705146209133064193","2016-03-02 21:42:11","54.275127","-0.416380","donald trump"
"705146317190897664","2016-03-02 21:42:37","52.232834","21.061790","donald trump"
"705146327894634497","2016-03-02 21:42:40","42.489525","-71.159386","donald trump"
"705146405791404036","2016-03-02 21:42:58","28.085863","-82.746849","donald trump"
"705146418856484864","2016-03-02 21:43:01","30.323345","-97.754723","donald trump"
"705146607939903488","2016-03-02 21:43:46","26.111549","-98.244080","donald trump"
"705146614789181440","2016-03-02 21:43:48","18.199755","-66.583626","donald trump"
"705146699497512960","2016-03-02 21:44:08","40.734493","-74.184845","donald trump"
"705146780258844672","2016-03-02 21:44:28","41.674541","-86.153145","donald trump"
"705146869324845056","2016-03-02 21:44:49","36.965672","-86.435509","donald trump"
"705147025097105408","2016-03-02 21:45:26","35.133522","-89.922028","donald trump"
"705147046420852736","2016-03-02 21:45:31","19.432837","-99.153366","donald trump"
"705147084026961920","2016-03-02 21:45:40","29.993183","-95.259529","donald trump"
"705147131414323202","2016-03-02 21:45:51","25.985174","-80.162125","donald trump"
"705147153769996288","2016-03-02 21:45:57","42.478737","-70.966858","donald trump"
"705147171495141376","2016-03-02 21:46:01","39.421989","-76.797218","donald trump"
"705147209512124416","2016-03-02 21:46:10","39.100048","-94.559280","donald trump"
"705147306560114689","2016-03-02 21:46:33","30.180117","-85.679016","donald trump"
"705147397983313921","2016-03-02 21:46:55","45.461346","9.159337","donald trump"
"705147473916928000","2016-03-02 21:47:13","30.323345","-97.754723","donald trump"
"705147495790329857","2016-03-02 21:47:18","39.284714","-76.620483","donald trump"
"705147501423292416","2016-03-02 21:47:20","30.180117","-85.679016","donald trump"
"705147509761564673","2016-03-02 21:47:21","52.626263","-1.130670","donald trump"
"705147807326318592","2016-03-02 21:48:32","36.195690","-119.340256","donald trump"
"705147808668655621","2016-03-02 21:48:33","26.533485","-80.112900","donald trump"
"705147897126457345","2016-03-02 21:48:54","-23.682802","-46.595547","donald trump"
"705147952206123008","2016-03-02 21:49:07","27.698683","-83.804474","donald trump"
"705147975660609536","2016-03-02 21:49:13","40.780708","-73.968544","donald trump"
"705148055096578048","2016-03-02 21:49:32","39.779564","-86.142921","donald trump"
"705148079654244352","2016-03-02 21:49:37","37.529884","-77.493172","donald trump"
"705148104635490305","2016-03-02 21:49:43","30.575418","-97.414543","donald trump"
"705148184352333824","2016-03-02 21:50:02","37.031967","-95.633522","donald trump"
"705148232712609792","2016-03-02 21:50:14","39.407242","-76.456650","donald trump"
"705148261468778496","2016-03-02 21:50:21","34.127415","-116.334877","donald trump"
"705148371137245185","2016-03-02 21:50:47","30.323345","-97.754723","donald trump"
"705148495397838849","2016-03-02 21:51:16","39.994682","-82.985771","donald trump"
"705148568215093249","2016-03-02 21:51:34","32.529987","-83.692467","donald trump"
"705148842266763265","2016-03-02 21:52:39","38.003376","-79.420868","donald trump"
"705148932666613760","2016-03-02 21:53:01","30.374510","-81.710670","donald trump"
"705148990199721984","2016-03-02 21:53:14","42.480206","-83.029472","donald trump"
"705148992733081600","2016-03-02 21:53:15","43.104679","-88.495804","donald trump"
"705149012538728453","2016-03-02 21:53:20","32.678207","-83.173866","donald trump"
"705149029274013696","2016-03-02 21:53:24","48.886581","2.508433","donald trump"
"705149045686325249","2016-03-02 21:53:28","41.117935","-77.604683","donald trump"
"705149159737679872","2016-03-02 21:53:55","45.630589","-122.588974","donald trump"
"705149168369672192","2016-03-02 21:53:57","40.855511","-74.126999","donald trump"
"705149260900274176","2016-03-02 21:54:19","53.801956","-1.565490","donald trump"
"705149435240513536","2016-03-02 21:55:01","-36.595730","174.856247","donald trump"
"705149442521853953","2016-03-02 21:55:02","25.032631","-101.166962","donald trump"
"705149522045833216","2016-03-02 21:55:21","40.115631","-111.642982","donald trump"
"705149524034121728","2016-03-02 21:55:22","41.387089","-83.645805","donald trump"
"705149583781924865","2016-03-02 21:55:36","32.678207","-83.173866","donald trump"
"705149646058946560","2016-03-02 21:55:51","51.348976","-0.673528","donald trump"
"705149655290490880","2016-03-02 21:55:53","43.859043","-92.488564","donald trump"
"705149706553262080","2016-03-02 21:56:05","36.232147","-115.301392","donald trump"
"705149708428300288","2016-03-02 21:56:06","40.431389","-79.980690","donald trump"
"705149712219840514","2016-03-02 21:56:07","32.678207","-83.173866","donald trump"
"705149740103630848","2016-03-02 21:56:13","32.678207","-83.173866","donald trump"
"705149750870290433","2016-03-02 21:56:16","33.663929","-95.548218","donald trump"
"705149787599933441","2016-03-02 21:56:25","52.112942","4.644970","donald trump"
"705149813457821697","2016-03-02 21:56:31","40.780708","-73.968544","donald trump"
"705149878574391297","2016-03-02 21:56:46","30.180117","-85.679016","donald trump"
"705149878880571392","2016-03-02 21:56:46","40.776825","-73.946800","donald trump"
"705149921100324865","2016-03-02 21:56:56","29.838495","-95.446487","donald trump"
"705149924632039424","2016-03-02 21:56:57","32.678207","-83.173866","donald trump"
"705150189258969088","2016-03-02 21:58:00","45.630589","-122.588974","donald trump"
"705150243097030656","2016-03-02 21:58:13","35.401981","-80.631134","donald trump"
"705150284255903745","2016-03-02 21:58:23","51.390064","-0.278464","donald trump"
"705150518759432192","2016-03-02 21:59:19","42.589264","-87.883408","donald trump"
"705150527772958720","2016-03-02 21:59:21","40.780708","-73.968544","donald trump"
"705150635482685441","2016-03-02 21:59:47","32.230988","-90.158020","donald trump"
"705150744857423873","2016-03-02 22:00:13","30.083158","-95.990173","donald trump"
"705150846879727617","2016-03-02 22:00:37","37.269176","-119.306610","donald trump"
"705150892660563968","2016-03-02 22:00:48","40.248646","-111.671791","donald trump"
"705151033534771200","2016-03-02 22:01:22","52.220451","0.511578","donald trump"
"705151133212344320","2016-03-02 22:01:45","50.151924","-5.074048","donald trump"
"705151185313861632","2016-03-02 22:01:58","39.117756","-90.335999","donald trump"
"705151239609143296","2016-03-02 22:02:11","33.306190","-111.678787","donald trump"
"705151246802489348","2016-03-02 22:02:12","39.738033","-75.594109","donald trump"
"705151301567455232","2016-03-02 22:02:26","47.680321","-122.201904","donald trump"
"705151303668916224","2016-03-02 22:02:26","35.170498","-79.861031","donald trump"
"705151321670885377","2016-03-02 22:02:30","57.739452","-4.200441","donald trump"
"705151334014590976","2016-03-02 22:02:33","33.138741","-117.166817","donald trump"
"705151391233396737","2016-03-02 22:02:47","39.738033","-75.594109","donald trump"
"705151398216929280","2016-03-02 22:02:49","38.003468","-87.574692","donald trump"
"705151527263068161","2016-03-02 22:03:19","40.670879","-73.831184","donald trump"
"705151598264102912","2016-03-02 22:03:36","33.392883","-111.928139","donald trump"
"705151629662756864","2016-03-02 22:03:44","53.447208","-2.729830","donald trump"
"705151723233525760","2016-03-02 22:04:06","41.817085","-71.421829","donald trump"
"705151780624191488","2016-03-02 22:04:20","41.501461","-75.559410","donald trump"
"705151809007054850","2016-03-02 22:04:27","53.863766","-1.908617","donald trump"
"705151816732835840","2016-03-02 22:04:28","30.323345","-97.754723","donald trump"
"705151835636523009","2016-03-02 22:04:33","34.020790","-118.411903","donald trump"
"705151850283139072","2016-03-02 22:04:36","41.304005","2.031446","donald trump"
"705151855295205376","2016-03-02 22:04:38","48.760555","-91.621811","donald trump"
"705151859514851330","2016-03-02 22:04:39","51.385445","-0.252754","donald trump"
"705151916981014529","2016-03-02 22:04:52","39.137039","-84.539810","donald trump"
"705151919199801344","2016-03-02 22:04:53","38.703259","-76.618935","donald trump"
"705151988187668481","2016-03-02 22:05:09","50.831341","-0.390041","donald trump"
"705152006445363200","2016-03-02 22:05:14","33.392883","-111.928139","donald trump"
"705152025839996929","2016-03-02 22:05:18","40.588623","-73.669449","donald trump"
"705152043716050946","2016-03-02 22:05:22","53.757782","-2.996768","donald trump"
"705152080843898880","2016-03-02 22:05:31","44.746674","-93.202438","donald trump"
"705152133876817921","2016-03-02 22:05:44","51.156822","-0.966888","donald trump"
"705152195566501888","2016-03-02 22:05:59","31.789669","-115.229179","donald trump"
"705152319193804804","2016-03-02 22:06:28","40.780708","-73.968544","donald trump"
"705152369865179136","2016-03-02 22:06:40","39.963760","-85.950050","donald trump"
"705152382888501249","2016-03-02 22:06:43","39.145023","-75.386459","donald trump"
"705152558223003649","2016-03-02 22:07:25","-23.682802","-46.595547","donald trump"
"705152571644747777","2016-03-02 22:07:28","25.825644","-80.369156","donald trump"
"705152602393153536","2016-03-02 22:07:36","40.780708","-73.968544","donald trump"
"705152607522664448","2016-03-02 22:07:37","33.138741","-117.166817","donald trump"
"705152657233547265","2016-03-02 22:07:49","40.798599","-73.971832","donald trump"
"705152666695913472","2016-03-02 22:07:51","40.798599","-73.971832","donald trump"
"705152731183382528","2016-03-02 22:08:06","35.309048","-98.716995","donald trump"
"705152745091829761","2016-03-02 22:08:10","40.004868","-75.117996","donald trump"
"705152752578633728","2016-03-02 22:08:11","38.323746","-85.822784","donald trump"
"705152768286322688","2016-03-02 22:08:15","30.180117","-85.679016","donald trump"
"705152810694742017","2016-03-02 22:08:25","43.629311","-79.272568","donald trump"
"705152878814613505","2016-03-02 22:08:42","41.117935","-77.604683","donald trump"
"705152922359881729","2016-03-02 22:08:52","51.611885","-0.210895","donald trump"
"705152934879895552","2016-03-02 22:08:55","40.625275","-75.367195","donald trump"
"705152938365194240","2016-03-02 22:08:56","35.182751","-111.635147","donald trump"
"705152947869630465","2016-03-02 22:08:58","32.678207","-83.173866","donald trump"
"705152980937547779","2016-03-02 22:09:06","41.817085","-71.421829","donald trump"
"705152984502706181","2016-03-02 22:09:07","40.393757","-80.037598","donald trump"
"705153030145105920","2016-03-02 22:09:18","41.117935","-77.604683","donald trump"
"705153050768494592","2016-03-02 22:09:23","40.365162","-82.669464","donald trump"
"705153076131405824","2016-03-02 22:09:29","40.365162","-82.669464","donald trump"
"705153111027896320","2016-03-02 22:09:37","40.107483","-88.279221","donald trump"
"705153111359406080","2016-03-02 22:09:37","37.395477","-87.759705","donald trump"
"705153243689529344","2016-03-02 22:10:09","41.248341","-77.063164","donald trump"
"705153249666572290","2016-03-02 22:10:10","35.401981","-80.631134","donald trump"
"705153256171945985","2016-03-02 22:10:12","32.770073","-80.007370","donald trump"
"705153266884157440","2016-03-02 22:10:14","47.999008","7.842104","donald trump"
"705153322760540161","2016-03-02 22:10:27","30.476215","-84.266174","donald trump"
"705153583801573379","2016-03-02 22:11:30","42.907207","-78.748398","donald trump"
"705153639090929664","2016-03-02 22:11:43","43.593853","-84.772179","donald trump"
"705153659215204353","2016-03-02 22:11:48","53.841190","-3.032089","donald trump"
"705153708238245888","2016-03-02 22:11:59","53.679886","9.372680","donald trump"
"705153776315793408","2016-03-02 22:12:16","34.108162","-117.462700","donald trump"
"705153981576781824","2016-03-02 22:13:04","41.837269","-87.951950","donald trump"
"705154005781999616","2016-03-02 22:13:10","37.770657","-122.435982","donald trump"
"705154016171298816","2016-03-02 22:13:13","31.168894","-100.076889","donald trump"
"705154035381309440","2016-03-02 22:13:17","39.994682","-82.985771","donald trump"
"705154046001283072","2016-03-02 22:13:20","32.571033","-89.876450","donald trump"
"705154067560067072","2016-03-02 22:13:25","40.278782","-74.713585","donald trump"
"705154095296819200","2016-03-02 22:13:32","43.057037","-77.641937","donald trump"
"705154126280175616","2016-03-02 22:13:39","31.793367","-106.417427","donald trump"
"705154139827867649","2016-03-02 22:13:42","51.464687","-0.070603","donald trump"
"705154170270019584","2016-03-02 22:13:49","38.586506","-90.351700","donald trump"
"705154183931043842","2016-03-02 22:13:53","41.961044","-72.558685","donald trump"
"705154221176324096","2016-03-02 22:14:02","43.629311","-79.272568","donald trump"
"705154256626708480","2016-03-02 22:14:10","35.170498","-79.861031","donald trump"
"705154337199276032","2016-03-02 22:14:29","28.047907","-82.018967","donald trump"
"705154528111259648","2016-03-02 22:15:15","37.894741","-122.122833","donald trump"
"705154720307003392","2016-03-02 22:16:01","53.419880","-2.915427","donald trump"
"705154771225694208","2016-03-02 22:16:13","47.725227","-122.138870","donald trump"
"705154789173235712","2016-03-02 22:16:17","33.767193","-84.433105","donald trump"
"705154829472153600","2016-03-02 22:16:27","37.683895","-97.343918","donald trump"
"705154833590915072","2016-03-02 22:16:28","40.780708","-73.968544","donald trump"
"705154870488137728","2016-03-02 22:16:36","34.020790","-118.411903","donald trump"
"705154934463963137","2016-03-02 22:16:52","51.903862","-9.033307","donald trump"
"705154980311920640","2016-03-02 22:17:03","32.770073","-80.007370","donald trump"
"705154988855656448","2016-03-02 22:17:05","34.118084","-83.996735","donald trump"
"705154992122892288","2016-03-02 22:17:05","29.838495","-95.446487","donald trump"
"705155109844590594","2016-03-02 22:17:33","40.655136","-73.948776","donald trump"
"705155113497722880","2016-03-02 22:17:34","35.843983","-78.657837","donald trump"
"705155123358601216","2016-03-02 22:17:37","7.429075","3.905296","donald trump"
"705155124381941760","2016-03-02 22:17:37","31.168894","-100.076889","donald trump"
"705155187044966403","2016-03-02 22:17:52","44.900818","-89.569489","donald trump"
"705155255038771200","2016-03-02 22:18:08","42.588661","-83.375267","donald trump"
"705155396084899840","2016-03-02 22:18:42","40.319904","-3.893226","donald trump"
"705155400446836736","2016-03-02 22:18:43","39.100048","-94.559280","donald trump"
"705155408810401792","2016-03-02 22:18:45","-15.776254","-47.796623","donald trump"
"705155502217400322","2016-03-02 22:19:07","30.585470","-96.291649","donald trump"
"705155529568604160","2016-03-02 22:19:14","51.540855","-0.666223","donald trump"
"705155612435468288","2016-03-02 22:19:33","28.143459","-80.593773","donald trump"
"705155636384833536","2016-03-02 22:19:39","43.057037","-77.641937","donald trump"
"705155740688732160","2016-03-02 22:20:04","37.641270","-122.085777","donald trump"
"705155858917781504","2016-03-02 22:20:32","41.117935","-77.604683","donald trump"
"705155975905419266","2016-03-02 22:21:00","31.940075","-81.314896","donald trump"
"705155993659899905","2016-03-02 22:21:04","43.629311","-79.272568","donald trump"
"705156035627986944","2016-03-02 22:21:14","28.818811","-81.646873","donald trump"
"705156058818486272","2016-03-02 22:21:20","51.457878","-2.585390","donald trump"
"705156096915345409","2016-03-02 22:21:29","40.365162","-82.669464","donald trump"
"705156301471481856","2016-03-02 22:22:18","38.898602","-77.014397","donald trump"
"705156345138286593","2016-03-02 22:22:28","29.838495","-95.446487","donald trump"
"705156364008488960","2016-03-02 22:22:33","28.818811","-81.646873","donald trump"
"705156419025313794","2016-03-02 22:22:46","26.150368","-80.149170","donald trump"
"705156424683405312","2016-03-02 22:22:47","52.264820","-2.155945","donald trump"
"705156468039745536","2016-03-02 22:22:57","34.706028","-86.611412","donald trump"
"705156489850191872","2016-03-02 22:23:03","-6.244585","106.809174","donald trump"
"705156505352474629","2016-03-02 22:23:06","33.956383","-83.399780","donald trump"
"705156597819936768","2016-03-02 22:23:28","28.818811","-81.646873","donald trump"
"705156706406248449","2016-03-02 22:23:54","28.818811","-81.646873","donald trump"
"705156763402833920","2016-03-02 22:24:08","36.200008","-86.791550","donald trump"
"705156767437692929","2016-03-02 22:24:09","27.698683","-83.804474","donald trump"
"705156793090101248","2016-03-02 22:24:15","55.914043","-3.108865","donald trump"
"705156873364889600","2016-03-02 22:24:34","43.698441","-70.351509","donald trump"
"705157021306257408","2016-03-02 22:25:09","28.818811","-81.646873","donald trump"
"705157039790510081","2016-03-02 22:25:14","30.180117","-85.679016","donald trump"
"705157242857742336","2016-03-02 22:26:02","35.482845","-97.552162","donald trump"
"705157308507029504","2016-03-02 22:26:18","28.818811","-81.646873","donald trump"
"705157309257936896","2016-03-02 22:26:18","38.880844","-77.101997","donald trump"
"705157328836960260","2016-03-02 22:26:23","34.050259","-81.145035","donald trump"
"705157381878059008","2016-03-02 22:26:35","42.036938","-71.683502","donald trump"
"705157426874437632","2016-03-02 22:26:46","39.727936","-84.047554","donald trump"
"705157474056163328","2016-03-02 22:26:57","34.168255","-111.931709","donald trump"
"705157522278129664","2016-03-02 22:27:09","40.716698","-74.000015","donald trump"
"705157546089140224","2016-03-02 22:27:14","41.748497","-88.161324","donald trump"
"705157551264919552","2016-03-02 22:27:16","29.838495","-95.446487","donald trump"
"705157740264443904","2016-03-02 22:28:01","28.818811","-81.646873","donald trump"
"705157811156729856","2016-03-02 22:28:18","43.629311","-79.272568","donald trump"
"705157838885265408","2016-03-02 22:28:24","52.626953","-2.192807","donald trump"
"705157915385040896","2016-03-02 22:28:42","28.818811","-81.646873","donald trump"
"705157990081409024","2016-03-02 22:29:00","28.818811","-81.646873","donald trump"
"705158044947255296","2016-03-02 22:29:13","-14.905224","-43.000244","donald trump"
"705158141730791424","2016-03-02 22:29:36","37.269176","-119.306610","donald trump"
"705158175142510592","2016-03-02 22:29:44","28.818811","-81.646873","donald trump"
"705158205148631040","2016-03-02 22:29:51","40.625275","-75.367195","donald trump"
"705158242670759936","2016-03-02 22:30:00","29.838495","-95.446487","donald trump"
"705158263768125440","2016-03-02 22:30:05","28.818811","-81.646873","donald trump"
"705158273373044736","2016-03-02 22:30:08","-37.972569","145.053131","donald trump"
"705158320395571200","2016-03-02 22:30:19","41.061558","-80.051735","donald trump"
"705158336019353602","2016-03-02 22:30:23","41.117935","-77.604683","donald trump"
"705158383054106624","2016-03-02 22:30:34","28.818811","-81.646873","donald trump"
"705158399324004352","2016-03-02 22:30:38","54.595867","-5.928413","donald trump"
"705158455963684864","2016-03-02 22:30:51","28.818811","-81.646873","donald trump"
"705158493154766848","2016-03-02 22:31:00","52.626953","-2.192807","donald trump"
"705158536737632256","2016-03-02 22:31:11","28.818811","-81.646873","donald trump"
"705158577153966080","2016-03-02 22:31:20","43.724972","-79.759590","donald trump"
"705158593599840256","2016-03-02 22:31:24","28.818811","-81.646873","donald trump"
"705158605738270720","2016-03-02 22:31:27","63.182632","10.298989","donald trump"
"705158613438889985","2016-03-02 22:31:29","33.295216","-111.738564","donald trump"
"705158738668290048","2016-03-02 22:31:59","50.818867","-1.066985","donald trump"
"705158901784678400","2016-03-02 22:32:38","40.107483","-88.279221","donald trump"
"705158924316454913","2016-03-02 22:32:43","28.818811","-81.646873","donald trump"
"705158997549015041","2016-03-02 22:33:00","31.168894","-100.076889","donald trump"
"705159141099245568","2016-03-02 22:33:35","53.383163","-1.449612","donald trump"
"705159166319468545","2016-03-02 22:33:41","34.020790","-118.411903","donald trump"
"705159237438042112","2016-03-02 22:33:58","28.818811","-81.646873","donald trump"
"705159304773394432","2016-03-02 22:34:14","28.818811","-81.646873","donald trump"
"705159384591048704","2016-03-02 22:34:33","28.818811","-81.646873","donald trump"
"705159399476764672","2016-03-02 22:34:36","28.538170","-81.733261","donald trump"
"705159426559385600","2016-03-02 22:34:43","39.955276","-75.275284","donald trump"
"705159428207570944","2016-03-02 22:34:43","29.547886","-95.326897","donald trump"
"705159480636407808","2016-03-02 22:34:56","44.065620","-123.122398","donald trump"
"705159487154311168","2016-03-02 22:34:57","28.818811","-81.646873","donald trump"
"705159529785376768","2016-03-02 22:35:07","30.459101","-91.090797","donald trump"
"705159544494759936","2016-03-02 22:35:11","-33.026360","-71.515648","donald trump"
"705159591227580416","2016-03-02 22:35:22","46.971317","-122.935226","donald trump"
"705159680654311424","2016-03-02 22:35:43","28.818811","-81.646873","donald trump"
"705159684974632960","2016-03-02 22:35:44","40.625275","-75.367195","donald trump"
"705159685826080769","2016-03-02 22:35:44","41.117935","-77.604683","donald trump"
"705159691144269824","2016-03-02 22:35:46","38.997936","-105.550888","donald trump"
"705159761013055488","2016-03-02 22:36:02","28.818811","-81.646873","donald trump"
"705159863492616193","2016-03-02 22:36:27","35.847420","-86.409607","donald trump"
"705159883771899905","2016-03-02 22:36:32","28.818811","-81.646873","donald trump"
"705159970984165377","2016-03-02 22:36:52","41.021320","29.005222","donald trump"
"705160011073384449","2016-03-02 22:37:02","41.656590","-83.574669","donald trump"
"705160072616386560","2016-03-02 22:37:17","35.954330","-86.541603","donald trump"
"705160099870806017","2016-03-02 22:37:23","30.384296","-87.293915","donald trump"
"705160103939280897","2016-03-02 22:37:24","28.818811","-81.646873","donald trump"
"705160130812207104","2016-03-02 22:37:31","42.313671","-71.088715","donald trump"
"705160149275529217","2016-03-02 22:37:35","38.003376","-79.420868","donald trump"
"705160229911027712","2016-03-02 22:37:54","29.579712","-98.230659","donald trump"
"705160278544093184","2016-03-02 22:38:06","51.371155","0.582454","donald trump"
"705160359573741568","2016-03-02 22:38:25","33.605896","-86.812065","donald trump"
"705160372534304768","2016-03-02 22:38:28","38.907379","-76.826508","donald trump"
"705160427668422658","2016-03-02 22:38:41","28.219122","-82.447159","donald trump"
"705160560313143296","2016-03-02 22:39:13","-37.972569","145.053131","donald trump"
"705160561290518528","2016-03-02 22:39:13","32.482304","-84.917305","donald trump"
"705160629556944896","2016-03-02 22:39:29","10.700476","-61.211784","donald trump"
"705160649723105280","2016-03-02 22:39:34","32.819859","-96.761749","donald trump"
"705161066926338052","2016-03-02 22:41:14","31.168894","-100.076889","donald trump"
"705161085364600836","2016-03-02 22:41:18","52.905010","-1.280075","donald trump"
"705161110106857472","2016-03-02 22:41:24","25.782354","-80.233330","donald trump"
"705161129773944832","2016-03-02 22:41:29","-23.682802","-46.595547","donald trump"
"705161269947572224","2016-03-02 22:42:02","38.648354","-8.518357","donald trump"
"705161327493435392","2016-03-02 22:42:16","32.779968","-97.285912","donald trump"
"705161472582615040","2016-03-02 22:42:50","29.590815","-98.321266","donald trump"
"705161715407822849","2016-03-02 22:43:48","34.684990","-79.183472","donald trump"
"705161786106851328","2016-03-02 22:44:05","42.356117","-71.055252","donald trump"
"705161822156910592","2016-03-02 22:44:14","31.168894","-100.076889","donald trump"
"705161933209505793","2016-03-02 22:44:40","-37.972569","145.053131","donald trump"
"705161951274520580","2016-03-02 22:44:45","29.837246","-90.108208","donald trump"
"705161989669199872","2016-03-02 22:44:54","38.752716","-76.992439","donald trump"
"705161994920394752","2016-03-02 22:44:55","41.245399","-80.742470","donald trump"
"705162084577705986","2016-03-02 22:45:16","36.232914","-115.223122","donald trump"
"705162127481245697","2016-03-02 22:45:27","35.482845","-97.552162","donald trump"
"705162174105149440","2016-03-02 22:45:38","37.980827","-121.300423","donald trump"
"705162192149159936","2016-03-02 22:45:42","38.898602","-77.014397","donald trump"
"705162229839171584","2016-03-02 22:45:51","50.855019","4.375468","donald trump"
"705162265901846528","2016-03-02 22:46:00","45.001179","-86.270538","donald trump"
"705162284998352896","2016-03-02 22:46:04","34.020790","-118.411903","donald trump"
"705162395568701442","2016-03-02 22:46:31","39.284714","-76.620483","donald trump"
"705162397082759168","2016-03-02 22:46:31","31.168894","-100.076889","donald trump"
"705162506361294849","2016-03-02 22:46:57","-15.455177","-55.842545","donald trump"
"705162518939963393","2016-03-02 22:47:00","-29.068624","-51.035027","donald trump"
"705162553358422018","2016-03-02 22:47:08","27.698683","-83.804474","donald trump"
"705162587298783232","2016-03-02 22:47:16","36.200008","-86.791550","donald trump"
"705162614482063360","2016-03-02 22:47:23","40.365162","-82.669464","donald trump"
"705162714151313408","2016-03-02 22:47:47","27.698683","-83.804474","donald trump"
"705162768756789248","2016-03-02 22:48:00","46.315174","-120.005653","donald trump"
"705162817759014912","2016-03-02 22:48:11","53.354900","-6.247621","donald trump"
"705162820523048960","2016-03-02 22:48:12","40.794682","-72.876823","donald trump"
"705162832988524549","2016-03-02 22:48:15","35.170498","-79.861031","donald trump"
"705162863778738176","2016-03-02 22:48:22","41.165245","-81.511513","donald trump"
"705162975649382402","2016-03-02 22:48:49","33.767193","-84.433105","donald trump"
"705162987376541696","2016-03-02 22:48:52","41.661819","-86.375816","donald trump"
"705163005454127104","2016-03-02 22:48:56","42.372047","-71.178619","donald trump"
"705163160446042112","2016-03-02 22:49:33","30.180117","-85.679016","donald trump"
"705163292176584704","2016-03-02 22:50:04","26.350777","-80.069252","donald trump"
"705163306588176384","2016-03-02 22:50:08","45.630589","-122.588974","donald trump"
"705163361584029700","2016-03-02 22:50:21","50.624584","5.599342","donald trump"
"705163495654998016","2016-03-02 22:50:53","40.780708","-73.968544","donald trump"
"705163563992813569","2016-03-02 22:51:09","45.248791","-75.800140","donald trump"
"705163653503275009","2016-03-02 22:51:30","34.020790","-118.411903","donald trump"
"705163785380753408","2016-03-02 22:52:02","40.780708","-73.968544","donald trump"
"705163786706006016","2016-03-02 22:52:02","40.803234","-96.696564","donald trump"
"705163843840954368","2016-03-02 22:52:16","29.982601","-90.011009","donald trump"
"705163895409877000","2016-03-02 22:52:28","-26.118771","28.116549","donald trump"
"705164034018938882","2016-03-02 22:53:01","-27.382143","152.993195","donald trump"
"705164082660429824","2016-03-02 22:53:13","34.171761","-84.810448","donald trump"
"705164211039694848","2016-03-02 22:53:43","38.993538","-76.887207","donald trump"
"705164279532511232","2016-03-02 22:54:00","21.446278","-158.011475","donald trump"
"705164297861668864","2016-03-02 22:54:04","38.499168","-90.371040","donald trump"
"705164504083079169","2016-03-02 22:54:53","53.354900","-6.247621","donald trump"
"705164537419456513","2016-03-02 22:55:01","42.712048","-84.557899","donald trump"
"705164546265235458","2016-03-02 22:55:03","42.032505","-93.639366","donald trump"
"705164559355682817","2016-03-02 22:55:06","52.171772","-0.290149","donald trump"
"705164559670231040","2016-03-02 22:55:07","32.576225","-86.680740","donald trump"
"705164626032373760","2016-03-02 22:55:22","34.020790","-118.411903","donald trump"
"705164699135057922","2016-03-02 22:55:40","37.090302","-76.507812","donald trump"
"705164796853751808","2016-03-02 22:56:03","45.494553","-114.143265","donald trump"
"705164805909286912","2016-03-02 22:56:05","45.754921","-87.086288","donald trump"
"705164810023862272","2016-03-02 22:56:06","-12.194469","-77.004974","donald trump"
"705164929968562176","2016-03-02 22:56:35","12.150000","-86.266670","donald trump"
"705165118498332672","2016-03-02 22:57:20","30.285051","-90.945732","donald trump"
"705165178652917761","2016-03-02 22:57:34","36.006256","-115.038338","donald trump"
"705165243643621376","2016-03-02 22:57:50","35.117004","-106.632721","donald trump"
"705165424363573249","2016-03-02 22:58:33","28.818811","-81.646873","donald trump"
"705165513836650497","2016-03-02 22:58:54","40.026596","-83.073181","donald trump"
"705165563564150784","2016-03-02 22:59:06","38.653770","-90.247826","donald trump"
"705165580962287616","2016-03-02 22:59:10","39.629314","-79.943840","donald trump"
"705165623572242432","2016-03-02 22:59:20","27.698683","-83.804474","donald trump"
"705165739360133120","2016-03-02 22:59:48","41.443542","-82.194534","donald trump"
"705165756497944576","2016-03-02 22:59:52","28.818811","-81.646873","donald trump"
"705165785530920960","2016-03-02 22:59:59","44.101391","-70.169800","donald trump"
"705165960328548352","2016-03-02 23:00:40","28.818811","-81.646873","donald trump"
"705166040137801729","2016-03-02 23:00:59","28.818811","-81.646873","donald trump"
"705166056671875072","2016-03-02 23:01:03","42.599419","-76.176918","donald trump"
"705166086875029504","2016-03-02 23:01:11","40.705597","-73.977715","donald trump"
"705166091136294914","2016-03-02 23:01:12","44.101391","-70.169800","donald trump"
"705166211462668289","2016-03-02 23:01:40","48.634850","8.107339","donald trump"
"705166215946199044","2016-03-02 23:01:41","28.818811","-81.646873","donald trump"
"705166250754838530","2016-03-02 23:01:50","40.477795","-3.703508","donald trump"
"705166300457279488","2016-03-02 23:02:02","28.818811","-81.646873","donald trump"
"705166319398694914","2016-03-02 23:02:06","38.997936","-105.550888","donald trump"
"705166372888772609","2016-03-02 23:02:19","25.940283","-80.322632","donald trump"
"705166447853510656","2016-03-02 23:02:37","33.552864","-112.124680","donald trump"
"705166459392098304","2016-03-02 23:02:39","38.680614","-87.490318","donald trump"
"705166530150006784","2016-03-02 23:02:56","40.365162","-82.669464","donald trump"
"705166543886401536","2016-03-02 23:03:00","50.072868","8.248570","donald trump"
"705166551092056064","2016-03-02 23:03:01","28.818811","-81.646873","donald trump"
"705166561468882945","2016-03-02 23:03:04","55.072292","-3.612964","donald trump"
"705166605240688640","2016-03-02 23:03:14","45.461346","9.159337","donald trump"
"705166640917434370","2016-03-02 23:03:23","43.782829","-79.036232","donald trump"
"705166660932608000","2016-03-02 23:03:27","27.698683","-83.804474","donald trump"
"705166710580584448","2016-03-02 23:03:39","42.368778","-87.883224","donald trump"
"705166731497439232","2016-03-02 23:03:44","28.818811","-81.646873","donald trump"
"705166768570896385","2016-03-02 23:03:53","27.532078","-99.454674","donald trump"
"705166810249883648","2016-03-02 23:04:03","38.872345","-76.886711","donald trump"
"705166828247654400","2016-03-02 23:04:07","33.985451","-81.244186","donald trump"
"705166907146539009","2016-03-02 23:04:26","30.937336","-91.401009","donald trump"
"705166930911612928","2016-03-02 23:04:32","40.840801","-74.716927","donald trump"
"705167001610690560","2016-03-02 23:04:49","30.180117","-85.679016","donald trump"
"705167046666031105","2016-03-02 23:04:59","41.160252","-81.350433","donald trump"
"705167122796666880","2016-03-02 23:05:18","32.342709","-111.032310","donald trump"
"705167124134809600","2016-03-02 23:05:18","41.976528","-91.682854","donald trump"
"705167152970530816","2016-03-02 23:05:25","28.818811","-81.646873","donald trump"
"705167158519717890","2016-03-02 23:05:26","50.467304","-4.721054","donald trump"
"705167189536542723","2016-03-02 23:05:34","40.004868","-75.117996","donald trump"
"705167210772213760","2016-03-02 23:05:39","28.818811","-81.646873","donald trump"
"705167233572478977","2016-03-02 23:05:44","43.808880","-78.892242","donald trump"
"705167267386908672","2016-03-02 23:05:52","28.818811","-81.646873","donald trump"
"705167280066465792","2016-03-02 23:05:55","51.435886","-3.185843","donald trump"
"705167322806427648","2016-03-02 23:06:05","35.756187","-78.837021","donald trump"
"705167414477066240","2016-03-02 23:06:27","52.493965","-1.890640","donald trump"
"705167489722884097","2016-03-02 23:06:45","41.034786","-74.044067","donald trump"
"705167624204894209","2016-03-02 23:07:17","33.767193","-84.433105","donald trump"
"705167700457353217","2016-03-02 23:07:35","41.558941","-87.665192","donald trump"
"705167707302309888","2016-03-02 23:07:37","45.188408","-68.984703","donald trump"
"705167779331186688","2016-03-02 23:07:54","42.115128","-88.049248","donald trump"
"705167894741708801","2016-03-02 23:08:22","51.451656","-0.193719","donald trump"
"705167910512230400","2016-03-02 23:08:25","33.767193","-84.433105","donald trump"
"705168011229949952","2016-03-02 23:08:49","39.491009","-88.176559","donald trump"
"705168050308263936","2016-03-02 23:08:59","34.022690","-118.480423","donald trump"
"705168165957996544","2016-03-02 23:09:26","41.659481","-83.453491","donald trump"
"705168177789947904","2016-03-02 23:09:29","33.392883","-111.928139","donald trump"
"705168243099566081","2016-03-02 23:09:45","40.004868","-75.117996","donald trump"
"705168259574833154","2016-03-02 23:09:49","42.183365","-88.291367","donald trump"
"705168270836502528","2016-03-02 23:09:51","32.678207","-83.173866","donald trump"
"705168530749181955","2016-03-02 23:10:53","38.981339","-77.118500","donald trump"
"705168553637318659","2016-03-02 23:10:59","29.881880","-90.110054","donald trump"
"705168583182065664","2016-03-02 23:11:06","27.737150","-97.432426","donald trump"
"705168587066101760","2016-03-02 23:11:07","57.739452","-4.200441","donald trump"
"705168633664827392","2016-03-02 23:11:18","-15.776254","-47.796623","donald trump"
"705168711020376065","2016-03-02 23:11:36","35.830521","-85.978600","donald trump"
"705168799931244545","2016-03-02 23:11:57","39.290897","-75.617020","donald trump"
"705168860232736768","2016-03-02 23:12:12","26.633711","-80.144173","donald trump"
"705168861658812420","2016-03-02 23:12:12","42.378197","-71.112373","donald trump"
"705168910820249600","2016-03-02 23:12:24","41.485458","-81.704056","donald trump"
"705168970928750592","2016-03-02 23:12:38","-31.424183","-64.493477","donald trump"
"705169031645368321","2016-03-02 23:12:53","41.843258","-87.790962","donald trump"
"705169038096343041","2016-03-02 23:12:54","41.833584","-87.732010","donald trump"
"705169133839753216","2016-03-02 23:13:17","34.996849","-79.082886","donald trump"
"705169258225881088","2016-03-02 23:13:47","34.166237","-106.026115","donald trump"
"705169269882011648","2016-03-02 23:13:50","50.837055","-0.773365","donald trump"
"705169288949161984","2016-03-02 23:13:54","34.020790","-118.411903","donald trump"
"705169381454692353","2016-03-02 23:14:16","35.959023","-78.515335","donald trump"
"705169445140869120","2016-03-02 23:14:31","33.202496","-97.114769","donald trump"
"705169536320864256","2016-03-02 23:14:53","34.168255","-111.931709","donald trump"
"705169649214816256","2016-03-02 23:15:20","40.035744","-86.136612","donald trump"
"705169722724188160","2016-03-02 23:15:37","43.629311","-79.272568","donald trump"
"705169758933487616","2016-03-02 23:15:46","32.189392","-110.915573","donald trump"
"705169869256462336","2016-03-02 23:16:12","39.779564","-86.142921","donald trump"
"705169909752291330","2016-03-02 23:16:22","37.770657","-122.435982","donald trump"
"705169971626811392","2016-03-02 23:16:37","53.864216","-1.694336","donald trump"
"705169987967684608","2016-03-02 23:16:41","38.265511","-121.300842","donald trump"
"705170159367954432","2016-03-02 23:17:22","33.987331","-117.673256","donald trump"
"705170196110004224","2016-03-02 23:17:30","44.865364","-92.604584","donald trump"
"705170212988035072","2016-03-02 23:17:34","28.085863","-82.746849","donald trump"
"705170263244214272","2016-03-02 23:17:46","28.085863","-82.746849","donald trump"
"705170357678960640","2016-03-02 23:18:09","40.780708","-73.968544","donald trump"
"705170584662122500","2016-03-02 23:19:03","51.460339","-0.115406","donald trump"
"705170610880716800","2016-03-02 23:19:09","41.245399","-80.742470","donald trump"
"705170613309087744","2016-03-02 23:19:10","35.073112","-92.430840","donald trump"
"705170616110940160","2016-03-02 23:19:10","38.023643","-87.507790","donald trump"
"705170704828907520","2016-03-02 23:19:32","40.573849","-74.667885","donald trump"
"705170732234383360","2016-03-02 23:19:38","32.931835","-97.079651","donald trump"
"705170736244236288","2016-03-02 23:19:39","38.194099","-75.692345","donald trump"
"705170850589360129","2016-03-02 23:20:06","42.313671","-71.088715","donald trump"
"705170853974175745","2016-03-02 23:20:07","40.780708","-73.968544","donald trump"
"705170865344946176","2016-03-02 23:20:10","9.778543","5.468975","donald trump"
"705170865835511808","2016-03-02 23:20:10","34.051609","-118.245338","donald trump"
"705170917765189632","2016-03-02 23:20:22","22.730606","-102.694351","donald trump"
"705170945535823872","2016-03-02 23:20:29","38.898602","-77.014397","donald trump"
"705171089421258752","2016-03-02 23:21:03","22.730606","-102.694351","donald trump"
"705171139484622851","2016-03-02 23:21:15","53.362694","-3.039427","donald trump"
"705171139925057536","2016-03-02 23:21:15","38.920143","-80.181831","donald trump"
"705171224805183488","2016-03-02 23:21:36","56.336315","-2.807067","donald trump"
"705171278861357056","2016-03-02 23:21:48","51.479511","0.161853","donald trump"
"705171387309109248","2016-03-02 23:22:14","33.170364","-96.932838","donald trump"
"705171405940269056","2016-03-02 23:22:19","34.834290","-87.651047","donald trump"
"705171499670331394","2016-03-02 23:22:41","19.432837","-99.153366","donald trump"
"705171524328792065","2016-03-02 23:22:47","32.678207","-83.173866","donald trump"
"705171605807198208","2016-03-02 23:23:06","45.248791","-75.800140","donald trump"
"705171712472649729","2016-03-02 23:23:32","33.703392","-78.878868","donald trump"
"705171715396079616","2016-03-02 23:23:33","34.073345","-84.280197","donald trump"
"705171744009691140","2016-03-02 23:23:39","-34.604317","-58.442642","donald trump"
"705171758496657409","2016-03-02 23:23:43","38.304558","-92.436775","donald trump"
"705171784148987904","2016-03-02 23:23:49","33.979343","-117.580032","donald trump"
"705171848942612481","2016-03-02 23:24:04","30.323345","-97.754723","donald trump"
"705171963946229760","2016-03-02 23:24:32","41.833584","-87.732010","donald trump"
"705172038072270848","2016-03-02 23:24:49","42.746616","-75.770042","donald trump"
"705172084599578624","2016-03-02 23:25:01","42.308346","0.314300","donald trump"
"705172150357917696","2016-03-02 23:25:16","37.875847","-122.279518","donald trump"
"705172201985585153","2016-03-02 23:25:29","29.838495","-95.446487","donald trump"
"705172292465111041","2016-03-02 23:25:50","31.168894","-100.076889","donald trump"
"705172297880096768","2016-03-02 23:25:51","38.408337","-81.488068","donald trump"
"705172329223970816","2016-03-02 23:25:59","29.903835","-90.026039","donald trump"
"705172361671213056","2016-03-02 23:26:07","35.170498","-79.861031","donald trump"
"705172389412388864","2016-03-02 23:26:13","-22.342632","24.684408","donald trump"
"705172442948497408","2016-03-02 23:26:26","34.793335","-86.950706","donald trump"
"705172479124213761","2016-03-02 23:26:35","33.935822","-117.397614","donald trump"
"705172708468903936","2016-03-02 23:27:29","38.898602","-77.014397","donald trump"
"705172716731629569","2016-03-02 23:27:31","35.993862","-106.044815","donald trump"
"705172731529191424","2016-03-02 23:27:35","51.542439","-0.159403","donald trump"
"705172799946694656","2016-03-02 23:27:51","32.678207","-83.173866","donald trump"
"705172930326450176","2016-03-02 23:28:22","34.725071","135.552063","donald trump"
"705173274712371200","2016-03-02 23:29:44","36.060963","-115.135162","donald trump"
"705173304269803521","2016-03-02 23:29:51","-22.342632","24.684408","donald trump"
"705173350897717248","2016-03-02 23:30:02","45.630589","-122.588974","donald trump"
"705173451288346624","2016-03-02 23:30:26","40.507874","-112.035248","donald trump"
"705173452307607552","2016-03-02 23:30:27","34.020790","-118.411903","donald trump"
"705173534805372929","2016-03-02 23:30:46","45.467564","-91.102882","donald trump"
"705173537225461761","2016-03-02 23:30:47","34.020790","-118.411903","donald trump"
"705173590816063488","2016-03-02 23:31:00","34.181957","-119.165390","donald trump"
"705173636404137984","2016-03-02 23:31:11","-22.737225","-42.043358","donald trump"
"705173699700224001","2016-03-02 23:31:26","27.698683","-83.804474","donald trump"
"705173734479437824","2016-03-02 23:31:34","34.168255","-111.931709","donald trump"
"705173796542664706","2016-03-02 23:31:49","41.117935","-77.604683","donald trump"
"705173933851410432","2016-03-02 23:32:21","32.907642","-96.621635","donald trump"
"705173934367383552","2016-03-02 23:32:22","35.054626","-79.002113","donald trump"
"705174061970755584","2016-03-02 23:32:52","55.960232","-4.926340","donald trump"
"705174234977452032","2016-03-02 23:33:33","42.651669","-83.291428","donald trump"
"705174281773326336","2016-03-02 23:33:44","30.459101","-91.090797","donald trump"
"705174289042030592","2016-03-02 23:33:46","53.679886","9.372680","donald trump"
"705174316057563136","2016-03-02 23:33:53","42.308346","0.314300","donald trump"
"705174418214031360","2016-03-02 23:34:17","40.365162","-82.669464","donald trump"
"705174421464461312","2016-03-02 23:34:18","29.838495","-95.446487","donald trump"
"705174481392656384","2016-03-02 23:34:32","37.770657","-122.435982","donald trump"
"705174537797677056","2016-03-02 23:34:45","27.698683","-83.804474","donald trump"
"705174829440311297","2016-03-02 23:35:55","39.337299","-85.488770","donald trump"
"705174891637637121","2016-03-02 23:36:10","27.996595","-82.442696","donald trump"
"705174962970234884","2016-03-02 23:36:27","51.501625","0.244712","donald trump"
"705175011749789699","2016-03-02 23:36:38","38.074524","-102.617790","donald trump"
"705175216150945792","2016-03-02 23:37:27","-20.875328","-54.261875","donald trump"
"705175315119603712","2016-03-02 23:37:51","35.346901","-119.025162","donald trump"
"705175324586192896","2016-03-02 23:37:53","21.319944","-157.799591","donald trump"
"705175403971919874","2016-03-02 23:38:12","30.180117","-85.679016","donald trump"
"705175460217491456","2016-03-02 23:38:25","36.550983","-87.322166","donald trump"
"705175480601718784","2016-03-02 23:38:30","27.532078","-99.454674","donald trump"
"705175502172999681","2016-03-02 23:38:35","49.257641","-123.123581","donald trump"
"705175572805197824","2016-03-02 23:38:52","40.702938","-73.620911","donald trump"
"705175618737074176","2016-03-02 23:39:03","51.665100","-3.186485","donald trump"
"705175691323695107","2016-03-02 23:39:20","42.308346","0.314300","donald trump"
"705175727017226247","2016-03-02 23:39:29","39.396351","-76.615181","donald trump"
"705175748689022976","2016-03-02 23:39:34","38.715946","-90.454079","donald trump"
"705175815688998912","2016-03-02 23:39:50","27.698683","-83.804474","donald trump"
"705175841735614465","2016-03-02 23:39:56","45.001179","-86.270538","donald trump"
"705175882843947008","2016-03-02 23:40:06","30.176313","-85.751144","donald trump"
"705176147164860417","2016-03-02 23:41:09","43.653854","-70.262695","donald trump"
"705176225723977732","2016-03-02 23:41:28","45.248791","-75.800140","donald trump"
"705176289569849344","2016-03-02 23:41:43","32.678207","-83.173866","donald trump"
"705176474941267968","2016-03-02 23:42:27","50.402214","-4.142930","donald trump"
"705176513017151488","2016-03-02 23:42:36","39.963760","-85.950050","donald trump"
"705176525868498945","2016-03-02 23:42:39","51.501625","0.244712","donald trump"
"705176548840751107","2016-03-02 23:42:45","40.662479","-74.196526","donald trump"
"705176642168053760","2016-03-02 23:43:07","31.168894","-100.076889","donald trump"
"705176665819881472","2016-03-02 23:43:13","43.696186","-70.292542","donald trump"
"705176711738970113","2016-03-02 23:43:24","21.319944","-157.799591","donald trump"
"705176720161300480","2016-03-02 23:43:26","35.170498","-79.861031","donald trump"
"705176737840123904","2016-03-02 23:43:30","32.779968","-97.285912","donald trump"
"705176741871034368","2016-03-02 23:43:31","41.500751","-72.757385","donald trump"
"705176813664935936","2016-03-02 23:43:48","40.365162","-82.669464","donald trump"
"705176826058936320","2016-03-02 23:43:51","39.386795","-104.847046","donald trump"
"705176886587088897","2016-03-02 23:44:05","42.245712","-83.601799","donald trump"
"705176894551912448","2016-03-02 23:44:07","21.319944","-157.799591","donald trump"
"705177152401055744","2016-03-02 23:45:09","36.895081","-76.255684","donald trump"
"705177246013607937","2016-03-02 23:45:31","39.512436","-119.827179","donald trump"
"705177364238471168","2016-03-02 23:45:59","19.275564","-99.264526","donald trump"
"705177426075193344","2016-03-02 23:46:14","42.746719","-84.481628","donald trump"
"705177459055042560","2016-03-02 23:46:22","35.133522","-89.922028","donald trump"
"705177521529229312","2016-03-02 23:46:37","54.035107","-7.410331","donald trump"
"705177530420998144","2016-03-02 23:46:39","42.308346","0.314300","donald trump"
"705177602781089792","2016-03-02 23:46:56","34.415630","-118.503258","donald trump"
"705177629050216448","2016-03-02 23:47:02","37.822243","-85.768242","donald trump"
"705177680459767808","2016-03-02 23:47:15","48.886581","2.508433","donald trump"
"705177683978817536","2016-03-02 23:47:16","51.501625","0.244712","donald trump"
"705177858923167744","2016-03-02 23:47:57","38.898602","-77.014397","donald trump"
"705178026821230592","2016-03-02 23:48:37","40.705597","-73.977715","donald trump"
"705178159390420992","2016-03-02 23:49:09","49.257641","-123.123581","donald trump"
"705178195084091394","2016-03-02 23:49:17","38.920143","-80.181831","donald trump"
"705178245323493376","2016-03-02 23:49:29","42.780777","-71.091400","donald trump"
"705178272657600512","2016-03-02 23:49:36","38.898602","-77.014397","donald trump"
"705178301854142464","2016-03-02 23:49:43","36.074776","-119.029137","donald trump"
"705178308909072391","2016-03-02 23:49:45","38.958244","-76.911263","donald trump"
"705178368971509761","2016-03-02 23:49:59","39.779564","-86.142921","donald trump"
"705178396444196865","2016-03-02 23:50:05","38.898602","-77.014397","donald trump"
"705178675667406848","2016-03-02 23:51:12","-9.194284","-75.000618","donald trump"
"705178695124840449","2016-03-02 23:51:17","-9.194284","-75.000618","donald trump"
"705178747649982464","2016-03-02 23:51:29","34.168255","-111.931709","donald trump"
"705178761810018304","2016-03-02 23:51:33","42.313671","-71.088715","donald trump"
"705179016177836032","2016-03-02 23:52:33","-23.682802","-46.595547","donald trump"
"705179031432511489","2016-03-02 23:52:37","37.822243","-85.768242","donald trump"
"705179102496616448","2016-03-02 23:52:54","32.678207","-83.173866","donald trump"
"705179134725476352","2016-03-02 23:53:01","36.249123","-115.133369","donald trump"
"705179274651824129","2016-03-02 23:53:35","35.843983","-78.657837","donald trump"
"705179297452040194","2016-03-02 23:53:40","40.687260","-73.372932","donald trump"
"705179454490976256","2016-03-02 23:54:18","42.275761","-71.812439","donald trump"
"705179508618301440","2016-03-02 23:54:31","33.501022","-117.119514","donald trump"
"705179510602215424","2016-03-02 23:54:31","18.379658","-66.159569","donald trump"
"705179532639105024","2016-03-02 23:54:36","18.701235","-70.165047","donald trump"
"705179567640563712","2016-03-02 23:54:45","30.180117","-85.679016","donald trump"
"705179580005486592","2016-03-02 23:54:48","45.248791","-75.800140","donald trump"
"705179822444650500","2016-03-02 23:55:45","39.043190","-77.384598","donald trump"
"705179959912853506","2016-03-02 23:56:18","37.658798","-122.423119","donald trump"
"705180052204494848","2016-03-02 23:56:40","39.421989","-76.797218","donald trump"
"705180061129814017","2016-03-02 23:56:42","32.779968","-97.285912","donald trump"
"705180100665352192","2016-03-02 23:56:52","32.904179","-96.125671","donald trump"
"705180283595853824","2016-03-02 23:57:35","40.730831","-73.996536","donald trump"
"705180452160565249","2016-03-02 23:58:16","29.982601","-90.011009","donald trump"
"705180634478555136","2016-03-02 23:58:59","34.751938","-92.131271","donald trump"
"705180651721351169","2016-03-02 23:59:03","41.495941","-81.705467","donald trump"
"705180706289225728","2016-03-02 23:59:16","32.931835","-97.079651","donald trump"
"705180712148856835","2016-03-02 23:59:18","28.501678","-81.367775","donald trump"
"705180712442286080","2016-03-02 23:59:18","37.822243","-85.768242","donald trump"
"705180837285928960","2016-03-02 23:59:47","40.780708","-73.968544","donald trump"
"705539359437627392","2016-03-03 23:44:26","26.373976","-80.134987","donald trump"
"705539536391168000","2016-03-03 23:45:08","40.783791","-73.024963","donald trump"
"705539676484939776","2016-03-03 23:45:41","36.232914","-115.223122","donald trump"
"705539738682335232","2016-03-03 23:45:56","43.555244","-79.616074","donald trump"
"705539918945251328","2016-03-03 23:46:39","-23.682802","-46.595547","donald trump"
"705539972410052608","2016-03-03 23:46:52","44.903381","-93.085510","donald trump"
"705540258230886401","2016-03-03 23:48:00","42.675011","-82.807854","donald trump"
"705540303147683842","2016-03-03 23:48:11","40.004868","-75.117996","donald trump"
"705540368037588992","2016-03-03 23:48:26","44.065620","-123.122398","donald trump"
"705540421556916224","2016-03-03 23:48:39","29.838495","-95.446487","donald trump"
"705540499612905472","2016-03-03 23:48:58","16.173254","-61.405891","donald trump"
"705540533133770752","2016-03-03 23:49:06","35.309048","-98.716995","donald trump"
"705540701921026049","2016-03-03 23:49:46","-26.441328","136.015167","donald trump"
"705540785752694784","2016-03-03 23:50:06","41.931297","-88.006577","donald trump"
"705540795713998848","2016-03-03 23:50:08","42.746616","-75.770042","donald trump"
"705540935162175491","2016-03-03 23:50:41","28.501678","-81.367775","donald trump"
"705541055475814401","2016-03-03 23:51:10","40.780708","-73.968544","donald trump"
"705541068587212800","2016-03-03 23:51:13","38.996971","-76.934486","donald trump"
"705541106168107009","2016-03-03 23:51:22","51.560589","0.210589","donald trump"
"705541135238828032","2016-03-03 23:51:29","41.572800","-85.841225","donald trump"
"705541158198497282","2016-03-03 23:51:35","41.362915","-72.144279","donald trump"
"705541223621201920","2016-03-03 23:51:50","38.003376","-79.420868","donald trump"
"705541379691323394","2016-03-03 23:52:27","42.636250","-71.326859","donald trump"
"705541491414994944","2016-03-03 23:52:54","40.990150","-80.370956","donald trump"
"705541563372457984","2016-03-03 23:53:11","39.779564","-86.142921","donald trump"
"705541699871842305","2016-03-03 23:53:44","40.365162","-82.669464","donald trump"
"705541922094456833","2016-03-03 23:54:37","42.994457","-83.725609","donald trump"
"705541996354674688","2016-03-03 23:54:54","40.429226","-74.419334","donald trump"
"705542186335604736","2016-03-03 23:55:40","42.308296","-85.226921","donald trump"
"705542403709673472","2016-03-03 23:56:32","40.850346","-73.849442","donald trump"
"705542514250539011","2016-03-03 23:56:58","41.976528","-91.682854","donald trump"
"705542649747472385","2016-03-03 23:57:30","37.822243","-85.768242","donald trump"
"705542711567200256","2016-03-03 23:57:45","33.615765","-117.257217","donald trump"
"705542824742297600","2016-03-03 23:58:12","27.698683","-83.804474","donald trump"
"705542847978737665","2016-03-03 23:58:17","39.832729","-74.785088","donald trump"
"705542933919891456","2016-03-03 23:58:38","31.168894","-100.076889","donald trump"
"705542949451358209","2016-03-03 23:58:42","19.543934","-99.164284","donald trump"
"705543115680129026","2016-03-03 23:59:21","27.698683","-83.804474","donald trump"
"705543147301019649","2016-03-03 23:59:29","39.462505","-88.360168","donald trump"
"705728786755497985","2016-03-04 12:17:09","-19.160036","145.774063","donald trump"
"705728902740762626","2016-03-04 12:17:36","45.557831","-73.723022","donald trump"
"705729868227543042","2016-03-04 12:21:27","52.411915","-1.518652","donald trump"
"705729955364249600","2016-03-04 12:21:47","51.440514","-0.306996","donald trump"
"705729955863404544","2016-03-04 12:21:47","40.225452","-8.452306","donald trump"
"705730111971184651","2016-03-04 12:22:25","42.352787","-83.099289","donald trump"
"705730174348877824","2016-03-04 12:22:40","32.678207","-83.173866","donald trump"
"705730376673714176","2016-03-04 12:23:28","-23.444183","-58.451706","donald trump"
"705730403714277376","2016-03-04 12:23:34","40.409374","-105.074905","donald trump"
"705733767349010432","2016-03-04 12:36:56","32.678207","-83.173866","donald trump"
"705733806565687296","2016-03-04 12:37:06","32.819859","-96.761749","donald trump"
"705733921657454592","2016-03-04 12:37:33","39.779564","-86.142921","donald trump"
"705733996458680325","2016-03-04 12:37:51","47.481232","19.129827","donald trump"
"705734030059175936","2016-03-04 12:37:59","40.780708","-73.968544","donald trump"
"705734133629231108","2016-03-04 12:38:24","17.255951","-62.701782","donald trump"
"705734187672838144","2016-03-04 12:38:36","40.655136","-73.948776","donald trump"
"705734308296785920","2016-03-04 12:39:05","41.117935","-77.604683","donald trump"
"705734343663214592","2016-03-04 12:39:14","40.670879","-73.831184","donald trump"
"705739846048993280","2016-03-04 13:01:05","42.313671","-71.088715","donald trump"
"705739863417606144","2016-03-04 13:01:10","39.592186","-8.374474","donald trump"
"705739871097327616","2016-03-04 13:01:11","-23.682802","-46.595547","donald trump"
"705740205324681222","2016-03-04 13:02:31","-32.951614","-60.697407","donald trump"
"705740231752990720","2016-03-04 13:02:37","37.822243","-85.768242","donald trump"
"705740323746553856","2016-03-04 13:02:59","43.430241","-80.476402","donald trump"
"705740355627524096","2016-03-04 13:03:07","-23.682802","-46.595547","donald trump"
"705740394399715328","2016-03-04 13:03:16","35.830521","-85.978600","donald trump"
"705740469792317440","2016-03-04 13:03:34","42.492847","-83.026993","donald trump"
"705740509348691968","2016-03-04 13:03:44","5.782686","117.971893","donald trump"
"705740548062097410","2016-03-04 13:03:53","33.552864","-112.124680","donald trump"
"705744364971155457","2016-03-04 13:19:03","46.226715","2.209119","donald trump"
"705744399905325057","2016-03-04 13:19:11","16.350149","80.465546","donald trump"
"705744409397223424","2016-03-04 13:19:13","41.500751","-72.757385","donald trump"
"705744514724585472","2016-03-04 13:19:39","-34.604317","-58.442642","donald trump"
"705744568428445697","2016-03-04 13:19:51","51.497002","-3.179800","donald trump"
"705744760250576897","2016-03-04 13:20:37","38.981339","-77.118500","donald trump"
"705744850784620544","2016-03-04 13:20:59","34.020790","-118.411903","donald trump"
"705744919189708801","2016-03-04 13:21:15","26.062405","-80.167717","donald trump"
"705758216194363392","2016-03-04 14:14:05","41.748497","-88.161324","donald trump"
"705758277649481729","2016-03-04 14:14:20","35.170498","-79.861031","donald trump"
"705758282330349568","2016-03-04 14:14:21","39.793686","-76.730385","donald trump"
"705758285081673729","2016-03-04 14:14:22","36.090397","-79.857361","donald trump"
"705758336084365313","2016-03-04 14:14:34","40.409374","-105.074905","donald trump"
