"704802177773076482","2016-03-01 22:55:08","40.914993","38.393360","facebook"
"704802295683354624","2016-03-01 22:55:36","6.997780","-73.836792","facebook"
"704802371885527040","2016-03-01 22:55:54","-8.984888","-64.521614","facebook"
"704802379858907137","2016-03-01 22:55:56","4.262284","-74.243668","facebook"
"704802395184885760","2016-03-01 22:56:00","36.550983","-87.322166","facebook"
"704802402654949376","2016-03-01 22:56:02","51.497002","-3.179800","facebook"
"704802436230352896","2016-03-01 22:56:10","53.423569","-3.046674","facebook"
"704802455519928320","2016-03-01 22:56:14","-32.532928","-55.781277","facebook"
"704802484871675905","2016-03-01 22:56:21","47.482609","-52.829426","facebook"
"704802501510344704","2016-03-01 22:56:25","33.767193","-84.433105","facebook"
"704802505738297344","2016-03-01 22:56:26","41.898415","12.545145","facebook"
"704802506887602176","2016-03-01 22:56:26","-16.642782","-49.261299","facebook"
"704802538223235072","2016-03-01 22:56:34","48.824177","2.289146","facebook"
"704802572226469888","2016-03-01 22:56:42","4.262284","-74.243668","facebook"
"704802590777671680","2016-03-01 22:56:46","-34.566387","-58.452034","facebook"
"704802631097647105","2016-03-01 22:56:56","-36.781677","-59.862469","facebook"
"704802639725383680","2016-03-01 22:56:58","41.471142","15.608751","facebook"
"704802652664758272","2016-03-01 22:57:01","-34.682640","-58.351765","facebook"
"704802674416472064","2016-03-01 22:57:06","37.966965","-1.232460","facebook"
"704802685812232192","2016-03-01 22:57:09","48.173405","16.299082","facebook"
"704802693403975680","2016-03-01 22:57:11","33.529449","-117.706306","facebook"
"704802699389308928","2016-03-01 22:57:12","55.012154","-3.446868","facebook"
"704802722147659777","2016-03-01 22:57:18","-37.147575","-60.029846","facebook"
"704802741596626948","2016-03-01 22:57:22","40.780708","-73.968544","facebook"
"704802745740566528","2016-03-01 22:57:23","-22.911423","-43.441578","facebook"
"704802767941017605","2016-03-01 22:57:29","43.354759","-8.339737","facebook"
"704802822634790917","2016-03-01 22:57:42","53.456951","-2.233480","facebook"
"704802835020517381","2016-03-01 22:57:45","-38.721722","-62.255100","facebook"
"704802839697215489","2016-03-01 22:57:46","51.723202","0.675910","facebook"
"704802849054728197","2016-03-01 22:57:48","50.787777","-3.655032","facebook"
"704802856797253632","2016-03-01 22:57:50","37.554577","126.990944","facebook"
"704802878574108672","2016-03-01 22:57:55","15.201132","-86.243195","facebook"
"704802885326901249","2016-03-01 22:57:57","34.751938","-92.131271","facebook"
"704802907376513025","2016-03-01 22:58:02","52.490631","-0.292387","facebook"
"704802991547752448","2016-03-01 22:58:22","-2.512995","-80.091194","facebook"
"704802994425110528","2016-03-01 22:58:23","40.524723","-3.816153","facebook"
"704803012489773057","2016-03-01 22:58:27","30.323345","-97.754723","facebook"
"704803043745931265","2016-03-01 22:58:34","-30.099836","-51.159309","facebook"
"704803074150416384","2016-03-01 22:58:42","-16.642782","-49.261299","facebook"
"704803088742420481","2016-03-01 22:58:45","-20.113882","-44.936710","facebook"
"704803108388524032","2016-03-01 22:58:50","47.377468","8.536762","facebook"
"704803108552110080","2016-03-01 22:58:50","45.943035","24.988403","facebook"
"704803127032160256","2016-03-01 22:58:54","-2.512995","-80.091194","facebook"
"704803164374110208","2016-03-01 22:59:03","38.960487","-77.000366","facebook"
"704803189820940288","2016-03-01 22:59:09","52.490631","-0.292387","facebook"
"704803190798163968","2016-03-01 22:59:09","-33.536510","-70.624077","facebook"
"704803212101099521","2016-03-01 22:59:15","37.822243","-85.768242","facebook"
"704803246985052160","2016-03-01 22:59:23","54.667202","-6.813510","facebook"
"704803264471154688","2016-03-01 22:59:27","41.144051","-8.280766","facebook"
"704803267637809156","2016-03-01 22:59:28","53.794216","-2.264325","facebook"
"704803296293359617","2016-03-01 22:59:35","43.889877","-69.925354","facebook"
"704803307915759618","2016-03-01 22:59:37","-22.911423","-43.441578","facebook"
"704803352308273152","2016-03-01 22:59:48","-34.600330","-58.802368","facebook"
"704803439180558336","2016-03-01 23:00:09","38.901814","-77.037338","facebook"
"704803446940049408","2016-03-01 23:00:11","44.371262","-79.674843","facebook"
"704803452069744640","2016-03-01 23:00:12","41.117935","-77.604683","facebook"
"704803462945439745","2016-03-01 23:00:14","19.432722","-99.017014","facebook"
"704803463960465408","2016-03-01 23:00:15","35.830521","-85.978600","facebook"
"704803469920755713","2016-03-01 23:00:16","38.996971","-76.934486","facebook"
"704803525100965893","2016-03-01 23:00:29","-30.003962","-51.021400","facebook"
"704803559565561857","2016-03-01 23:00:37","-16.642782","-49.261299","facebook"
"704803609968570369","2016-03-01 23:00:49","42.036938","-71.683502","facebook"
"704803616733863936","2016-03-01 23:00:51","33.405754","-111.737564","facebook"
"704803648619069441","2016-03-01 23:00:59","4.262284","-74.243668","facebook"
"704803672144941058","2016-03-01 23:01:04","45.709881","1.729397","facebook"
"704803676070793218","2016-03-01 23:01:05","6.270883","-75.619209","facebook"
"704803680470614016","2016-03-01 23:01:06","46.374386","6.477940","facebook"
"704803713085476864","2016-03-01 23:01:14","45.001179","-86.270538","facebook"
"704803743120953344","2016-03-01 23:01:21","53.456951","-2.233480","facebook"
"704803748934086656","2016-03-01 23:01:23","34.174583","-118.448792","facebook"
"704803794731843584","2016-03-01 23:01:33","40.524723","-3.816153","facebook"
"704803802289930241","2016-03-01 23:01:35","40.912376","-73.298820","facebook"
"704803851300425728","2016-03-01 23:01:47","40.995239","-8.623739","facebook"
"704803873853202438","2016-03-01 23:01:52","40.807468","-73.127800","facebook"
"704803900096974848","2016-03-01 23:01:59","41.021320","29.005222","facebook"
"704803921890582528","2016-03-01 23:02:04","-9.533330","-35.687111","facebook"
"704803972893249536","2016-03-01 23:02:16","53.749924","-2.730656","facebook"
"704803992690368512","2016-03-01 23:02:21","-22.911423","-43.441578","facebook"
"704804071400742912","2016-03-01 23:02:39","-12.177327","-76.921883","facebook"
"704804116883591168","2016-03-01 23:02:50","-33.848244","150.931976","facebook"
"704804120633466880","2016-03-01 23:02:51","41.658894","15.450395","facebook"
"704804132549480448","2016-03-01 23:02:54","-32.951614","-60.697407","facebook"
"704804161028755457","2016-03-01 23:03:01","51.663006","-3.827665","facebook"
"704804194121707521","2016-03-01 23:03:09","45.536404","-122.630905","facebook"
"704804219149090817","2016-03-01 23:03:15","36.212067","138.458496","facebook"
"704804233942536192","2016-03-01 23:03:18","43.094662","6.296187","facebook"
"704804251780947973","2016-03-01 23:03:22","-22.911423","-43.441578","facebook"
"704804253500641280","2016-03-01 23:03:23","-22.911423","-43.441578","facebook"
"704804272228028417","2016-03-01 23:03:27","-6.860311","107.585869","facebook"
"704804300610998273","2016-03-01 23:03:34","51.663006","-3.827665","facebook"
"704804352251326465","2016-03-01 23:03:46","57.160557","-2.127040","facebook"
"704804363546578944","2016-03-01 23:03:49","52.514874","-2.009333","facebook"
"704804383855407106","2016-03-01 23:03:54","53.239120","10.422673","facebook"
"704804404143243264","2016-03-01 23:03:59","-2.572425","-59.980324","facebook"
"704804405149724672","2016-03-01 23:03:59","32.831390","-96.799728","facebook"
"704804477036011522","2016-03-01 23:04:16","51.354301","-1.991199","facebook"
"704804477279272965","2016-03-01 23:04:16","55.898834","-3.524390","facebook"
"704804480949342208","2016-03-01 23:04:17","52.997768","-7.332834","facebook"
"704804491518984192","2016-03-01 23:04:20","-14.824511","-39.033482","facebook"
"704804495872622593","2016-03-01 23:04:21","4.262284","-74.243668","facebook"
"704804656015351812","2016-03-01 23:04:59","-23.682802","-46.595547","facebook"
"704804683634909184","2016-03-01 23:05:05","-26.872810","-49.109627","facebook"
"704804705147424768","2016-03-01 23:05:11","41.748497","-88.161324","facebook"
"704804705462046721","2016-03-01 23:05:11","-22.306885","-42.467266","facebook"
"704804721043746820","2016-03-01 23:05:14","16.812820","103.371841","facebook"
"704804794070929409","2016-03-01 23:05:32","-23.682802","-46.595547","facebook"
"704804796453224448","2016-03-01 23:05:32","18.405918","-65.980934","facebook"
"704804799179575296","2016-03-01 23:05:33","-40.822296","-62.996887","facebook"
"704804826937483265","2016-03-01 23:05:40","-30.099836","-51.159309","facebook"
"704804869715173376","2016-03-01 23:05:50","-3.789768","-38.519890","facebook"
"704804909972115456","2016-03-01 23:05:59","41.898415","12.545145","facebook"
"704804910739668992","2016-03-01 23:06:00","45.943035","24.988403","facebook"
"704804932000550912","2016-03-01 23:06:05","28.017170","1.664273","facebook"
"704804943388151809","2016-03-01 23:06:07","41.833584","-87.732010","facebook"
"704804961817788416","2016-03-01 23:06:12","44.065620","-123.122398","facebook"
"704805008684912640","2016-03-01 23:06:23","2.931290","101.696442","facebook"
"704805026745741313","2016-03-01 23:06:27","40.841984","-73.279968","facebook"
"704805043103469568","2016-03-01 23:06:31","43.629311","-79.272568","facebook"
"704805049533341696","2016-03-01 23:06:33","37.431053","31.850166","facebook"
"704805144026869760","2016-03-01 23:06:55","42.896229","-78.853561","facebook"
"704805214067359744","2016-03-01 23:07:12","28.969862","-111.498184","facebook"
"704805251673620480","2016-03-01 23:07:21","-22.911423","-43.441578","facebook"
"704805308024147969","2016-03-01 23:07:34","51.514832","-0.035020","facebook"
"704805368715681792","2016-03-01 23:07:49","52.335030","4.991277","facebook"
"704805398214270979","2016-03-01 23:07:56","51.965816","1.338054","facebook"
"704805482985340929","2016-03-01 23:08:16","38.878300","-6.627707","facebook"
"704805495933161472","2016-03-01 23:08:19","40.477795","-3.703508","facebook"
"704805571145265153","2016-03-01 23:08:37","47.959949","-122.231789","facebook"
"704805575759044608","2016-03-01 23:08:38","32.831390","-96.799728","facebook"
"704805600740249601","2016-03-01 23:08:44","37.461922","-122.174667","facebook"
"704805661209718784","2016-03-01 23:08:58","55.672775","12.552633","facebook"
"704805670718205953","2016-03-01 23:09:01","40.004868","-75.117996","facebook"
"704805679731773440","2016-03-01 23:09:03","38.645454","-8.997753","facebook"
"704805732718387200","2016-03-01 23:09:15","37.821644","-25.720760","facebook"
"704805749780815872","2016-03-01 23:09:20","-30.099836","-51.159309","facebook"
"704805762569216001","2016-03-01 23:09:23","51.216026","1.379234","facebook"
"704805801987145729","2016-03-01 23:09:32","47.959949","-122.231789","facebook"
"704805803568599040","2016-03-01 23:09:32","40.004868","-75.117996","facebook"
"704805825802588160","2016-03-01 23:09:38","-27.487034","-58.796131","facebook"
"704805885260996608","2016-03-01 23:09:52","36.795486","-5.147317","facebook"
"704805896858292225","2016-03-01 23:09:55","42.092785","-79.242325","facebook"
"704805899160961024","2016-03-01 23:09:55","-34.490219","-58.540756","facebook"
"704805924783968256","2016-03-01 23:10:01","-34.604317","-58.442642","facebook"
"704805925043961856","2016-03-01 23:10:01","39.994682","-82.985771","facebook"
"704805942127423488","2016-03-01 23:10:05","-29.918787","-51.095200","facebook"
"704806018304311296","2016-03-01 23:10:24","-34.819748","-56.229889","facebook"
"704806025619247104","2016-03-01 23:10:25","51.216026","1.379234","facebook"
"704806078882652162","2016-03-01 23:10:38","28.017170","1.664273","facebook"
"704806088529547264","2016-03-01 23:10:40","50.656166","17.930559","facebook"
"704806100789547009","2016-03-01 23:10:43","-22.821302","-50.229443","facebook"
"704806104832851968","2016-03-01 23:10:44","-22.821465","-43.018208","facebook"
"704806107773083648","2016-03-01 23:10:45","-15.776254","-47.796623","facebook"
"704806112797790208","2016-03-01 23:10:46","43.353149","-5.881200","facebook"
"704806196780335104","2016-03-01 23:11:06","43.353149","-5.881200","facebook"
"704806197115940864","2016-03-01 23:11:06","37.821644","-25.720760","facebook"
"704806211863105537","2016-03-01 23:11:10","-22.911423","-43.441578","facebook"
"704806229114118145","2016-03-01 23:11:14","18.701235","-70.165047","facebook"
"704806253491580928","2016-03-01 23:11:20","43.353149","-5.881200","facebook"
"704806311758798848","2016-03-01 23:11:34","53.612682","-0.960897","facebook"
"704806317500661760","2016-03-01 23:11:35","32.831390","-96.799728","facebook"
"704806343543267328","2016-03-01 23:11:41","43.353149","-5.881200","facebook"
"704806343723589632","2016-03-01 23:11:41","42.850937","-71.521652","facebook"
"704806344008663041","2016-03-01 23:11:41","15.481781","120.587448","facebook"
"704806345082585088","2016-03-01 23:11:41","53.053429","-2.982074","facebook"
"704806376166531072","2016-03-01 23:11:49","-34.752796","-58.418858","facebook"
"704806417711108097","2016-03-01 23:11:59","43.353149","-5.881200","facebook"
"704806427169320960","2016-03-01 23:12:01","38.960991","-3.978357","facebook"
"704806525873815552","2016-03-01 23:12:25","-32.883343","-68.866684","facebook"
"704806528583409664","2016-03-01 23:12:25","55.672775","12.552633","facebook"
"704806537831845890","2016-03-01 23:12:27","43.353149","-5.881200","facebook"
"704806547801706498","2016-03-01 23:12:30","26.150368","-80.149170","facebook"
"704806553673555969","2016-03-01 23:12:31","35.665531","139.399261","facebook"
"704806574825578496","2016-03-01 23:12:36","-34.752796","-58.418858","facebook"
"704806633214504960","2016-03-01 23:12:50","-22.911423","-43.441578","facebook"
"704806644283211776","2016-03-01 23:12:53","43.353149","-5.881200","facebook"
"704806665976209412","2016-03-01 23:12:58","53.408543","-6.271273","facebook"
"704806681155342336","2016-03-01 23:13:02","-21.755411","-48.171871","facebook"
"704806700138672128","2016-03-01 23:13:06","-37.972569","145.053131","facebook"
"704806713300537344","2016-03-01 23:13:09","51.216026","1.379234","facebook"
"704806714579800064","2016-03-01 23:13:10","43.353149","-5.881200","facebook"
"704806784092000257","2016-03-01 23:13:26","31.061111","31.646103","facebook"
"704806822063054848","2016-03-01 23:13:35","43.353149","-5.881200","facebook"
"704806838454370305","2016-03-01 23:13:39","48.154881","11.541753","facebook"
"704806840278851585","2016-03-01 23:13:40","40.319904","-3.893226","facebook"
"704806864370966529","2016-03-01 23:13:45","50.720940","-3.514876","facebook"
"704806864526163970","2016-03-01 23:13:45","45.786915","3.112691","facebook"
"704806870079430661","2016-03-01 23:13:47","32.678207","-83.173866","facebook"
"704806909233082368","2016-03-01 23:13:56","18.701235","-70.165047","facebook"
"704806933904171008","2016-03-01 23:14:02","43.353149","-5.881200","facebook"
"704806937330913281","2016-03-01 23:14:03","57.160557","-2.127040","facebook"
"704806940073992192","2016-03-01 23:14:03","28.907000","-81.216301","facebook"
"704806952107417601","2016-03-01 23:14:06","32.678207","-83.173866","facebook"
"704806955311878145","2016-03-01 23:14:07","52.858974","-9.110049","facebook"
"704806975943655429","2016-03-01 23:14:12","-38.163677","-58.780556","facebook"
"704806998299320320","2016-03-01 23:14:17","51.385445","-0.252754","facebook"
"704807008722149380","2016-03-01 23:14:20","-28.487005","-49.045345","facebook"
"704807011372965889","2016-03-01 23:14:20","26.179920","-80.156822","facebook"
"704807077064138752","2016-03-01 23:14:36","44.321236","-61.811729","facebook"
"704807111306387458","2016-03-01 23:14:44","43.353149","-5.881200","facebook"
"704807114363961345","2016-03-01 23:14:45","14.563767","120.995560","facebook"
"704807192839360513","2016-03-01 23:15:04","27.532078","-99.454674","facebook"
"704807199080472576","2016-03-01 23:15:05","32.604153","-96.863792","facebook"
"704807209025277953","2016-03-01 23:15:07","53.543453","-2.653238","facebook"
"704807218919526400","2016-03-01 23:15:10","33.929913","-117.559708","facebook"
"704807250175647744","2016-03-01 23:15:17","51.599255","-0.018734","facebook"
"704807251094024192","2016-03-01 23:15:18","15.201132","-86.243195","facebook"
"704807283658600448","2016-03-01 23:15:25","48.753353","-122.430275","facebook"
"704807304953241600","2016-03-01 23:15:30","-21.213923","-47.818001","facebook"
"704807306672934913","2016-03-01 23:15:31","53.526291","-2.408187","facebook"
"704807314218418177","2016-03-01 23:15:33","54.559414","-1.222501","facebook"
"704807315552206848","2016-03-01 23:15:33","40.572376","-74.153946","facebook"
"704807315879403520","2016-03-01 23:15:33","43.353149","-5.881200","facebook"
"704807348502700034","2016-03-01 23:15:41","-27.165564","-48.491489","facebook"
"704807356018855936","2016-03-01 23:15:43","-26.161613","-58.190285","facebook"
"704807379183861760","2016-03-01 23:15:48","38.916092","-94.378227","facebook"
"704807392530137088","2016-03-01 23:15:51","15.201132","-86.243195","facebook"
"704807394732351489","2016-03-01 23:15:52","-22.904549","-43.059608","facebook"
"704807462633799681","2016-03-01 23:16:08","29.707684","-95.466034","facebook"
"704807560805814274","2016-03-01 23:16:31","-19.918692","-43.959824","facebook"
"704807582926573569","2016-03-01 23:16:37","-8.043603","-34.939350","facebook"
"704807591717662720","2016-03-01 23:16:39","39.351540","-82.097282","facebook"
"704807684722266112","2016-03-01 23:17:01","39.284714","-76.620483","facebook"
"704807741144047616","2016-03-01 23:17:14","-20.139694","-40.303864","facebook"
"704807751101370368","2016-03-01 23:17:17","-29.850836","-51.166710","facebook"
"704807761331228672","2016-03-01 23:17:19","-31.415457","-64.198029","facebook"
"704807800875171840","2016-03-01 23:17:29","52.033566","-0.764064","facebook"
"704807831170580480","2016-03-01 23:17:36","55.672775","12.552633","facebook"
"704807848371290112","2016-03-01 23:17:40","39.534794","-104.976768","facebook"
"704807852058214400","2016-03-01 23:17:41","51.611885","-0.210895","facebook"
"704807860119564288","2016-03-01 23:17:43","-38.011585","-57.581429","facebook"
"704807906890399745","2016-03-01 23:17:54","-34.604317","-58.442642","facebook"
"704808027094962183","2016-03-01 23:18:23","40.780708","-73.968544","facebook"
"704808037182263301","2016-03-01 23:18:25","-34.604317","-58.442642","facebook"
"704808051384176640","2016-03-01 23:18:28","40.755238","-73.995056","facebook"
"704808126663385089","2016-03-01 23:18:46","14.683012","121.062737","facebook"
"704808222557917184","2016-03-01 23:19:09","42.675011","-82.807854","facebook"
"704808247065096192","2016-03-01 23:19:15","34.788120","138.450867","facebook"
"704808275343241216","2016-03-01 23:19:22","38.348904","-0.515521","facebook"
"704808315939741696","2016-03-01 23:19:31","34.139172","-117.999413","facebook"
"704808347850047488","2016-03-01 23:19:39","14.584755","121.039261","facebook"
"704808365709463553","2016-03-01 23:19:43","-22.911423","-43.441578","facebook"
"704808375511552000","2016-03-01 23:19:46","27.698683","-83.804474","facebook"
"704808393484148737","2016-03-01 23:19:50","38.743614","-9.159995","facebook"
"704808408399134720","2016-03-01 23:19:53","4.262284","-74.243668","facebook"
"704808461440311296","2016-03-01 23:20:06","51.514481","-0.092911","facebook"
"704808506847858694","2016-03-01 23:20:17","6.270883","-75.619209","facebook"
"704808532315656192","2016-03-01 23:20:23","39.605736","-74.350494","facebook"
"704808552649641985","2016-03-01 23:20:28","36.166668","-86.783333","facebook"
"704808554130182144","2016-03-01 23:20:28","53.543453","-2.653238","facebook"
"704808597541122048","2016-03-01 23:20:39","36.020973","-115.131592","facebook"
"704808630902779904","2016-03-01 23:20:46","37.062042","37.387009","facebook"
"704808670329176068","2016-03-01 23:20:56","50.997505","-3.927119","facebook"
"704808686536007680","2016-03-01 23:21:00","40.722832","14.541419","facebook"
"704808698586210304","2016-03-01 23:21:03","51.495007","3.517979","facebook"
"704808713492672513","2016-03-01 23:21:06","18.021959","-92.916496","facebook"
"704808754252898304","2016-03-01 23:21:16","46.549667","-87.409882","facebook"
"704808794677612546","2016-03-01 23:21:26","35.222301","-97.445175","facebook"
"704808801816465408","2016-03-01 23:21:27","53.419880","-2.915427","facebook"
"704808836360699905","2016-03-01 23:21:35","51.495007","3.517979","facebook"
"704808844728389632","2016-03-01 23:21:37","38.898602","-77.014397","facebook"
"704809001784111104","2016-03-01 23:22:15","30.832657","29.733515","facebook"
"704809032658194436","2016-03-01 23:22:22","47.614819","-122.330605","facebook"
"704809124668641280","2016-03-01 23:22:44","14.591457","120.983986","facebook"
"704809129685024768","2016-03-01 23:22:45","41.659145","-81.431480","facebook"
"704809164451614721","2016-03-01 23:22:54","37.552483","-122.315422","facebook"
"704809187222507520","2016-03-01 23:22:59","29.982601","-90.011009","facebook"
"704809227383083010","2016-03-01 23:23:09","6.422820","-66.578926","facebook"
"704809252624269312","2016-03-01 23:23:15","36.060963","-115.135162","facebook"
"704809258215276544","2016-03-01 23:23:16","29.287575","-94.822777","facebook"
"704809273847652352","2016-03-01 23:23:20","-23.682802","-46.595547","facebook"
"704809332722913280","2016-03-01 23:23:34","33.570526","-101.897171","facebook"
"704809347260379136","2016-03-01 23:23:37","-2.572425","-59.980324","facebook"
"704809378071912448","2016-03-01 23:23:45","30.526743","-87.267548","facebook"
"704809445398880256","2016-03-01 23:24:01","54.984875","-1.571074","facebook"
"704809466752012288","2016-03-01 23:24:06","51.514481","-0.092911","facebook"
"704809471986413568","2016-03-01 23:24:07","19.259489","-99.417770","facebook"
"704809533290487808","2016-03-01 23:24:22","38.878708","-77.425156","facebook"
"704809548234813441","2016-03-01 23:24:25","29.000368","29.273024","facebook"
"704809652135923712","2016-03-01 23:24:50","15.201132","-86.243195","facebook"
"704809654166102017","2016-03-01 23:24:50","51.457878","-2.585390","facebook"
"704809668984623105","2016-03-01 23:24:54","40.892956","-73.805511","facebook"
"704809682766950400","2016-03-01 23:24:57","45.536404","-122.630905","facebook"
"704809690715131904","2016-03-01 23:24:59","19.259489","-99.417770","facebook"
"704809693579972609","2016-03-01 23:25:00","-14.239565","-53.184834","facebook"
"704809783082270724","2016-03-01 23:25:21","28.710747","-81.529541","facebook"
"704809788828467201","2016-03-01 23:25:23","28.710747","-81.529541","facebook"
"704809800929046529","2016-03-01 23:25:25","28.710747","-81.529541","facebook"
"704809823154651137","2016-03-01 23:25:31","43.555244","-79.616074","facebook"
"704809833191464960","2016-03-01 23:25:33","34.020790","-118.411903","facebook"
"704809838350639105","2016-03-01 23:25:34","26.721895","-80.122620","facebook"
"704809848257445888","2016-03-01 23:25:37","50.073189","-110.778397","facebook"
"704809854666448896","2016-03-01 23:25:38","28.041500","-82.382500","facebook"
"704809855421435904","2016-03-01 23:25:38","28.710747","-81.529541","facebook"
"704809856579010560","2016-03-01 23:25:39","43.458755","13.435257","facebook"
"704809862778245121","2016-03-01 23:25:40","28.710747","-81.529541","facebook"
"704809876002836482","2016-03-01 23:25:43","37.966965","-1.232460","facebook"
"704809878246789120","2016-03-01 23:25:44","28.710747","-81.529541","facebook"
"704809894508158976","2016-03-01 23:25:48","28.710747","-81.529541","facebook"
"704809926170836993","2016-03-01 23:25:55","38.997936","-105.550888","facebook"
"704809942457454592","2016-03-01 23:25:59","51.260555","4.358190","facebook"
"704810009549533184","2016-03-01 23:26:15","41.117935","-77.604683","facebook"
"704810031284355072","2016-03-01 23:26:20","53.419880","-2.915427","facebook"
"704810035373871104","2016-03-01 23:26:21","43.458755","13.435257","facebook"
"704810040285237248","2016-03-01 23:26:22","37.269176","-119.306610","facebook"
"704810048820801536","2016-03-01 23:26:25","-16.812290","-49.261269","facebook"
"704810071201546241","2016-03-01 23:26:30","38.471622","-78.000313","facebook"
"704810098716180480","2016-03-01 23:26:36","54.535778","-1.553828","facebook"
"704810106794299392","2016-03-01 23:26:38","45.966877","-94.362823","facebook"
"704810114667122689","2016-03-01 23:26:40","-9.194284","-75.000618","facebook"
"704810115506020353","2016-03-01 23:26:40","-19.918692","-43.959824","facebook"
"704810140701216768","2016-03-01 23:26:46","-22.785471","-43.369762","facebook"
"704810329306320896","2016-03-01 23:27:31","37.552067","-97.347572","facebook"
"704810330707402752","2016-03-01 23:27:32","-27.609692","-48.478897","facebook"
"704810341360918532","2016-03-01 23:27:34","53.419880","-2.915427","facebook"
"704810480452423680","2016-03-01 23:28:07","-21.556084","-46.630386","facebook"
"704810500668964864","2016-03-01 23:28:12","-4.033378","21.753807","facebook"
"704810546860859392","2016-03-01 23:28:23","-9.194284","-75.000618","facebook"
"704810583812603904","2016-03-01 23:28:32","-2.866045","-79.224350","facebook"
"704810615592738820","2016-03-01 23:28:40","37.770657","-122.435982","facebook"
"704810651663859712","2016-03-01 23:28:48","38.743614","-9.159995","facebook"
"704810688708009984","2016-03-01 23:28:57","37.254932","-5.973668","facebook"
"704810690486386688","2016-03-01 23:28:58","-19.891169","-44.083855","facebook"
"704810695259516928","2016-03-01 23:28:59","53.419880","-2.915427","facebook"
"704810726632742912","2016-03-01 23:29:06","40.414497","-104.735474","facebook"
"704810731871469569","2016-03-01 23:29:07","49.756569","-123.137939","facebook"
"704810835210805250","2016-03-01 23:29:32","41.029308","40.517654","facebook"
"704810880970559488","2016-03-01 23:29:43","19.429934","-99.211510","facebook"
"704810889149587456","2016-03-01 23:29:45","41.938229","-93.389862","facebook"
"704810898888790016","2016-03-01 23:29:47","4.262284","-74.243668","facebook"
"704810911664611329","2016-03-01 23:29:50","-23.549999","-46.633301","facebook"
"704810943620976641","2016-03-01 23:29:58","6.422820","-66.578926","facebook"
"704810956556079104","2016-03-01 23:30:01","34.182159","-118.325142","facebook"
"704810991247294464","2016-03-01 23:30:09","-23.086016","-45.506657","facebook"
"704811018015346688","2016-03-01 23:30:16","57.739452","-4.200441","facebook"
"704811032913571840","2016-03-01 23:30:19","32.678207","-83.173866","facebook"
"704811061921374209","2016-03-01 23:30:26","-27.742552","-52.659004","facebook"
"704811071001989120","2016-03-01 23:30:28","28.656912","-17.874674","facebook"
"704811075062079488","2016-03-01 23:30:29","-20.139694","-40.303864","facebook"
"704811084461395971","2016-03-01 23:30:31","51.448456","5.452997","facebook"
"704811160961478658","2016-03-01 23:30:50","46.254913","-63.694397","facebook"
"704811189860233217","2016-03-01 23:30:57","26.270262","-80.249771","facebook"
"704811218385686528","2016-03-01 23:31:03","37.054428","-7.907129","facebook"
"704811245845655552","2016-03-01 23:31:10","25.641720","-100.293594","facebook"
"704811246067974144","2016-03-01 23:31:10","-37.972569","145.053131","facebook"
"704811248211271680","2016-03-01 23:31:10","34.788120","138.450867","facebook"
"704811261029015552","2016-03-01 23:31:14","30.323345","-97.754723","facebook"
"704811261297631232","2016-03-01 23:31:14","-25.495249","-49.288460","facebook"
"704811269392621568","2016-03-01 23:31:16","38.743614","-9.159995","facebook"
"704811275562389504","2016-03-01 23:31:17","-22.911423","-43.441578","facebook"
"704811290859016192","2016-03-01 23:31:21","50.656166","17.930559","facebook"
"704811307996938240","2016-03-01 23:31:25","27.698683","-83.804474","facebook"
"704811310827982848","2016-03-01 23:31:25","19.259489","-99.417770","facebook"
"704811349159878657","2016-03-01 23:31:35","-33.425400","-70.518913","facebook"
"704811362694918144","2016-03-01 23:31:38","-19.149895","-54.495224","facebook"
"704811426586603520","2016-03-01 23:31:53","25.641720","-100.293594","facebook"
"704811441006780416","2016-03-01 23:31:56","-7.859610","113.276634","facebook"
"704811501375385600","2016-03-01 23:32:11","42.308346","0.314300","facebook"
"704811543234519041","2016-03-01 23:32:21","44.321236","-61.811729","facebook"
"704811590206496772","2016-03-01 23:32:32","50.151924","-5.074048","facebook"
"704811621311451136","2016-03-01 23:32:39","-33.483700","-70.649834","facebook"
"704811624515944450","2016-03-01 23:32:40","54.667202","-6.813510","facebook"
"704811643272720384","2016-03-01 23:32:45","19.259489","-99.417770","facebook"
"704811657617416193","2016-03-01 23:32:48","-25.495249","-49.288460","facebook"
"704811728941522944","2016-03-01 23:33:05","38.743614","-9.159995","facebook"
"704811730518581249","2016-03-01 23:33:05","-2.572425","-59.980324","facebook"
"704811732766736384","2016-03-01 23:33:06","53.273502","-6.399521","facebook"
"704811749472661504","2016-03-01 23:33:10","-31.561390","-52.333897","facebook"
"704811765570379776","2016-03-01 23:33:14","41.833584","-87.732010","facebook"
"704811800630468609","2016-03-01 23:33:22","19.259489","-99.417770","facebook"
"704811811552555012","2016-03-01 23:33:25","-33.928146","18.833344","facebook"
"704811812584349708","2016-03-01 23:33:25","-23.146984","-49.973820","facebook"
"704811897720180736","2016-03-01 23:33:45","47.614819","-122.330605","facebook"
"704811954322456576","2016-03-01 23:33:59","34.020790","-118.411903","facebook"
"704812131586334720","2016-03-01 23:34:41","-22.911423","-43.441578","facebook"
"704812166352932864","2016-03-01 23:34:49","39.994682","-82.985771","facebook"
"704812181947342852","2016-03-01 23:34:53","-34.604317","-58.442642","facebook"
"704812234443235328","2016-03-01 23:35:06","-22.911423","-43.441578","facebook"
"704812250595328000","2016-03-01 23:35:09","35.347546","-96.933655","facebook"
"704812294434365440","2016-03-01 23:35:20","51.602394","0.654757","facebook"
"704812372377083905","2016-03-01 23:35:39","53.729572","-1.890031","facebook"
"704812406107729926","2016-03-01 23:35:47","-22.911423","-43.441578","facebook"
"704812453956362240","2016-03-01 23:35:58","-19.604710","-47.969189","facebook"
"704812465431953412","2016-03-01 23:36:01","-34.529881","-58.508385","facebook"
"704812467294089216","2016-03-01 23:36:01","33.412872","-112.424973","facebook"
"704812480619532288","2016-03-01 23:36:04","-1.665726","-83.600800","facebook"
"704812514840674304","2016-03-01 23:36:12","15.201132","-86.243195","facebook"
"704812520695967744","2016-03-01 23:36:14","34.020790","-118.411903","facebook"
"704812552774094849","2016-03-01 23:36:22","-22.911423","-43.441578","facebook"
"704812582377431040","2016-03-01 23:36:29","41.833584","-87.732010","facebook"
"704812593920118784","2016-03-01 23:36:31","35.135670","33.437824","facebook"
"704812597434945537","2016-03-01 23:36:32","8.251583","-84.817612","facebook"
"704812603957096448","2016-03-01 23:36:34","35.211117","-101.816093","facebook"
"704812628925747200","2016-03-01 23:36:40","19.429934","-99.211510","facebook"
"704812630054211584","2016-03-01 23:36:40","-34.604317","-58.442642","facebook"
"704812636190449665","2016-03-01 23:36:41","-33.380360","-70.570717","facebook"
"704812648123252736","2016-03-01 23:36:44","-9.194284","-75.000618","facebook"
"704812706637946880","2016-03-01 23:36:58","-3.789768","-38.519890","facebook"
"704812718512021504","2016-03-01 23:37:01","-23.444183","-58.451706","facebook"
"704812719703244801","2016-03-01 23:37:01","-22.911423","-43.441578","facebook"
"704812790628769794","2016-03-01 23:37:18","33.412872","-112.424973","facebook"
"704812849139425280","2016-03-01 23:37:32","-25.495249","-49.288460","facebook"
"704812892189822977","2016-03-01 23:37:42","53.679886","9.372680","facebook"
"704812895704641536","2016-03-01 23:37:43","-23.682802","-46.595547","facebook"
"704812900091727873","2016-03-01 23:37:44","41.833584","-87.732010","facebook"
"704812908300128257","2016-03-01 23:37:46","38.893448","-77.014648","facebook"
"704813001283608576","2016-03-01 23:38:08","-46.428738","-73.357681","facebook"
"704813013975625728","2016-03-01 23:38:11","-40.929935","0.263786","facebook"
"704813031629438976","2016-03-01 23:38:16","-34.936317","-58.013023","facebook"
"704813047479664641","2016-03-01 23:38:19","32.891914","-97.143295","facebook"
"704813059722907649","2016-03-01 23:38:22","36.492477","-6.271563","facebook"
"704813067159339008","2016-03-01 23:38:24","38.997936","-105.550888","facebook"
"704813075111809024","2016-03-01 23:38:26","53.273502","-6.399521","facebook"
"704813082091134976","2016-03-01 23:38:28","35.682716","-0.629751","facebook"
"704813085610123264","2016-03-01 23:38:29","-28.770388","-49.277340","facebook"
"704813092790738945","2016-03-01 23:38:30","-22.821465","-43.018208","facebook"
"704813109102428161","2016-03-01 23:38:34","-23.682802","-46.595547","facebook"
"704813130686337024","2016-03-01 23:38:39","-22.911423","-43.441578","facebook"
"704813166291718146","2016-03-01 23:38:48","-12.875335","-38.502647","facebook"
"704813241860370432","2016-03-01 23:39:06","31.789669","-115.229179","facebook"
"704813287452467200","2016-03-01 23:39:17","43.598034","-116.237999","facebook"
"704813300182355968","2016-03-01 23:39:20","37.254932","-5.973668","facebook"
"704813319048306688","2016-03-01 23:39:24","-15.776254","-47.796623","facebook"
"704813336622280704","2016-03-01 23:39:28","32.891914","-97.143295","facebook"
"704813339071930368","2016-03-01 23:39:29","-22.911423","-43.441578","facebook"
"704813361972834305","2016-03-01 23:39:34","-23.682802","-46.595547","facebook"
"704813368432074754","2016-03-01 23:39:36","41.117935","-77.604683","facebook"
"704813374589112320","2016-03-01 23:39:37","23.625420","-102.558037","facebook"
"704813377491767296","2016-03-01 23:39:38","32.678207","-83.173866","facebook"
"704813437923303427","2016-03-01 23:39:53","40.780708","-73.968544","facebook"
"704813471687446528","2016-03-01 23:40:01","45.461346","9.159337","facebook"
"704813481984454656","2016-03-01 23:40:03","-22.911423","-43.441578","facebook"
"704813526657994753","2016-03-01 23:40:14","39.116226","-77.128265","facebook"
"704813539043762177","2016-03-01 23:40:17","-22.470360","-41.941330","facebook"
"704813584358871040","2016-03-01 23:40:27","34.669933","135.425034","facebook"
"704813617892360192","2016-03-01 23:40:35","32.924259","-96.544441","facebook"
"704813650918436865","2016-03-01 23:40:43","-22.911423","-43.441578","facebook"
"704813731662962689","2016-03-01 23:41:03","-32.901733","-68.780067","facebook"
"704813735949553664","2016-03-01 23:41:04","-5.186318","-42.784824","facebook"
"704813737715372032","2016-03-01 23:41:04","-37.147575","-60.029846","facebook"
"704813766131752960","2016-03-01 23:41:11","-31.189112","-60.880020","facebook"
"704813772427423744","2016-03-01 23:41:12","-22.911423","-43.441578","facebook"
"704813874642604034","2016-03-01 23:41:37","-34.604317","-58.442642","facebook"
"704813887036624896","2016-03-01 23:41:40","39.968899","-105.141731","facebook"
"704813904963174400","2016-03-01 23:41:44","-22.911423","-43.441578","facebook"
"704813915683856385","2016-03-01 23:41:46","-34.604317","-58.442642","facebook"
"704813937003515906","2016-03-01 23:41:52","-34.604317","-58.442642","facebook"
"704813948391047168","2016-03-01 23:41:54","54.941544","-1.568596","facebook"
"704813959476592640","2016-03-01 23:41:57","10.644985","-61.367748","facebook"
"704814009426513920","2016-03-01 23:42:09","-22.911423","-43.441578","facebook"
"704814024492511232","2016-03-01 23:42:12","41.624218","-87.727615","facebook"
"704814028569321472","2016-03-01 23:42:13","55.858303","-4.241751","facebook"
"704814121234128896","2016-03-01 23:42:35","-22.911423","-43.441578","facebook"
"704814159561510912","2016-03-01 23:42:45","30.206079","-92.061180","facebook"
"704814169619562496","2016-03-01 23:42:47","38.743614","-9.159995","facebook"
"704814190729494528","2016-03-01 23:42:52","51.452522","-0.982030","facebook"
"704814197893279744","2016-03-01 23:42:54","47.657146","-122.354652","facebook"
"704814284170252288","2016-03-01 23:43:14","-20.875328","-54.261875","facebook"
"704814305921908737","2016-03-01 23:43:20","-2.629285","-44.302551","facebook"
"704814325777567744","2016-03-01 23:43:24","13.757901","100.537308","facebook"
"704814331326631936","2016-03-01 23:43:26","25.778679","-100.168716","facebook"
"704814359973728257","2016-03-01 23:43:32","31.310637","-89.338036","facebook"
"704814362733780996","2016-03-01 23:43:33","-34.604317","-58.442642","facebook"
"704814391737368576","2016-03-01 23:43:40","43.418190","-79.645081","facebook"
"704814442773659648","2016-03-01 23:43:52","-22.744930","-42.290733","facebook"
"704814462881107970","2016-03-01 23:43:57","-27.244692","-48.699314","facebook"
"704814492639752197","2016-03-01 23:44:04","-32.874813","-57.501637","facebook"
"704814501414182913","2016-03-01 23:44:06","55.754787","37.427643","facebook"
"704814517876887553","2016-03-01 23:44:10","-22.262964","-45.940907","facebook"
"704814529922912256","2016-03-01 23:44:13","45.534637","-59.328655","facebook"
"704814536633745408","2016-03-01 23:44:15","-28.354246","-53.547951","facebook"
"704814640723861504","2016-03-01 23:44:39","-22.696527","-43.524364","facebook"
"704814655223377920","2016-03-01 23:44:43","29.838495","-95.446487","facebook"
"704814720025534464","2016-03-01 23:44:58","-22.894995","-47.030216","facebook"
"704814748131393538","2016-03-01 23:45:05","38.304558","-92.436775","facebook"
"704814785762893828","2016-03-01 23:45:14","6.094623","-0.255923","facebook"
"704814816725061633","2016-03-01 23:45:21","29.838495","-95.446487","facebook"
"704814856810196992","2016-03-01 23:45:31","44.970612","-93.262047","facebook"
"704814872203112449","2016-03-01 23:45:35","14.567526","121.017212","facebook"
"704814903610232833","2016-03-01 23:45:42","38.743614","-9.159995","facebook"
"704815028785045504","2016-03-01 23:46:12","-20.756784","-42.876217","facebook"
"704815037337243648","2016-03-01 23:46:14","-20.875328","-54.261875","facebook"
"704815076771954688","2016-03-01 23:46:23","-33.848244","150.931976","facebook"
"704815093553430529","2016-03-01 23:46:27","53.794216","-2.264325","facebook"
"704815111081435136","2016-03-01 23:46:31","-27.404671","-55.909710","facebook"
"704815142182191104","2016-03-01 23:46:39","42.767700","-78.747368","facebook"
"704815143260168192","2016-03-01 23:46:39","53.129768","-1.272442","facebook"
"704815173048147969","2016-03-01 23:46:46","-34.311028","-56.747894","facebook"
"704815189690941440","2016-03-01 23:46:50","-33.848244","150.931976","facebook"
"704815190970388486","2016-03-01 23:46:51","-34.819748","-56.229889","facebook"
"704815254576889857","2016-03-01 23:47:06","52.291515","-103.809410","facebook"
"704815262743322626","2016-03-01 23:47:08","-14.239565","-53.184834","facebook"
"704815367915507712","2016-03-01 23:47:33","44.583279","10.852859","facebook"
"704815423896756225","2016-03-01 23:47:46","38.609062","-95.272324","facebook"
"704815487406858240","2016-03-01 23:48:01","36.808514","-76.134018","facebook"
"704815489101537280","2016-03-01 23:48:02","-9.533330","-35.687111","facebook"
"704815528989208577","2016-03-01 23:48:11","15.201132","-86.243195","facebook"
"704815579182530560","2016-03-01 23:48:23","51.547646","-0.060167","facebook"
"704815632626401281","2016-03-01 23:48:36","48.858833","2.347003","facebook"
"704815642868842496","2016-03-01 23:48:38","41.191757","-7.771140","facebook"
"704815701220040704","2016-03-01 23:48:52","-22.911423","-43.441578","facebook"
"704815772875493376","2016-03-01 23:49:09","37.235703","-76.514954","facebook"
"704815783017390081","2016-03-01 23:49:12","44.806053","11.670021","facebook"
"704815789510098944","2016-03-01 23:49:13","-25.495249","-49.288460","facebook"
"704815859815079936","2016-03-01 23:49:30","30.021030","31.224190","facebook"
"704815878274088960","2016-03-01 23:49:34","33.993919","-118.080025","facebook"
"704815913451831296","2016-03-01 23:49:43","-16.642782","-49.261299","facebook"
"704815978174136320","2016-03-01 23:49:58","38.992081","-76.555725","facebook"
"704815978689855491","2016-03-01 23:49:58","36.512493","-82.522583","facebook"
"704815992791244800","2016-03-01 23:50:02","-37.147575","-60.029846","facebook"
"704815999552360448","2016-03-01 23:50:03","26.350777","-80.069252","facebook"
"704816047027838976","2016-03-01 23:50:15","42.746616","-75.770042","facebook"
"704816064467595264","2016-03-01 23:50:19","31.168894","-100.076889","facebook"
"704816145518370816","2016-03-01 23:50:38","-33.869762","25.560511","facebook"
"704816189080473602","2016-03-01 23:50:48","38.743614","-9.159995","facebook"
"704816250480947200","2016-03-01 23:51:03","34.665535","-1.494187","facebook"
"704816273708855296","2016-03-01 23:51:09","23.625420","-102.558037","facebook"
"704816274371649536","2016-03-01 23:51:09","52.506702","13.424606","facebook"
"704816275244097536","2016-03-01 23:51:09","-23.682802","-46.595547","facebook"
"704816310853578752","2016-03-01 23:51:18","19.032228","-98.154266","facebook"
"704816314439897088","2016-03-01 23:51:18","31.672701","36.464874","facebook"
"704816416592154624","2016-03-01 23:51:43","4.262284","-74.243668","facebook"
"704816417422643200","2016-03-01 23:51:43","48.629704","2.441879","facebook"
"704816422174728192","2016-03-01 23:51:44","41.898415","12.545145","facebook"
"704816431754444800","2016-03-01 23:51:46","40.003483","-76.351021","facebook"
"704816457734029312","2016-03-01 23:51:53","45.628105","9.856159","facebook"
"704816503162544128","2016-03-01 23:52:03","-36.618835","-64.292976","facebook"
"704816519729971200","2016-03-01 23:52:07","33.809174","-118.156708","facebook"
"704816523752280064","2016-03-01 23:52:08","39.596848","-105.017784","facebook"
"704816576944607233","2016-03-01 23:52:21","55.837292","-3.222973","facebook"
"704816591591051265","2016-03-01 23:52:24","38.003376","-79.420868","facebook"
"704816600579334144","2016-03-01 23:52:27","34.020790","-118.411903","facebook"
"704816611312533504","2016-03-01 23:52:29","20.790657","-103.484772","facebook"
"704816716346494976","2016-03-01 23:52:54","-23.444183","-58.451706","facebook"
"704816719857111040","2016-03-01 23:52:55","-4.874798","-34.550308","facebook"
"704816823863156736","2016-03-01 23:53:20","27.489807","-109.930740","facebook"
"704816836228071425","2016-03-01 23:53:23","-19.004393","-48.358585","facebook"
"704816875209936896","2016-03-01 23:53:32","33.894928","9.556354","facebook"
"704816887692185601","2016-03-01 23:53:35","26.624908","-80.233246","facebook"
"704816895451648001","2016-03-01 23:53:37","35.974400","-87.129219","facebook"
"704816909829742593","2016-03-01 23:53:40","-37.816700","144.966995","facebook"
"704817030902452228","2016-03-01 23:54:09","42.948841","-81.248787","facebook"
"704817047901896704","2016-03-01 23:54:13","32.779968","-97.285912","facebook"
"704817065522122752","2016-03-01 23:54:17","26.273794","127.756203","facebook"
"704817095297671176","2016-03-01 23:54:25","-23.682802","-46.595547","facebook"
"704817167812960257","2016-03-01 23:54:42","40.780708","-73.968544","facebook"
"704817199119208452","2016-03-01 23:54:49","48.815987","2.316202","facebook"
"704817212239028224","2016-03-01 23:54:52","55.858303","-4.241751","facebook"
"704817308607389697","2016-03-01 23:55:15","-32.251030","-63.777969","facebook"
"704817371035217921","2016-03-01 23:55:30","10.700476","-61.211784","facebook"
"704817446344134656","2016-03-01 23:55:48","-20.280411","-40.292824","facebook"
"704817457060446208","2016-03-01 23:55:51","24.662489","-107.342056","facebook"
"704817463804993536","2016-03-01 23:55:52","42.492847","-83.026993","facebook"
"704817464945737728","2016-03-01 23:55:53","33.935822","-117.397614","facebook"
"704817515122143233","2016-03-01 23:56:05","25.244223","-103.233131","facebook"
"704817533782601728","2016-03-01 23:56:09","32.810013","-117.104988","facebook"
"704817545220640768","2016-03-01 23:56:12","-32.532928","-55.781277","facebook"
"704817559107981313","2016-03-01 23:56:15","33.570526","-101.897171","facebook"
"704817617270398976","2016-03-01 23:56:29","-32.532928","-55.781277","facebook"
"704817656319320064","2016-03-01 23:56:38","-22.613354","-43.718586","facebook"
"704817680847654912","2016-03-01 23:56:44","40.655136","-73.948776","facebook"
"704817691987726340","2016-03-01 23:56:47","-23.513021","-51.099899","facebook"
"704817725558923264","2016-03-01 23:56:55","39.994682","-82.985771","facebook"
"704817737063763968","2016-03-01 23:56:58","32.332874","-116.929100","facebook"
"704817744458416129","2016-03-01 23:56:59","51.435886","-3.185843","facebook"
"704817787802411008","2016-03-01 23:57:10","35.974400","-87.129219","facebook"
"704817796899807234","2016-03-01 23:57:12","50.155857","-5.071383","facebook"
"704817811168878592","2016-03-01 23:57:15","27.238464","31.643873","facebook"
"704817815002308610","2016-03-01 23:57:16","34.058048","-118.300987","facebook"
"704817853384425472","2016-03-01 23:57:25","-36.840401","174.740005","facebook"
"704817858891493376","2016-03-01 23:57:27","38.888519","-104.789330","facebook"
"704817931717361665","2016-03-01 23:57:44","28.508909","-16.337786","facebook"
"704817932979847168","2016-03-01 23:57:44","36.200008","-86.791550","facebook"
"704817940533809154","2016-03-01 23:57:46","15.201132","-86.243195","facebook"
"704817945260781569","2016-03-01 23:57:47","40.780708","-73.968544","facebook"
"704817995688779776","2016-03-01 23:57:59","15.459767","121.034477","facebook"
"704818041557798912","2016-03-01 23:58:10","-29.344755","-50.766796","facebook"
"704818046997651457","2016-03-01 23:58:11","37.269176","-119.306610","facebook"
"704818064567767040","2016-03-01 23:58:16","40.961479","14.396359","facebook"
"704818105470619650","2016-03-01 23:58:25","48.382931","31.181446","facebook"
"704818211242569728","2016-03-01 23:58:51","53.526291","-2.408187","facebook"
"704818216447582208","2016-03-01 23:58:52","34.020790","-118.411903","facebook"
"704818269992198145","2016-03-01 23:59:05","53.354900","-6.247621","facebook"
"704818287050428416","2016-03-01 23:59:09","-34.604317","-58.442642","facebook"
"704818337226858496","2016-03-01 23:59:21","35.974400","-87.129219","facebook"
"704818370349297664","2016-03-01 23:59:29","39.679092","-75.756096","facebook"
"704818423558074368","2016-03-01 23:59:41","34.272572","134.048737","facebook"
"704818435876904960","2016-03-01 23:59:44","37.964935","-122.281281","facebook"
"704818488951574530","2016-03-01 23:59:57","-14.239565","-53.184834","facebook"
"705180744277057537","2016-03-02 23:59:25","-20.318443","-47.826782","facebook"
"705180760345600001","2016-03-02 23:59:29","53.354900","-6.247621","facebook"
"705180822953967616","2016-03-02 23:59:44","-34.600330","-58.802368","facebook"
"705180848622927872","2016-03-02 23:59:50","43.629311","-79.272568","facebook"
"705180861763870720","2016-03-02 23:59:53","-15.776254","-47.796623","facebook"
"705288245005844480","2016-03-03 07:06:35","28.499760","77.550598","facebook"
"705288249799942145","2016-03-03 07:06:37","37.778233","-122.409622","facebook"
"705288310298693632","2016-03-03 07:06:51","51.514481","-0.092911","facebook"
"705288401059090432","2016-03-03 07:07:13","7.878660","80.764656","facebook"
"705288457246142464","2016-03-03 07:07:26","-23.392080","-46.453907","facebook"
"705288490112589824","2016-03-03 07:07:34","-41.252998","174.754333","facebook"
"705541590006124545","2016-03-03 23:53:18","15.201132","-86.243195","facebook"
"705541596222062592","2016-03-03 23:53:19","10.366591","-83.951965","facebook"
"705541599573348352","2016-03-03 23:53:20","18.300032","99.501297","facebook"
"705541605852250112","2016-03-03 23:53:21","24.662489","-107.342056","facebook"
"705541706167427072","2016-03-03 23:53:45","25.641720","-100.293594","facebook"
"705541723464843264","2016-03-03 23:53:49","41.038597","-96.365250","facebook"
"705541729668063232","2016-03-03 23:53:51","24.662489","-107.342056","facebook"
"705541797141819396","2016-03-03 23:54:07","30.021030","31.224190","facebook"
"705541861876719616","2016-03-03 23:54:22","41.824329","-71.416542","facebook"
"705541869489487872","2016-03-03 23:54:24","-23.061419","-45.917442","facebook"
"705541890678992896","2016-03-03 23:54:29","9.866038","-83.920982","facebook"
"705541975018176513","2016-03-03 23:54:49","-22.911423","-43.441578","facebook"
"705542012423053312","2016-03-03 23:54:58","-34.615944","-58.433449","facebook"
"705542042756190209","2016-03-03 23:55:05","38.147591","-85.859489","facebook"
"705542117498691584","2016-03-03 23:55:23","-36.985733","-73.169769","facebook"
"705542126721998848","2016-03-03 23:55:26","-30.099836","-51.159309","facebook"
"705542130115149824","2016-03-03 23:55:26","57.160557","-2.127040","facebook"
"705542152911134721","2016-03-03 23:55:32","41.699486","-87.823570","facebook"
"705542236650541056","2016-03-03 23:55:52","28.062052","-82.613419","facebook"
"705542250508521473","2016-03-03 23:55:55","49.218975","6.811066","facebook"
"705542298474565633","2016-03-03 23:56:06","6.422820","-66.578926","facebook"
"705542306905104385","2016-03-03 23:56:08","41.888401","-87.635498","facebook"
"705542323430563841","2016-03-03 23:56:12","50.455135","-104.640892","facebook"
"705542344607543296","2016-03-03 23:56:17","37.791992","-122.228683","facebook"
"705542371258322944","2016-03-03 23:56:24","40.670784","-74.106369","facebook"
"705542378136834048","2016-03-03 23:56:25","31.168894","-100.076889","facebook"
"705542476342435844","2016-03-03 23:56:49","38.306931","-85.586319","facebook"
"705542499494973440","2016-03-03 23:56:54","8.620261","-70.209290","facebook"
"705542501067853825","2016-03-03 23:56:55","-12.875335","-38.502647","facebook"
"705542535612006400","2016-03-03 23:57:03","13.723121","100.749870","facebook"
"705542552133369856","2016-03-03 23:57:07","25.641720","-100.293594","facebook"
"705542590624477184","2016-03-03 23:57:16","29.838495","-95.446487","facebook"
"705542651211284481","2016-03-03 23:57:31","54.917530","-1.434403","facebook"
"705542656164765696","2016-03-03 23:57:32","-42.910934","-71.322571","facebook"
"705542710019670016","2016-03-03 23:57:45","-29.929770","-51.092300","facebook"
"705542758338056192","2016-03-03 23:57:56","-22.911423","-43.441578","facebook"
"705542802159996928","2016-03-03 23:58:07","25.641720","-100.293594","facebook"
"705542808275292160","2016-03-03 23:58:08","-31.115479","150.935837","facebook"
"705542810091577344","2016-03-03 23:58:08","41.160252","-81.350433","facebook"
"705542820174696448","2016-03-03 23:58:11","41.877247","-71.378006","facebook"
"705542828118691841","2016-03-03 23:58:13","-16.283394","-63.547329","facebook"
"705542889976295424","2016-03-03 23:58:27","4.262284","-74.243668","facebook"
"705542892924743680","2016-03-03 23:58:28","33.668045","-116.278160","facebook"
"705542894229319680","2016-03-03 23:58:28","41.877247","-71.378006","facebook"
"705542905805606912","2016-03-03 23:58:31","-22.894995","-47.030216","facebook"
"705542912117899265","2016-03-03 23:58:33","5.397162","100.314651","facebook"
"705542921903325184","2016-03-03 23:58:35","41.102352","-8.477966","facebook"
"705543016698748929","2016-03-03 23:58:58","41.877247","-71.378006","facebook"
"705543027905961988","2016-03-03 23:59:00","6.422820","-66.578926","facebook"
"705543042086862853","2016-03-03 23:59:04","-22.696527","-43.524364","facebook"
"705543053549899776","2016-03-03 23:59:06","51.489262","-0.088161","facebook"
"705543142947196928","2016-03-03 23:59:28","-19.696077","-43.009251","facebook"
"705543148882284544","2016-03-03 23:59:29","42.831196","-71.660980","facebook"
"705543157677744133","2016-03-03 23:59:31","-22.894995","-47.030216","facebook"
"705543188115812352","2016-03-03 23:59:39","-22.821465","-43.018208","facebook"
"705543233754013696","2016-03-03 23:59:49","39.774345","-89.659691","facebook"
"705543273872490505","2016-03-03 23:59:59","41.877247","-71.378006","facebook"
"705899217055834112","2016-03-04 23:34:22","-0.166571","-78.556679","facebook"
"705899237892952064","2016-03-04 23:34:27","9.185107","-84.009232","facebook"
"705899285141913601","2016-03-04 23:34:39","-12.079635","-77.089607","facebook"
"705899317928861696","2016-03-04 23:34:47","37.431053","31.850166","facebook"
"705899356826824705","2016-03-04 23:34:56","30.674721","31.719513","facebook"
"705899384525955073","2016-03-04 23:35:02","4.262284","-74.243668","facebook"
"705899416461266944","2016-03-04 23:35:10","20.105639","-98.775810","facebook"
"705899455317291008","2016-03-04 23:35:19","-30.099836","-51.159309","facebook"
"705899563878461440","2016-03-04 23:35:45","61.365128","-149.488861","facebook"
"705899587370770432","2016-03-04 23:35:51","33.440716","-82.063187","facebook"
"705899621416050689","2016-03-04 23:35:59","-23.086016","-45.506657","facebook"
"705899647064281088","2016-03-04 23:36:05","51.461742","-0.350692","facebook"
"705899744292380672","2016-03-04 23:36:28","-11.003646","-37.100742","facebook"
"705899770468896768","2016-03-04 23:36:34","50.869808","-1.398682","facebook"
"705899790249410560","2016-03-04 23:36:39","30.674721","31.719513","facebook"
"705899849900826624","2016-03-04 23:36:53","-25.801188","-49.879311","facebook"
"705899856141930503","2016-03-04 23:36:55","35.714069","-6.916355","facebook"
"705899899552817152","2016-03-04 23:37:05","38.888519","-104.789330","facebook"
"705899903747235840","2016-03-04 23:37:06","-8.276487","-35.092480","facebook"
"705899975729745920","2016-03-04 23:37:23","-27.382143","152.993195","facebook"
"705900011884777472","2016-03-04 23:37:32","30.674721","31.719513","facebook"
"705900093585674244","2016-03-04 23:37:51","52.404434","-4.001617","facebook"
"705900153690071040","2016-03-04 23:38:06","40.249973","-85.680893","facebook"
"705900157217476608","2016-03-04 23:38:07","-28.275942","-52.861141","facebook"
"705900178348363777","2016-03-04 23:38:12","43.371845","-4.568508","facebook"
"705900211499995136","2016-03-04 23:38:20","35.482845","-97.552162","facebook"
"705900284468404224","2016-03-04 23:38:37","40.734493","-74.184845","facebook"
"705900307201585152","2016-03-04 23:38:42","23.523079","45.113682","facebook"
"705900321206210560","2016-03-04 23:38:46","37.269176","-119.306610","facebook"
"705900327795453952","2016-03-04 23:38:47","35.686886","139.756363","facebook"
"705900353829490688","2016-03-04 23:38:54","35.482845","-97.552162","facebook"
"705900390420770816","2016-03-04 23:39:02","41.248341","-77.063164","facebook"
"705900451418341377","2016-03-04 23:39:17","34.020790","-118.411903","facebook"
"705900455528951814","2016-03-04 23:39:18","45.782242","4.773767","facebook"
"705900519512997889","2016-03-04 23:39:33","52.296356","5.245154","facebook"
"705900531714121728","2016-03-04 23:39:36","38.269550","-104.622772","facebook"
"705900531915612160","2016-03-04 23:39:36","53.354900","-6.247621","facebook"
"705900545261772800","2016-03-04 23:39:39","32.315662","-95.317039","facebook"
"705900602933567488","2016-03-04 23:39:53","-21.213923","-47.818001","facebook"
"705900631865872384","2016-03-04 23:40:00","4.262284","-74.243668","facebook"
"705900651767832576","2016-03-04 23:40:05","52.667156","-2.451174","facebook"
"705900690913271808","2016-03-04 23:40:14","-22.658068","-43.928856","facebook"
"705900699889082369","2016-03-04 23:40:16","53.419880","-2.915427","facebook"
"705900744185126912","2016-03-04 23:40:27","41.971745","-71.463509","facebook"
"705900747695771648","2016-03-04 23:40:27","53.697784","-2.709936","facebook"
"705900762707193856","2016-03-04 23:40:31","-32.966076","-71.532310","facebook"
"705900772106448896","2016-03-04 23:40:33","34.168255","-111.931709","facebook"
"705900777487908864","2016-03-04 23:40:35","30.674721","31.719513","facebook"
"705900919217455104","2016-03-04 23:41:08","21.196989","-98.327911","facebook"
"705900926284869632","2016-03-04 23:41:10","27.713654","-109.841789","facebook"
"705901078957711361","2016-03-04 23:41:46","53.649918","-6.775433","facebook"
"705901094283710468","2016-03-04 23:41:50","-34.100498","-59.031319","facebook"
"705901105553670144","2016-03-04 23:41:53","36.232914","-115.223122","facebook"
"705901173551734784","2016-03-04 23:42:09","29.417501","-98.540649","facebook"
"705901195345301504","2016-03-04 23:42:14","19.380613","-99.161484","facebook"
"705901209811554304","2016-03-04 23:42:18","51.461742","-0.350692","facebook"
"705901229277372416","2016-03-04 23:42:22","43.911831","17.672752","facebook"
"705901259065335808","2016-03-04 23:42:29","53.753647","-1.707999","facebook"
"705901302556061697","2016-03-04 23:42:40","54.360947","18.690840","facebook"
"705901349372694528","2016-03-04 23:42:51","53.555820","-113.492615","facebook"
"705901402829299712","2016-03-04 23:43:04","-31.424183","-64.493477","facebook"
"705901460916023296","2016-03-04 23:43:17","34.168327","-118.048897","facebook"
"705901465144000517","2016-03-04 23:43:18","-26.261688","-48.966473","facebook"
"705901520672264192","2016-03-04 23:43:32","38.569115","-121.358009","facebook"
"705901550976307200","2016-03-04 23:43:39","41.582977","2.006363","facebook"
"705901588468989952","2016-03-04 23:43:48","-42.834747","147.373520","facebook"
"705901623076392960","2016-03-04 23:43:56","-22.821465","-43.018208","facebook"
"705901696208257024","2016-03-04 23:44:14","-23.682802","-46.595547","facebook"
"705901705431556096","2016-03-04 23:44:16","42.036938","-71.683502","facebook"
"705901746623811585","2016-03-04 23:44:26","4.167158","-74.675102","facebook"
"705901809299300353","2016-03-04 23:44:41","35.209061","-80.846786","facebook"
"705901810951716865","2016-03-04 23:44:41","-37.972569","145.053131","facebook"
"705901878056333312","2016-03-04 23:44:57","13.724604","100.633072","facebook"
"705901882540068864","2016-03-04 23:44:58","37.875847","-122.279518","facebook"
"705901905289957376","2016-03-04 23:45:03","37.616096","-122.479073","facebook"
"705901985388597248","2016-03-04 23:45:22","38.997936","-105.550888","facebook"
"705902008809734145","2016-03-04 23:45:28","-30.099836","-51.159309","facebook"
"705902052170403840","2016-03-04 23:45:38","53.273502","-6.399521","facebook"
"705902054577979392","2016-03-04 23:45:39","-23.682802","-46.595547","facebook"
"705902054968004609","2016-03-04 23:45:39","-30.099836","-51.159309","facebook"
"705902129026834433","2016-03-04 23:45:57","-0.166571","-78.556679","facebook"
"705902178611896321","2016-03-04 23:46:09","-34.443916","-58.647999","facebook"
"705902244760313856","2016-03-04 23:46:24","51.489262","-0.088161","facebook"
"705902297813880832","2016-03-04 23:46:37","38.931549","-94.675095","facebook"
"705902417586556941","2016-03-04 23:47:06","-22.911423","-43.441578","facebook"
"705902425895477248","2016-03-04 23:47:08","30.674721","31.719513","facebook"
"705902473102434304","2016-03-04 23:47:19","36.113262","-5.486559","facebook"
"705902479662313473","2016-03-04 23:47:20","11.685323","-70.189926","facebook"
"705902494040334336","2016-03-04 23:47:24","40.845406","30.055782","facebook"
"705902601896722432","2016-03-04 23:47:49","44.571144","-88.103088","facebook"
"705902624361553920","2016-03-04 23:47:55","-10.907748","-68.432724","facebook"
"705902659954450432","2016-03-04 23:48:03","40.522255","-3.521207","facebook"
"705902732134191104","2016-03-04 23:48:21","40.460957","17.294340","facebook"
"705902755437793280","2016-03-04 23:48:26","40.670879","-73.831184","facebook"
"705902778783297537","2016-03-04 23:48:32","-26.248552","27.945847","facebook"
"705902789529100288","2016-03-04 23:48:34","41.898415","12.545145","facebook"
"705902792083435524","2016-03-04 23:48:35","-21.082455","-46.420174","facebook"
"705902868994220032","2016-03-04 23:48:53","19.055429","-73.054146","facebook"
"705902901059833857","2016-03-04 23:49:01","43.871758","-72.451172","facebook"
"705902939915882496","2016-03-04 23:49:10","-2.572425","-59.980324","facebook"
"705902962447687680","2016-03-04 23:49:15","41.021320","29.005222","facebook"
"705903042357567492","2016-03-04 23:49:34","47.943691","-122.140465","facebook"
"705903088209678336","2016-03-04 23:49:45","40.780708","-73.968544","facebook"
"705903121109807104","2016-03-04 23:49:53","11.685323","-70.189926","facebook"
"705903123274006528","2016-03-04 23:49:54","28.613899","77.208900","facebook"
"705903171072352256","2016-03-04 23:50:05","51.692806","-3.012137","facebook"
"705903189405491200","2016-03-04 23:50:10","37.552483","-122.315422","facebook"
"705903197013938176","2016-03-04 23:50:11","47.678814","-122.061768","facebook"
"705903230648078336","2016-03-04 23:50:19","33.864838","-118.397224","facebook"
"705903292967198720","2016-03-04 23:50:34","-12.875335","-38.502647","facebook"
"705903302593093632","2016-03-04 23:50:37","39.087055","-77.163101","facebook"
"705903327557652481","2016-03-04 23:50:42","41.464420","-90.587677","facebook"
"705903364786225152","2016-03-04 23:50:51","-29.344755","-50.766796","facebook"
"705903432511565825","2016-03-04 23:51:08","20.974661","105.655426","facebook"
"705903458872795136","2016-03-04 23:51:14","48.426731","-123.358376","facebook"
"705903460626128896","2016-03-04 23:51:14","-34.936317","-58.013023","facebook"
"705903487129948160","2016-03-04 23:51:21","-1.272930","-48.459797","facebook"
"705903511486205953","2016-03-04 23:51:26","51.576012","4.642547","facebook"
"705903530293501953","2016-03-04 23:51:31","19.389250","-99.261093","facebook"
"705903530473873408","2016-03-04 23:51:31","42.352787","-83.099289","facebook"
"705903547418877952","2016-03-04 23:51:35","27.698683","-83.804474","facebook"
"705903558596694017","2016-03-04 23:51:38","42.738644","-87.824127","facebook"
"705903561616576512","2016-03-04 23:51:38","-16.642782","-49.261299","facebook"
"705903579551440896","2016-03-04 23:51:43","41.408684","-8.500052","facebook"
"705903598950096896","2016-03-04 23:51:47","28.613899","77.208900","facebook"
"705903599067504640","2016-03-04 23:51:47","-23.863319","-46.290096","facebook"
"705903639240564740","2016-03-04 23:51:57","-12.055468","-77.043968","facebook"
"705903680604807169","2016-03-04 23:52:07","-34.702805","-58.748463","facebook"
"705903686258528257","2016-03-04 23:52:08","37.799896","-122.467720","facebook"
"705903723281645568","2016-03-04 23:52:17","45.536404","-122.630905","facebook"
"705903776209752065","2016-03-04 23:52:29","-0.166571","-78.556679","facebook"
"705903818811158528","2016-03-04 23:52:40","29.838495","-95.446487","facebook"
"705903827485114368","2016-03-04 23:52:42","40.762421","-73.020531","facebook"
"705903835441565696","2016-03-04 23:52:44","37.269176","-119.306610","facebook"
"705903852722253824","2016-03-04 23:52:48","-7.275212","-35.977806","facebook"
"705903874675240962","2016-03-04 23:52:53","53.257282","-6.174398","facebook"
"705903879548968960","2016-03-04 23:52:54","-20.280411","-40.292824","facebook"
"705904007965966337","2016-03-04 23:53:25","49.874748","8.655005","facebook"
"705904011782844420","2016-03-04 23:53:26","-1.272930","-48.459797","facebook"
"705904050768838656","2016-03-04 23:53:35","-23.955463","-46.507507","facebook"
"705904088182104069","2016-03-04 23:53:44","-37.147575","-60.029846","facebook"
"705904122420068352","2016-03-04 23:53:52","3.075327","101.844170","facebook"
"705904156121374721","2016-03-04 23:54:00","38.003376","-79.420868","facebook"
"705904163457101825","2016-03-04 23:54:02","38.997936","-105.550888","facebook"
"705904189474521088","2016-03-04 23:54:08","51.432564","0.361443","facebook"
"705904217186107392","2016-03-04 23:54:15","-35.000767","138.611160","facebook"
"705904224891228160","2016-03-04 23:54:16","38.898602","-77.014397","facebook"
"705904231480426497","2016-03-04 23:54:18","-22.911423","-43.441578","facebook"
"705904236282777600","2016-03-04 23:54:19","-29.137400","-56.128063","facebook"
"705904245371961346","2016-03-04 23:54:21","-34.604317","-58.442642","facebook"
"705904277160652800","2016-03-04 23:54:29","53.931847","-1.207483","facebook"
"705904298886967296","2016-03-04 23:54:34","3.156512","101.578491","facebook"
"705904312816304128","2016-03-04 23:54:37","34.020790","-118.411903","facebook"
"705904348916748288","2016-03-04 23:54:46","51.163475","10.454105","facebook"
"705904350489616384","2016-03-04 23:54:46","31.342382","31.767853","facebook"
"705904368659230720","2016-03-04 23:54:51","14.583306","121.082344","facebook"
"705904373713518593","2016-03-04 23:54:52","-37.147575","-60.029846","facebook"
"705904426767261700","2016-03-04 23:55:05","48.688049","6.173450","facebook"
"705904464033509376","2016-03-04 23:55:13","14.225707","100.603363","facebook"
"705904475752411137","2016-03-04 23:55:16","35.117004","-106.632721","facebook"
"705904490868826116","2016-03-04 23:55:20","3.421298","-76.677834","facebook"
"705904496254308352","2016-03-04 23:55:21","41.165485","28.873478","facebook"
"705904540432867329","2016-03-04 23:55:32","51.576012","4.642547","facebook"
"705904571084726276","2016-03-04 23:55:39","42.505405","-83.105423","facebook"
"705904573899251712","2016-03-04 23:55:40","-22.911423","-43.441578","facebook"
"705904627221467136","2016-03-04 23:55:52","42.587254","-88.456566","facebook"
"705904631285686272","2016-03-04 23:55:53","-23.682802","-46.595547","facebook"
"705904645919662080","2016-03-04 23:55:57","42.352787","-83.099289","facebook"
"705904659433533440","2016-03-04 23:56:00","25.085756","121.561478","facebook"
"705904704308416512","2016-03-04 23:56:11","33.859093","-117.585655","facebook"
"705904745253249025","2016-03-04 23:56:21","43.696960","-79.824471","facebook"
"705904767713865728","2016-03-04 23:56:26","54.921032","-7.866291","facebook"
"705904803742916608","2016-03-04 23:56:34","44.213165","20.926453","facebook"
"705904804728606720","2016-03-04 23:56:35","53.354900","-6.247621","facebook"
"705904815029809152","2016-03-04 23:56:37","-9.194284","-75.000618","facebook"
"705904823816884224","2016-03-04 23:56:39","27.698683","-83.804474","facebook"
"705904836571701248","2016-03-04 23:56:42","-30.099836","-51.159309","facebook"
"705904886999818240","2016-03-04 23:56:54","37.968838","12.974873","facebook"
"705904960161107968","2016-03-04 23:57:12","53.400200","-2.326774","facebook"
"705904968084164608","2016-03-04 23:57:14","51.565197","-0.263141","facebook"
"705905025596448768","2016-03-04 23:57:27","49.356991","6.200111","facebook"
"705905095205064704","2016-03-04 23:57:44","42.036938","-71.683502","facebook"
"705905095930548224","2016-03-04 23:57:44","15.921518","120.318634","facebook"
"705905097050558464","2016-03-04 23:57:44","6.422820","-66.578926","facebook"
"705905146379767808","2016-03-04 23:57:56","-34.682640","-58.351765","facebook"
"705905260586520577","2016-03-04 23:58:23","53.864216","-1.694336","facebook"
"705905264554168320","2016-03-04 23:58:24","36.006256","-115.038338","facebook"
"705905353448419330","2016-03-04 23:58:46","-22.904549","-43.059608","facebook"
"705905437506465793","2016-03-04 23:59:06","-30.235582","-52.978878","facebook"
"705905444074684416","2016-03-04 23:59:07","-23.682802","-46.595547","facebook"
"705905519500914688","2016-03-04 23:59:25","53.729572","-1.890031","facebook"
"705905522789187585","2016-03-04 23:59:26","37.936924","28.175955","facebook"
"705905567953457152","2016-03-04 23:59:37","41.117935","-77.604683","facebook"
"705905570335887361","2016-03-04 23:59:37","42.474518","-2.441854","facebook"
"705905587310039040","2016-03-04 23:59:41","19.055429","-73.054146","facebook"
"705905660874104832","2016-03-04 23:59:59","-22.911423","-43.441578","facebook"
"706189890501812224","2016-03-05 18:49:24","21.098061","-101.601402","facebook"
"706189914166185984","2016-03-05 18:49:30","53.649918","-6.775433","facebook"
"706189981644148737","2016-03-05 18:49:46","53.321472","50.067860","facebook"
"706190003177705472","2016-03-05 18:49:51","6.422820","-66.578926","facebook"
"706190017853583360","2016-03-05 18:49:55","48.382931","31.181446","facebook"
"706190023402647552","2016-03-05 18:49:56","51.546925","-0.109181","facebook"
"706190064255176705","2016-03-05 18:50:06","54.503548","18.463659","facebook"
"706190072912220161","2016-03-05 18:50:08","28.855843","-81.680763","facebook"
"706190109129871360","2016-03-05 18:50:17","38.997936","-105.550888","facebook"
"706190122652336129","2016-03-05 18:50:20","49.257641","-123.123581","facebook"
"706190130680373248","2016-03-05 18:50:22","53.774090","-2.701638","facebook"
"706190131343048704","2016-03-05 18:50:22","21.334728","41.137367","facebook"
"706190184849809409","2016-03-05 18:50:35","-26.625156","27.938713","facebook"
"706190189052497920","2016-03-05 18:50:36","50.703472","7.116586","facebook"
"706190207683432448","2016-03-05 18:50:40","39.685852","-105.123322","facebook"
"706190252340187136","2016-03-05 18:50:51","44.145435","-120.583405","facebook"
"706190255506853888","2016-03-05 18:50:51","19.054625","-98.200996","facebook"
"706190353569751041","2016-03-05 18:51:15","35.919441","-79.026016","facebook"
"706190368220446720","2016-03-05 18:51:18","37.450127","-122.200485","facebook"
"706190368744849408","2016-03-05 18:51:18","37.081730","23.503527","facebook"
"706190389594558464","2016-03-05 18:51:23","47.614819","-122.330605","facebook"
"706190397261754369","2016-03-05 18:51:25","39.685852","-105.123322","facebook"
"706190462269460481","2016-03-05 18:51:41","18.390665","-65.922668","facebook"
"706190513980968960","2016-03-05 18:51:53","-22.590788","-42.963905","facebook"
"706190570654289921","2016-03-05 18:52:07","32.678207","-83.173866","facebook"
"706190586894659584","2016-03-05 18:52:10","31.452274","-106.568008","facebook"
"706190605316198404","2016-03-05 18:52:15","29.838495","-95.446487","facebook"
"706190659561115649","2016-03-05 18:52:28","41.117935","-77.604683","facebook"
"706190739345174535","2016-03-05 18:52:47","42.109253","-72.000473","facebook"
"706190778624819200","2016-03-05 18:52:56","38.366051","-0.430085","facebook"
"706190792814100480","2016-03-05 18:53:00","41.048946","28.661253","facebook"
"706190843162460160","2016-03-05 18:53:12","7.878660","80.764656","facebook"
"706190979380826113","2016-03-05 18:53:44","34.020790","-118.411903","facebook"
"706191009525399553","2016-03-05 18:53:51","34.264542","-118.516380","facebook"
"706191042551410688","2016-03-05 18:53:59","52.163822","5.395513","facebook"
"706191046154297344","2016-03-05 18:54:00","42.352787","-83.099289","facebook"
"706191085341638656","2016-03-05 18:54:09","24.993462","55.551170","facebook"
"706191098230804480","2016-03-05 18:54:12","42.036140","-87.893921","facebook"
"706191119801909248","2016-03-05 18:54:18","37.269176","-119.306610","facebook"
"706191126202589184","2016-03-05 18:54:19","55.604118","-2.765850","facebook"
"706191197413322752","2016-03-05 18:54:36","34.020790","-118.411903","facebook"
"706191240149258240","2016-03-05 18:54:46","-22.911423","-43.441578","facebook"
"706191251951849472","2016-03-05 18:54:49","33.935822","-117.397614","facebook"
"706191332121776128","2016-03-05 18:55:08","30.181252","-95.539848","facebook"
"706191340250472449","2016-03-05 18:55:10","-22.911423","-43.441578","facebook"
"706191390619869185","2016-03-05 18:55:22","38.898602","-77.014397","facebook"
"706191422844588034","2016-03-05 18:55:30","27.713654","-109.841789","facebook"
"706191465811206144","2016-03-05 18:55:40","-31.561390","-52.333897","facebook"
"706191504545615872","2016-03-05 18:55:49","51.584991","0.078863","facebook"
"706191540302041090","2016-03-05 18:55:58","38.956604","35.243221","facebook"
"706191555892215808","2016-03-05 18:56:01","-37.147575","-60.029846","facebook"
"706191586909163521","2016-03-05 18:56:09","53.772617","-2.380794","facebook"
"706191602658594816","2016-03-05 18:56:13","32.820358","-97.265045","facebook"
"706191603036233728","2016-03-05 18:56:13","51.585140","13.721366","facebook"
"706191634648604672","2016-03-05 18:56:20","46.727291","-122.971886","facebook"
"706191646757625856","2016-03-05 18:56:23","38.898602","-77.014397","facebook"
"706191687496949762","2016-03-05 18:56:33","42.474518","-2.441854","facebook"
"706191697928060928","2016-03-05 18:56:35","35.170498","-79.861031","facebook"
"706191708325814274","2016-03-05 18:56:38","53.725826","-2.334147","facebook"
"706191739640553472","2016-03-05 18:56:45","-2.512995","-80.091194","facebook"
"706191792249683968","2016-03-05 18:56:58","40.655136","-73.948776","facebook"
"706191913905463297","2016-03-05 18:57:27","4.262284","-74.243668","facebook"
"706191925032968192","2016-03-05 18:57:29","-0.166571","-78.556679","facebook"
"706191931609579520","2016-03-05 18:57:31","14.633515","-61.019424","facebook"
"706191938907602944","2016-03-05 18:57:33","34.002274","-81.036064","facebook"
"706191942368018432","2016-03-05 18:57:34","38.630753","-90.191017","facebook"
"706191970490785792","2016-03-05 18:57:40","44.320831","-76.473114","facebook"
"706191985296728064","2016-03-05 18:57:44","55.858303","-4.241751","facebook"
"706192070155722753","2016-03-05 18:58:04","34.020790","-118.411903","facebook"
"706192111884849152","2016-03-05 18:58:14","16.988890","-96.717087","facebook"
"706192147272237057","2016-03-05 18:58:22","34.020790","-118.411903","facebook"
"706192195657793536","2016-03-05 18:58:34","-22.206564","-42.379894","facebook"
"706192204843212800","2016-03-05 18:58:36","33.100143","-96.817886","facebook"
"706192231452033025","2016-03-05 18:58:43","40.411224","-74.528191","facebook"
"706192251018416128","2016-03-05 18:58:47","43.318657","-3.022770","facebook"
"706192278109495296","2016-03-05 18:58:54","40.047352","-75.453003","facebook"
"706192290323238913","2016-03-05 18:58:57","53.401035","-8.307638","facebook"
"706192481982005249","2016-03-05 18:59:42","43.835632","4.225082","facebook"
"706192507869208581","2016-03-05 18:59:48","59.934147","30.328697","facebook"
"706192542161879040","2016-03-05 18:59:57","48.382931","31.181446","facebook"
"706192549438955522","2016-03-05 18:59:58","52.969719","-1.172266","facebook"
"706192550881787904","2016-03-05 18:59:59","-23.682802","-46.595547","facebook"
"706192580741107713","2016-03-05 19:00:06","-23.682802","-46.595547","facebook"
"706192599095382016","2016-03-05 19:00:10","-34.604317","-58.442642","facebook"
"706192654141362176","2016-03-05 19:00:23","43.509796","-5.691944","facebook"
"706192692565381122","2016-03-05 19:00:32","51.959671","5.976414","facebook"
"706192722894393344","2016-03-05 19:00:40","52.969719","-1.172266","facebook"
"706192766301245441","2016-03-05 19:00:50","36.748146","-5.737294","facebook"
"706192790867279872","2016-03-05 19:00:56","41.408848","-82.362198","facebook"
"706192813034065921","2016-03-05 19:01:01","49.257641","-123.123581","facebook"
"706192816716779521","2016-03-05 19:01:02","52.231640","5.160554","facebook"
"706192923424124928","2016-03-05 19:01:28","52.969719","-1.172266","facebook"
"706192928348176384","2016-03-05 19:01:29","51.592060","-2.752942","facebook"
"706192939698003968","2016-03-05 19:01:31","25.911114","-80.196411","facebook"
"706192964666724352","2016-03-05 19:01:37","40.973591","39.517937","facebook"
"706192976855195648","2016-03-05 19:01:40","39.386795","-104.847046","facebook"
"706192979992690693","2016-03-05 19:01:41","29.596249","31.570606","facebook"
"706192982370820098","2016-03-05 19:01:42","40.757641","31.104038","facebook"
"706192997369696258","2016-03-05 19:01:45","-25.495249","-49.288460","facebook"
"706193008278896640","2016-03-05 19:01:48","37.770657","-122.435982","facebook"
"706193019578540032","2016-03-05 19:01:50","40.655136","-73.948776","facebook"
"706193027010678784","2016-03-05 19:01:52","19.485785","-99.182129","facebook"
"706193029808304128","2016-03-05 19:01:53","13.738029","-89.378326","facebook"
"706193045683884034","2016-03-05 19:01:57","41.817085","-71.421829","facebook"
"706193067779366912","2016-03-05 19:02:02","29.417501","-98.540649","facebook"
"706193115976245248","2016-03-05 19:02:13","40.202797","29.120529","facebook"
"706193118748659712","2016-03-05 19:02:14","37.460072","15.030848","facebook"
"706193125203697664","2016-03-05 19:02:16","-2.572425","-59.980324","facebook"
"706193133252513793","2016-03-05 19:02:18","-26.019720","27.957458","facebook"
"706193154270035968","2016-03-05 19:02:23","43.555244","-79.616074","facebook"
"706193177280118784","2016-03-05 19:02:28","40.780708","-73.968544","facebook"
"706193243499831298","2016-03-05 19:02:44","-23.405823","-51.968330","facebook"
"706193324156260352","2016-03-05 19:03:03","42.883274","-87.896835","facebook"
"706193369307942912","2016-03-05 19:03:14","15.201132","-86.243195","facebook"
"706193370910056448","2016-03-05 19:03:14","29.982601","-90.011009","facebook"
"706193390984159232","2016-03-05 19:03:19","6.422820","-66.578926","facebook"
"706193392284393472","2016-03-05 19:03:19","43.484428","-1.460824","facebook"
"706193398965932034","2016-03-05 19:03:21","41.411701","-81.922539","facebook"
"706193404837945345","2016-03-05 19:03:22","30.476215","-84.266174","facebook"
"706193450337755136","2016-03-05 19:03:33","42.124439","-75.969467","facebook"
"706193507866820608","2016-03-05 19:03:47","30.476215","-84.266174","facebook"
"706193521527517184","2016-03-05 19:03:50","20.790657","-103.484772","facebook"
"706193552183721984","2016-03-05 19:03:57","18.725815","-68.623482","facebook"
"706193557581729793","2016-03-05 19:03:59","38.003376","-79.420868","facebook"
"706193713337409536","2016-03-05 19:04:36","38.003376","-79.420868","facebook"
"706193739182571520","2016-03-05 19:04:42","37.269176","-119.306610","facebook"
"706193807805698048","2016-03-05 19:04:58","-30.099836","-51.159309","facebook"
"706193861740072960","2016-03-05 19:05:11","30.730387","76.776527","facebook"
"706193919198027778","2016-03-05 19:05:25","53.278942","-2.896507","facebook"
"706193920691011584","2016-03-05 19:05:25","13.755726","100.498314","facebook"
"706193933026463745","2016-03-05 19:05:28","35.969101","-114.908997","facebook"
"706194019248906241","2016-03-05 19:05:49","51.489262","-0.088161","facebook"
"706194031164968960","2016-03-05 19:05:52","24.993462","55.551170","facebook"
"706194043705819136","2016-03-05 19:05:55","14.483414","121.010803","facebook"
"706194200509947904","2016-03-05 19:06:32","51.585018","5.063624","facebook"
"706194223209410560","2016-03-05 19:06:37","34.020790","-118.411903","facebook"
"706194258210922496","2016-03-05 19:06:46","21.319944","-157.799591","facebook"
"706194275453812736","2016-03-05 19:06:50","47.599846","18.202604","facebook"
"706194277395599360","2016-03-05 19:06:50","34.243999","-118.898766","facebook"
"706194286950248448","2016-03-05 19:06:53","34.020790","-118.411903","facebook"
"706194293627731968","2016-03-05 19:06:54","-32.532928","-55.781277","facebook"
"706194311650488320","2016-03-05 19:06:59","46.758335","-92.122841","facebook"
"706194317648519168","2016-03-05 19:07:00","50.810314","-0.049780","facebook"
"706194335046328320","2016-03-05 19:07:04","37.269176","-119.306610","facebook"
"706194386816733184","2016-03-05 19:07:16","50.196171","2.880996","facebook"
"706194404978065409","2016-03-05 19:07:21","-26.142712","27.874292","facebook"
"706194426037669889","2016-03-05 19:07:26","53.801956","-1.565490","facebook"
"706194426910154752","2016-03-05 19:07:26","43.260696","-79.913521","facebook"
"706194505272332289","2016-03-05 19:07:45","53.906040","-6.395643","facebook"
"706194516894560256","2016-03-05 19:07:47","32.820358","-97.265045","facebook"
"706194537182441472","2016-03-05 19:07:52","28.638489","77.095085","facebook"
"706194564823064576","2016-03-05 19:07:59","41.748497","-88.161324","facebook"
"706194605801283584","2016-03-05 19:08:09","32.696541","-97.120369","facebook"
"706194627565654017","2016-03-05 19:08:14","52.354729","4.904054","facebook"
"706194644850192384","2016-03-05 19:08:18","37.523643","-121.979530","facebook"
"706194664714416128","2016-03-05 19:08:23","-30.099836","-51.159309","facebook"
"706194826065268737","2016-03-05 19:09:01","40.781052","-73.252296","facebook"
"706194860689235974","2016-03-05 19:09:09","38.956604","35.243221","facebook"
"706195037458018304","2016-03-05 19:09:52","37.269176","-119.306610","facebook"
"706195037688885248","2016-03-05 19:09:52","25.816965","-80.132965","facebook"
