"704758854840676353","2016-03-01 20:02:59","-34.640148","-58.691364","house of cards"
"704759141127036928","2016-03-01 20:04:07","-37.147575","-60.029846","house of cards"
"704760696169431040","2016-03-01 20:10:18","24.905075","67.042191","house of cards"
"704761943450640385","2016-03-01 20:15:15","49.803589","15.475451","house of cards"
"704763253939953665","2016-03-01 20:20:28","-34.604317","-58.442642","house of cards"
"704763521129644032","2016-03-01 20:21:31","43.057037","-77.641937","house of cards"
"704765045784322048","2016-03-01 20:27:35","51.903862","-9.033307","house of cards"
"704765102533308416","2016-03-01 20:27:49","25.816965","-80.132965","house of cards"
"704766233275736064","2016-03-01 20:32:18","-23.682802","-46.595547","house of cards"
"704767905582415874","2016-03-01 20:38:57","51.546925","-0.109181","house of cards"
"704769794667581441","2016-03-01 20:46:27","53.354900","-6.247621","house of cards"
"704772347832745990","2016-03-01 20:56:36","-23.682802","-46.595547","house of cards"
"704773616672620544","2016-03-01 21:01:38","57.739452","-4.200441","house of cards"
"704774548001054724","2016-03-01 21:05:20","-34.752796","-58.418858","house of cards"
"704775780027473920","2016-03-01 21:10:14","57.739452","-4.200441","house of cards"
"704777949187280897","2016-03-01 21:18:51","36.764877","-4.424031","house of cards"
"704778387911475200","2016-03-01 21:20:36","40.365162","-82.669464","house of cards"
"704785687191625730","2016-03-01 21:49:36","51.903862","-9.033307","house of cards"
"704786393483055104","2016-03-01 21:52:25","39.629314","-79.943840","house of cards"
"704787295333961728","2016-03-01 21:56:00","-37.416203","-72.362808","house of cards"
"704787880204333056","2016-03-01 21:58:19","33.552864","-112.124680","house of cards"
"704787936944893952","2016-03-01 21:58:33","32.678207","-83.173866","house of cards"
"704788378076778497","2016-03-01 22:00:18","53.408348","-4.343158","house of cards"
"704789490649399297","2016-03-01 22:04:43","50.855019","4.375468","house of cards"
"704792409524187136","2016-03-01 22:16:19","30.585470","-96.291649","house of cards"
"704792871396909057","2016-03-01 22:18:09","39.269676","-76.857971","house of cards"
"704793856873730048","2016-03-01 22:22:04","30.094154","-81.718811","house of cards"
"704794936089157632","2016-03-01 22:26:21","41.086918","-85.170052","house of cards"
"704797534527426560","2016-03-01 22:36:41","25.187719","51.147217","house of cards"
"704798688552554496","2016-03-01 22:41:16","-25.495249","-49.288460","house of cards"
"704802512939917312","2016-03-01 22:56:28","51.454105","-0.017990","house of cards"
"704803587948421121","2016-03-01 23:00:44","-4.874798","-34.550308","house of cards"
"704804453707341824","2016-03-01 23:04:11","-34.702244","-58.390118","house of cards"
"704804832209670144","2016-03-01 23:05:41","40.365162","-82.669464","house of cards"
"704806404209713154","2016-03-01 23:11:56","38.951260","-76.719666","house of cards"
"704806491585441792","2016-03-01 23:12:16","-32.883343","-68.866684","house of cards"
"704806501727211520","2016-03-01 23:12:19","35.843983","-78.657837","house of cards"
"704807214834425856","2016-03-01 23:15:09","40.780708","-73.968544","house of cards"
"704808206862782464","2016-03-01 23:19:05","-34.604317","-58.442642","house of cards"
"704809166901215232","2016-03-01 23:22:54","-35.422470","-71.603767","house of cards"
"704809295016292352","2016-03-01 23:23:25","52.665310","-7.232465","house of cards"
"704809749737562116","2016-03-01 23:25:13","33.767193","-84.433105","house of cards"
"704810099638996994","2016-03-01 23:26:37","46.855858","-71.341057","house of cards"
"704810724326023169","2016-03-01 23:29:06","42.295067","-83.002083","house of cards"
"704811089092071425","2016-03-01 23:30:33","51.555248","-0.080496","house of cards"
"704811204062093312","2016-03-01 23:31:00","51.514832","-0.035020","house of cards"
"704811509252235264","2016-03-01 23:32:13","40.885189","-81.382698","house of cards"
"704812075911139328","2016-03-01 23:34:28","64.893059","-19.006821","house of cards"
"704813101871407104","2016-03-01 23:38:32","56.677139","-3.006924","house of cards"
"704813415278055424","2016-03-01 23:39:47","41.495941","-81.705467","house of cards"
"704813636015919104","2016-03-01 23:40:40","37.396854","-122.081444","house of cards"
"704862125618024448","2016-03-02 02:53:21","31.214489","-81.504906","house of cards"
"704863307593863168","2016-03-02 02:58:02","-19.918692","-43.959824","house of cards"
"704864222883221504","2016-03-02 03:01:41","40.968536","-73.686020","house of cards"
"704864367636910080","2016-03-02 03:02:15","31.547449","-97.169159","house of cards"
"704864543789490178","2016-03-02 03:02:57","40.107483","-88.279221","house of cards"
"704865461050195968","2016-03-02 03:06:36","42.669888","-83.034363","house of cards"
"704866418010038272","2016-03-02 03:10:24","41.934631","-87.884865","house of cards"
"704867544868511744","2016-03-02 03:14:53","-11.003646","-37.100742","house of cards"
"704867611079786496","2016-03-02 03:15:08","-12.079635","-77.089607","house of cards"
"704867933177024512","2016-03-02 03:16:25","26.270693","-80.177879","house of cards"
"704868367086297088","2016-03-02 03:18:09","38.898602","-77.014397","house of cards"
"704870121739677696","2016-03-02 03:25:07","42.746616","-75.770042","house of cards"
"704870618785718272","2016-03-02 03:27:06","28.638489","77.095085","house of cards"
"704870852739919873","2016-03-02 03:28:01","40.670879","-73.831184","house of cards"
"704871969888448512","2016-03-02 03:32:28","32.920540","-96.426804","house of cards"
"704874925509640192","2016-03-02 03:44:12","32.779968","-97.285912","house of cards"
"704875064987152384","2016-03-02 03:44:46","-33.536510","-70.624077","house of cards"
"704875206989520896","2016-03-02 03:45:19","39.629314","-79.943840","house of cards"
"704875411633602560","2016-03-02 03:46:08","35.182751","-111.635147","house of cards"
"704875486950899712","2016-03-02 03:46:26","-23.682802","-46.595547","house of cards"
"704876316244447232","2016-03-02 03:49:44","36.087170","-80.244987","house of cards"
"704876427011874816","2016-03-02 03:50:10","35.830521","-85.978600","house of cards"
"704876507689136129","2016-03-02 03:50:30","37.715782","-122.066475","house of cards"
"704876579323654145","2016-03-02 03:50:47","33.552864","-112.124680","house of cards"
"704878658905841664","2016-03-02 03:59:02","-34.646236","-58.611755","house of cards"
"704879267943845889","2016-03-02 04:01:28","47.273022","-120.882484","house of cards"
"704879897433513985","2016-03-02 04:03:58","35.209061","-80.846786","house of cards"
"704880198253047808","2016-03-02 04:05:09","30.323345","-97.754723","house of cards"
"704881381155823616","2016-03-02 04:09:51","18.373829","-66.112938","house of cards"
"704882546245394433","2016-03-02 04:14:29","37.770657","-122.435982","house of cards"
"704883393876463618","2016-03-02 04:17:51","33.202496","-97.114769","house of cards"
"704883444652748800","2016-03-02 04:18:03","32.660675","-114.419121","house of cards"
"704883590505635840","2016-03-02 04:18:38","-14.239565","-53.184834","house of cards"
"704884102999232512","2016-03-02 04:20:40","-34.565498","-59.108772","house of cards"
"704885391246159872","2016-03-02 04:25:48","-27.609692","-48.478897","house of cards"
"704886364802834432","2016-03-02 04:29:40","-22.821465","-43.018208","house of cards"
"704886418561220608","2016-03-02 04:29:52","39.739300","-89.266510","house of cards"
"704886924205498368","2016-03-02 04:31:53","9.315605","-75.434212","house of cards"
"704887477971107841","2016-03-02 04:34:05","34.795940","-82.342270","house of cards"
"704889021206364160","2016-03-02 04:40:13","38.498196","-98.319923","house of cards"
"704889748872163328","2016-03-02 04:43:07","-34.772369","-58.589306","house of cards"
"704890076803801088","2016-03-02 04:44:25","33.552864","-112.124680","house of cards"
"704892376943337474","2016-03-02 04:53:33","37.331158","-121.873734","house of cards"
"704893868609765376","2016-03-02 04:59:29","-33.742275","-61.974632","house of cards"
"704894270696771589","2016-03-02 05:01:05","40.197239","-85.391350","house of cards"
"704894585890316289","2016-03-02 05:02:20","-29.447285","-52.023022","house of cards"
"704894875997773824","2016-03-02 05:03:29","33.552864","-112.124680","house of cards"
"704897876015636483","2016-03-02 05:15:24","-22.282255","-41.977741","house of cards"
"704898613428789248","2016-03-02 05:18:20","35.919441","-79.026016","house of cards"
"704901320583548928","2016-03-02 05:29:05","27.698683","-83.804474","house of cards"
"704903597151145985","2016-03-02 05:38:08","33.196602","-87.533409","house of cards"
"704905007980748800","2016-03-02 05:43:45","46.730824","-117.154266","house of cards"
"704905517236359168","2016-03-02 05:45:46","-23.682802","-46.595547","house of cards"
"704905734266421248","2016-03-02 05:46:38","28.501678","-81.367775","house of cards"
"704906702861246465","2016-03-02 05:50:29","35.309048","-98.716995","house of cards"
"704907902574858240","2016-03-02 05:55:15","40.023983","-105.242683","house of cards"
"704910361112215552","2016-03-02 06:05:01","44.900894","-89.583984","house of cards"
"704916071548133376","2016-03-02 06:27:42","41.833584","-87.732010","house of cards"
"704916118306164737","2016-03-02 06:27:53","40.705597","-73.977715","house of cards"
"704916187319300097","2016-03-02 06:28:10","33.842861","-117.851089","house of cards"
"704921707434393600","2016-03-02 06:50:06","44.012348","-79.319191","house of cards"
"704923636742889472","2016-03-02 06:57:46","32.189392","-110.915573","house of cards"
"704937700877594624","2016-03-02 07:53:39","36.830799","-119.636192","house of cards"
"704938140017041408","2016-03-02 07:55:24","47.614819","-122.330605","house of cards"
"704942120260530177","2016-03-02 08:11:13","53.401035","-8.307638","house of cards"
"704949385113763840","2016-03-02 08:40:05","57.091934","-4.010888","house of cards"
"704952740041113600","2016-03-02 08:53:25","30.323345","-97.754723","house of cards"
"704954290066968576","2016-03-02 08:59:34","13.771952","100.583580","house of cards"
"704957782945038336","2016-03-02 09:13:27","-37.972569","145.053131","house of cards"
"704959687867961344","2016-03-02 09:21:01","-31.470890","-55.313278","house of cards"
"704960737194741760","2016-03-02 09:25:11","52.292416","21.112728","house of cards"
"704961535412600832","2016-03-02 09:28:22","2.449285","103.035248","house of cards"
"704971654171140096","2016-03-02 10:08:34","-25.495249","-49.288460","house of cards"
"704972077539807232","2016-03-02 10:10:15","30.323345","-97.754723","house of cards"
"704972296608358400","2016-03-02 10:11:07","-31.763147","150.832596","house of cards"
"704979326836543488","2016-03-02 10:39:04","-34.490219","-58.540756","house of cards"
"704980955325272064","2016-03-02 10:45:32","14.683012","121.062737","house of cards"
"704983855342751744","2016-03-02 10:57:03","51.460339","-0.115406","house of cards"
"704984754668441600","2016-03-02 11:00:38","18.379658","-66.159569","house of cards"
"704985427518709760","2016-03-02 11:03:18","34.020790","-118.411903","house of cards"
"704986786460786688","2016-03-02 11:08:42","51.510563","5.398439","house of cards"
"704988319743016962","2016-03-02 11:14:48","-31.760178","-60.513165","house of cards"
"704997946186735616","2016-03-02 11:53:03","51.343357","0.732258","house of cards"
"705001872579497984","2016-03-02 12:08:39","0.586678","-50.693466","house of cards"
"705007414274236416","2016-03-02 12:30:40","51.274689","-114.009239","house of cards"
"705012085919518725","2016-03-02 12:49:14","40.746380","-74.032257","house of cards"
"705013416914763776","2016-03-02 12:54:31","-22.737225","-42.043358","house of cards"
"705019878860697601","2016-03-02 13:20:12","55.680874","12.579942","house of cards"
"705021759712579584","2016-03-02 13:27:40","29.596249","31.570606","house of cards"
"705023115798179840","2016-03-02 13:33:04","-23.682802","-46.595547","house of cards"
"705024702637608960","2016-03-02 13:39:22","40.780708","-73.968544","house of cards"
"705026868399853569","2016-03-02 13:47:58","38.653770","-90.247826","house of cards"
"705029800247689218","2016-03-02 13:59:37","28.802534","-96.972916","house of cards"
"705030087305854976","2016-03-02 14:00:46","42.290524","-85.565689","house of cards"
"705030396803686400","2016-03-02 14:02:00","42.979881","-81.315796","house of cards"
"705031615672655873","2016-03-02 14:06:50","52.232834","21.061790","house of cards"
"705033294031642624","2016-03-02 14:13:30","42.746719","-84.481628","house of cards"
"705035368488312832","2016-03-02 14:21:45","39.100048","-94.559280","house of cards"
"705037936580931584","2016-03-02 14:31:57","-32.150101","115.928322","house of cards"
"705040573909102593","2016-03-02 14:42:26","51.807129","-0.192377","house of cards"
"705040638547501056","2016-03-02 14:42:41","-22.911423","-43.441578","house of cards"
"705041633411108864","2016-03-02 14:46:39","51.027664","-114.087852","house of cards"
"705043676754530305","2016-03-02 14:54:46","-1.274863","36.863621","house of cards"
"705044003713126401","2016-03-02 14:56:04","38.996971","-76.934486","house of cards"
"705044203152252928","2016-03-02 14:56:51","53.383163","-1.449612","house of cards"
"705044491246379008","2016-03-02 14:58:00","10.329967","-2.182900","house of cards"
"705044810424430592","2016-03-02 14:59:16","51.027664","-114.087852","house of cards"
"705046281530404864","2016-03-02 15:05:07","38.498196","-98.319923","house of cards"
"705048783000883201","2016-03-02 15:15:03","-1.272930","-48.459797","house of cards"
"705050020840611841","2016-03-02 15:19:58","-32.532928","-55.781277","house of cards"
"705050174897451008","2016-03-02 15:20:35","-34.565498","-59.108772","house of cards"
"705050839887515648","2016-03-02 15:23:14","33.943459","-84.352448","house of cards"
"705051765591269376","2016-03-02 15:26:54","3.051220","101.552666","house of cards"
"705053382696902656","2016-03-02 15:33:20","40.780708","-73.968544","house of cards"
"705053810251710465","2016-03-02 15:35:02","27.996595","-82.442696","house of cards"
"705056082415259648","2016-03-02 15:44:04","0.586678","-50.693466","house of cards"
"705057072992288768","2016-03-02 15:48:00","19.251530","-99.579910","house of cards"
"705057311979659264","2016-03-02 15:48:57","52.339577","4.822442","house of cards"
"705058073631522816","2016-03-02 15:51:58","31.789669","-115.229179","house of cards"
"705058728849088512","2016-03-02 15:54:34","42.968716","-85.924873","house of cards"
"705059724572516352","2016-03-02 15:58:32","38.805115","-77.236969","house of cards"
"705060141008359424","2016-03-02 16:00:11","38.898602","-77.014397","house of cards"
"705061805886930944","2016-03-02 16:06:48","40.409321","-80.083672","house of cards"
"705065727351455746","2016-03-02 16:22:23","37.942184","-4.484295","house of cards"
"705066717412782084","2016-03-02 16:26:19","33.767193","-84.433105","house of cards"
"705066961084919808","2016-03-02 16:27:17","34.020790","-118.411903","house of cards"
"705069470838951936","2016-03-02 16:37:16","47.667439","-117.434547","house of cards"
"705070982378217472","2016-03-02 16:43:16","53.456951","-2.233480","house of cards"
"705072337843036161","2016-03-02 16:48:39","53.273502","-6.399521","house of cards"
"705074341185261569","2016-03-02 16:56:37","-21.708015","-43.422867","house of cards"
"705076083159392256","2016-03-02 17:03:32","42.169075","-76.804749","house of cards"
"705076109138853889","2016-03-02 17:03:38","-22.282255","-41.977741","house of cards"
"705076502736416768","2016-03-02 17:05:12","32.797554","-96.774017","house of cards"
"705077110533201922","2016-03-02 17:07:37","-37.147575","-60.029846","house of cards"
"705077321296953345","2016-03-02 17:08:27","51.698078","-0.735630","house of cards"
"705079062402887680","2016-03-02 17:15:22","40.655136","-73.948776","house of cards"
"705079244968210432","2016-03-02 17:16:06","40.780708","-73.968544","house of cards"
"705079611395182592","2016-03-02 17:17:33","36.612350","-88.324646","house of cards"
"705081088415297536","2016-03-02 17:23:25","39.037579","-95.690735","house of cards"
"705081399787855873","2016-03-02 17:24:40","39.629314","-79.943840","house of cards"
"705082127050633216","2016-03-02 17:27:33","36.129688","-97.080208","house of cards"
"705084612570128384","2016-03-02 17:37:26","53.801956","-1.565490","house of cards"
"705086120284065794","2016-03-02 17:43:25","25.596807","-80.385750","house of cards"
"705086569032638464","2016-03-02 17:45:12","-2.572425","-59.980324","house of cards"
"705086858821308420","2016-03-02 17:46:21","-28.739046","-49.360477","house of cards"
"705088687881764864","2016-03-02 17:53:37","38.181561","-83.434837","house of cards"
"705088812599353345","2016-03-02 17:54:07","43.056721","-87.967293","house of cards"
"705088968669446144","2016-03-02 17:54:44","45.248791","-75.800140","house of cards"
"705090273618096128","2016-03-02 17:59:55","52.125374","5.412410","house of cards"
"705092985684422657","2016-03-02 18:10:42","48.166500","-1.975510","house of cards"
"705095595124338688","2016-03-02 18:21:04","37.529884","-77.493172","house of cards"
"705096193286737920","2016-03-02 18:23:27","35.652668","-80.528709","house of cards"
"705096279303593985","2016-03-02 18:23:47","39.422485","-0.352529","house of cards"
"705098644513546241","2016-03-02 18:33:11","53.679886","9.372680","house of cards"
"705101063234449409","2016-03-02 18:42:48","40.780708","-73.968544","house of cards"
"705101481943273472","2016-03-02 18:44:28","45.630589","-122.588974","house of cards"
"705101781903212544","2016-03-02 18:45:39","40.780708","-73.968544","house of cards"
"705101825901535233","2016-03-02 18:45:50","25.699448","-80.271088","house of cards"
"705101906314719232","2016-03-02 18:46:09","40.524723","-3.816153","house of cards"
"705101960437960704","2016-03-02 18:46:22","62.516544","17.242558","house of cards"
"705105346407362560","2016-03-02 18:59:49","40.073040","-74.724319","house of cards"
"705105853414838272","2016-03-02 19:01:50","-22.894995","-47.030216","house of cards"
"705107599893508096","2016-03-02 19:08:46","37.791992","-122.228683","house of cards"
"705110917617299456","2016-03-02 19:21:57","19.318043","-99.248009","house of cards"
"705111391221448704","2016-03-02 19:23:50","-23.086016","-45.506657","house of cards"
"705111462533005313","2016-03-02 19:24:07","41.833584","-87.732010","house of cards"
"705111596645875714","2016-03-02 19:24:39","40.365162","-82.669464","house of cards"
"705114857217994752","2016-03-02 19:37:37","20.898317","-156.296326","house of cards"
"705115706933780483","2016-03-02 19:40:59","-22.911423","-43.441578","house of cards"
"705115907991982081","2016-03-02 19:41:47","42.509769","-82.935913","house of cards"
"705115967714516992","2016-03-02 19:42:01","34.020790","-118.411903","house of cards"
"705117069113692163","2016-03-02 19:46:24","42.746719","-84.481628","house of cards"
"705120626856620032","2016-03-02 20:00:32","28.049601","-81.972702","house of cards"
"705122254431133697","2016-03-02 20:07:00","33.767193","-84.433105","house of cards"
"705124190786101249","2016-03-02 20:14:42","40.780708","-73.968544","house of cards"
"705124535209586689","2016-03-02 20:16:04","47.481598","-122.194397","house of cards"
"705125234492440578","2016-03-02 20:18:51","41.833584","-87.732010","house of cards"
"705126754265014273","2016-03-02 20:24:53","40.524723","-3.816153","house of cards"
"705128463150260226","2016-03-02 20:31:40","42.790409","-83.835747","house of cards"
"705128934103453697","2016-03-02 20:33:33","32.678207","-83.173866","house of cards"
"705128937177915395","2016-03-02 20:33:33","38.743614","-9.159995","house of cards"
"705130193611059201","2016-03-02 20:38:33","51.489262","-0.088161","house of cards"
"705130323508662273","2016-03-02 20:39:04","53.765816","-0.333943","house of cards"
"705130340327751680","2016-03-02 20:39:08","-23.682802","-46.595547","house of cards"
"705130897230540800","2016-03-02 20:41:21","32.678207","-83.173866","house of cards"
"705131248595898368","2016-03-02 20:42:45","50.997505","-3.927119","house of cards"
"705131534995607558","2016-03-02 20:43:53","-1.272930","-48.459797","house of cards"
"705132617931296774","2016-03-02 20:48:11","50.921329","-1.396467","house of cards"
"705132865315450881","2016-03-02 20:49:10","49.239655","-122.958344","house of cards"
"705133609292861440","2016-03-02 20:52:07","53.517647","-1.139360","house of cards"
"705133770240888833","2016-03-02 20:52:46","50.839577","-0.191723","house of cards"
"705133885890244608","2016-03-02 20:53:13","38.763161","-121.300728","house of cards"
"705134078685814784","2016-03-02 20:53:59","51.500092","-0.148936","house of cards"
"705135515083939841","2016-03-02 20:59:42","41.387840","-81.764664","house of cards"
"705135952352649217","2016-03-02 21:01:26","38.003376","-79.420868","house of cards"
"705136613869821952","2016-03-02 21:04:04","44.970612","-93.262047","house of cards"
"705137238112235520","2016-03-02 21:06:33","38.763161","-121.300728","house of cards"
"705137889059979264","2016-03-02 21:09:08","43.345661","-8.422813","house of cards"
"705138033092382720","2016-03-02 21:09:42","51.489262","-0.088161","house of cards"
"705138852730515456","2016-03-02 21:12:57","41.647354","-91.537064","house of cards"
"705139263315300353","2016-03-02 21:14:35","39.284714","-76.620483","house of cards"
"705139415560093696","2016-03-02 21:15:12","40.780708","-73.968544","house of cards"
"705139434706980864","2016-03-02 21:15:16","42.863518","-112.434830","house of cards"
"705140469588582402","2016-03-02 21:19:23","38.886623","-94.808083","house of cards"
"705143489898680320","2016-03-02 21:31:23","39.766556","-86.441238","house of cards"
"705144724697575424","2016-03-02 21:36:17","52.699657","-2.008080","house of cards"
"705149393201192960","2016-03-02 21:54:51","51.276756","1.090136","house of cards"
"705150155121631235","2016-03-02 21:57:52","53.801956","-1.565490","house of cards"
"705150379219140608","2016-03-02 21:58:46","42.419132","-83.490959","house of cards"
"705152056139579392","2016-03-02 22:05:25","-12.119845","-77.025528","house of cards"
"705152390849175552","2016-03-02 22:06:45","39.587730","-104.897598","house of cards"
"705153582258130945","2016-03-02 22:11:29","49.184635","-0.371959","house of cards"
"705153742090473473","2016-03-02 22:12:07","35.950626","-95.388145","house of cards"
"705154019711426560","2016-03-02 22:13:14","45.072872","7.675785","house of cards"
"705154351254228992","2016-03-02 22:14:33","33.631279","-84.470390","house of cards"
"705155971337875456","2016-03-02 22:20:59","-25.752605","28.184067","house of cards"
"705156078313418752","2016-03-02 22:21:24","33.392883","-111.928139","house of cards"
"705157417324175360","2016-03-02 22:26:44","52.471375","13.332085","house of cards"
"705158097589768192","2016-03-02 22:29:26","49.853806","-97.152679","house of cards"
"705158732049731588","2016-03-02 22:31:57","52.997768","-7.332834","house of cards"
"705158756888399872","2016-03-02 22:32:03","51.070724","-0.313505","house of cards"
"705160868091179008","2016-03-02 22:40:26","40.765804","-111.917023","house of cards"
"705161475208380421","2016-03-02 22:42:51","-30.099836","-51.159309","house of cards"
"705162093784408064","2016-03-02 22:45:19","51.514832","-0.035020","house of cards"
"705162264190570496","2016-03-02 22:45:59","53.649918","-6.775433","house of cards"
"705162536707031040","2016-03-02 22:47:04","53.273502","-6.399521","house of cards"
"705162631284445186","2016-03-02 22:47:27","54.595867","-5.928413","house of cards"
"705163359751118848","2016-03-02 22:50:20","38.898319","-77.048958","house of cards"
"705166054159486976","2016-03-02 23:01:03","-23.682802","-46.595547","house of cards"
"705166090008190976","2016-03-02 23:01:11","-15.776254","-47.796623","house of cards"
"705166160900300800","2016-03-02 23:01:28","-26.423265","-49.156651","house of cards"
"705167357396852742","2016-03-02 23:06:14","46.226715","2.209119","house of cards"
"705168446062010368","2016-03-02 23:10:33","53.801956","-1.565490","house of cards"
"705169368775196673","2016-03-02 23:14:13","-12.119845","-77.025528","house of cards"
"705170214820962305","2016-03-02 23:17:35","-34.604317","-58.442642","house of cards"
"705170489795354624","2016-03-02 23:18:40","-23.392080","-46.453907","house of cards"
"705170595974144000","2016-03-02 23:19:06","-34.604317","-58.442642","house of cards"
"705170778870910976","2016-03-02 23:19:49","4.262284","-74.243668","house of cards"
"705171304027168768","2016-03-02 23:21:54","53.501556","-2.504527","house of cards"
"705171647083454464","2016-03-02 23:23:16","-27.244692","-48.699314","house of cards"
"705172360035483649","2016-03-02 23:26:06","45.001179","-86.270538","house of cards"
"705175545844211712","2016-03-02 23:38:46","50.818867","-1.066985","house of cards"
"705178376936558593","2016-03-02 23:50:01","-0.166571","-78.556679","house of cards"
"705179529451544576","2016-03-02 23:54:36","40.016739","-74.946548","house of cards"
"705184304150798337","2016-03-03 00:13:34","40.655136","-73.948776","house of cards"
"705184338581856257","2016-03-03 00:13:42","40.962360","-74.189957","house of cards"
"705184685991686144","2016-03-03 00:15:05","-33.931698","151.153870","house of cards"
"705184876388073472","2016-03-03 00:15:50","-22.911423","-43.441578","house of cards"
"705185369646612480","2016-03-03 00:17:48","-27.487034","-58.796131","house of cards"
"705186124436787200","2016-03-03 00:20:48","-23.682802","-46.595547","house of cards"
"705186305471287297","2016-03-03 00:21:31","40.809563","-79.527573","house of cards"
"705186760238755840","2016-03-03 00:23:20","-33.452160","-70.659615","house of cards"
"705187658411200513","2016-03-03 00:26:54","35.788422","-78.499153","house of cards"
"705188018215329792","2016-03-03 00:28:19","-8.043603","-34.939350","house of cards"
"705188262286073857","2016-03-03 00:29:18","-12.100777","-77.034882","house of cards"
"705189606497587200","2016-03-03 00:34:38","52.518414","-8.761319","house of cards"
"705191393812209664","2016-03-03 00:41:44","43.598034","-116.237999","house of cards"
"705192375799451650","2016-03-03 00:45:38","42.435966","-79.328789","house of cards"
"705194348858744833","2016-03-03 00:53:29","-23.682802","-46.595547","house of cards"
"705197493282336769","2016-03-03 01:05:58","35.193336","-84.866348","house of cards"
"705197626027843584","2016-03-03 01:06:30","-33.452160","-70.659615","house of cards"
"705197785142824960","2016-03-03 01:07:08","37.791992","-122.228683","house of cards"
"705198534941741056","2016-03-03 01:10:07","39.713562","-104.922096","house of cards"
"705199167489089536","2016-03-03 01:12:38","55.812054","-4.076979","house of cards"
"705199636571561985","2016-03-03 01:14:29","34.901649","-82.421242","house of cards"
"705199800917032960","2016-03-03 01:15:09","-34.604317","-58.442642","house of cards"
"705200058044526592","2016-03-03 01:16:10","46.030689","-118.394905","house of cards"
"705202542091898880","2016-03-03 01:26:02","8.421673","-80.095413","house of cards"
"705203636490604544","2016-03-03 01:30:23","55.934517","-3.477731","house of cards"
"705203700843859972","2016-03-03 01:30:38","-32.951614","-60.697407","house of cards"
"705204820232282112","2016-03-03 01:35:05","-22.238741","-49.112541","house of cards"
"705205444034347009","2016-03-03 01:37:34","-21.213923","-47.818001","house of cards"
"705207327205564416","2016-03-03 01:45:03","37.789646","-81.181198","house of cards"
"705207736066318336","2016-03-03 01:46:41","-34.772369","-58.589306","house of cards"
"705208433881042944","2016-03-03 01:49:27","40.524776","-88.991531","house of cards"
"705208608657698816","2016-03-03 01:50:09","55.824902","-4.269900","house of cards"
"705209106672525312","2016-03-03 01:52:07","41.117935","-77.604683","house of cards"
"705209761373892609","2016-03-03 01:54:43","32.678207","-83.173866","house of cards"
"705209968308391936","2016-03-03 01:55:33","34.795940","-82.342270","house of cards"
"705210883883077633","2016-03-03 01:59:11","39.284714","-76.620483","house of cards"
"705210909153693696","2016-03-03 01:59:17","-34.936317","-58.013023","house of cards"
"705210923049459714","2016-03-03 01:59:20","-34.604317","-58.442642","house of cards"
"705211958098841601","2016-03-03 02:03:27","-22.911423","-43.441578","house of cards"
"705212278048583680","2016-03-03 02:04:43","44.970612","-93.262047","house of cards"
"705213877655465984","2016-03-03 02:11:05","32.810013","-117.104988","house of cards"
"705214055754108929","2016-03-03 02:11:47","-34.604317","-58.442642","house of cards"
"705216053828313088","2016-03-03 02:19:44","45.534637","-59.328655","house of cards"
"705216695699378176","2016-03-03 02:22:17","-34.936317","-58.013023","house of cards"
"705217018488868866","2016-03-03 02:23:34","38.880844","-77.101997","house of cards"
"705217556529819648","2016-03-03 02:25:42","20.715275","-100.440598","house of cards"
"705220156054704128","2016-03-03 02:36:02","-34.604317","-58.442642","house of cards"
"705220686189621249","2016-03-03 02:38:08","40.655136","-73.948776","house of cards"
"705220776442507264","2016-03-03 02:38:30","14.591457","120.983986","house of cards"
"705220798525612036","2016-03-03 02:38:35","-32.955563","-60.642353","house of cards"
"705221524136009728","2016-03-03 02:41:28","40.524723","-3.816153","house of cards"
"705223893695369216","2016-03-03 02:50:53","36.060963","-115.135162","house of cards"
"705224055692120064","2016-03-03 02:51:31","51.370754","-2.131893","house of cards"
"705224324400201729","2016-03-03 02:52:36","-37.147575","-60.029846","house of cards"
"705225209830207493","2016-03-03 02:56:07","29.417501","-98.540649","house of cards"
"705225635560628227","2016-03-03 02:57:48","-33.429485","-70.610756","house of cards"
"705225770906550272","2016-03-03 02:58:20","-15.776254","-47.796623","house of cards"
"705225827772923904","2016-03-03 02:58:34","35.843983","-78.657837","house of cards"
"705226956455841792","2016-03-03 03:03:03","41.938229","-93.389862","house of cards"
"705227857174384640","2016-03-03 03:06:38","-21.708015","-43.422867","house of cards"
"705228393843965953","2016-03-03 03:08:46","43.837105","-79.565788","house of cards"
"705231096041119744","2016-03-03 03:19:30","40.380219","-74.081749","house of cards"
"705231124537217025","2016-03-03 03:19:37","-23.682802","-46.595547","house of cards"
"705231772401831936","2016-03-03 03:22:11","14.591457","120.983986","house of cards"
"705231972470276097","2016-03-03 03:22:59","-34.121532","-70.809074","house of cards"
"705233541483790337","2016-03-03 03:29:13","33.030083","-97.103142","house of cards"
"705233559779471360","2016-03-03 03:29:17","39.494423","-76.823341","house of cards"
"705233810884005888","2016-03-03 03:30:17","-34.490219","-58.540756","house of cards"
"705234281048702976","2016-03-03 03:32:09","42.794193","-77.803391","house of cards"
"705234316821995520","2016-03-03 03:32:18","40.035744","-86.136612","house of cards"
"705234981392613376","2016-03-03 03:34:56","41.833584","-87.732010","house of cards"
"705236247053275137","2016-03-03 03:39:58","40.818630","-74.370300","house of cards"
"705237043044028416","2016-03-03 03:43:08","39.655811","-77.164406","house of cards"
"705238263984881667","2016-03-03 03:47:59","40.248646","-111.671791","house of cards"
"705239946445983744","2016-03-03 03:54:40","14.546499","121.033211","house of cards"
"705240038565502976","2016-03-03 03:55:02","32.779968","-97.285912","house of cards"
"705240264063873025","2016-03-03 03:55:56","43.629311","-79.272568","house of cards"
"705240493806985216","2016-03-03 03:56:51","39.766556","-86.441238","house of cards"
"705240699579445248","2016-03-03 03:57:40","12.866726","-85.168175","house of cards"
"705243397729050624","2016-03-03 04:08:23","33.392883","-111.928139","house of cards"
"705247628217458688","2016-03-03 04:25:12","-32.901463","-71.285767","house of cards"
"705249148308758529","2016-03-03 04:31:14","36.763214","-76.295898","house of cards"
"705250645549445120","2016-03-03 04:37:11","-1.272930","-48.459797","house of cards"
"705250664847269889","2016-03-03 04:37:16","33.570526","-101.897171","house of cards"
"705250948084588549","2016-03-03 04:38:23","45.536404","-122.630905","house of cards"
"705253156318351360","2016-03-03 04:47:10","38.888519","-104.789330","house of cards"
"705253427115401217","2016-03-03 04:48:14","-22.238741","-49.112541","house of cards"
"705253686549860352","2016-03-03 04:49:16","36.090397","-79.857361","house of cards"
"705255611819302913","2016-03-03 04:56:55","39.739300","-89.266510","house of cards"
"705256248824954880","2016-03-03 04:59:27","39.994682","-82.985771","house of cards"
"705257089841627136","2016-03-03 05:02:47","40.365162","-82.669464","house of cards"
"705257261594075137","2016-03-03 05:03:28","38.561722","-121.469666","house of cards"
"705257309811953664","2016-03-03 05:03:40","42.507217","-83.157745","house of cards"
"705259024187404288","2016-03-03 05:10:29","40.564190","-105.063942","house of cards"
"705259300667535361","2016-03-03 05:11:35","41.888046","-87.626266","house of cards"
"705260973804777472","2016-03-03 05:18:13","24.662489","-107.342056","house of cards"
"705261550508990465","2016-03-03 05:20:31","42.746616","-75.770042","house of cards"
"705264925468286976","2016-03-03 05:33:56","33.435619","-112.543991","house of cards"
"705264947287162880","2016-03-03 05:34:01","48.382931","31.181446","house of cards"
"705266632407564289","2016-03-03 05:40:43","45.500000","-73.583298","house of cards"
"705267273020256256","2016-03-03 05:43:15","22.311119","-100.955513","house of cards"
"705269635088691200","2016-03-03 05:52:38","33.689732","-117.782356","house of cards"
"705270243766214657","2016-03-03 05:55:04","-12.875335","-38.502647","house of cards"
"705272579066568704","2016-03-03 06:04:20","39.679092","-75.756096","house of cards"
"705273871033741312","2016-03-03 06:09:28","41.927807","-88.753708","house of cards"
"705274634808238080","2016-03-03 06:12:30","53.584183","-2.434953","house of cards"
"705275241271001088","2016-03-03 06:14:55","-34.936317","-58.013023","house of cards"
"705277033874587648","2016-03-03 06:22:02","30.514307","-86.470505","house of cards"
"705278992987754497","2016-03-03 06:29:50","39.994682","-82.985771","house of cards"
"705280911357530112","2016-03-03 06:37:27","34.706028","-86.611412","house of cards"
"705281447653826560","2016-03-03 06:39:35","38.340630","-87.349518","house of cards"
"705285377821696000","2016-03-03 06:55:12","40.004868","-75.117996","house of cards"
"705285998935015424","2016-03-03 06:57:40","33.809174","-118.156708","house of cards"
"705286260206780416","2016-03-03 06:58:42","-29.616400","30.353783","house of cards"
"705290574757130242","2016-03-03 07:15:51","-37.784431","145.014282","house of cards"
"705291132671037440","2016-03-03 07:18:04","41.477901","-87.056175","house of cards"
"705293395351236609","2016-03-03 07:27:03","21.585711","39.254128","house of cards"
"705293576373022720","2016-03-03 07:27:46","-37.784431","145.014282","house of cards"
"705293958080045056","2016-03-03 07:29:17","38.003468","-87.574692","house of cards"
"705298985217556480","2016-03-03 07:49:16","52.583267","-0.265658","house of cards"
"705299619098533888","2016-03-03 07:51:47","-34.936317","-58.013023","house of cards"
"705300927994077184","2016-03-03 07:56:59","39.320385","-82.096405","house of cards"
"705302911136440320","2016-03-03 08:04:52","-3.789768","-38.519890","house of cards"
"705303843140210691","2016-03-03 08:08:34","25.782354","-80.233330","house of cards"
"705304391272673280","2016-03-03 08:10:45","33.392883","-111.928139","house of cards"
"705307864315768832","2016-03-03 08:24:33","35.117004","-106.632721","house of cards"
"705310917593014272","2016-03-03 08:36:41","40.524723","-3.816153","house of cards"
"705315170806009856","2016-03-03 08:53:35","40.365162","-82.669464","house of cards"
"705316731636588544","2016-03-03 08:59:47","36.034882","-79.863426","house of cards"
"705323371655991296","2016-03-03 09:26:10","56.748508","8.986645","house of cards"
"705323492548415488","2016-03-03 09:26:39","53.383163","-1.449612","house of cards"
"705324054346141696","2016-03-03 09:28:53","52.506702","13.424606","house of cards"
"705327803315585024","2016-03-03 09:43:47","30.706087","-95.547272","house of cards"
"705330705350336512","2016-03-03 09:55:19","55.943195","-3.203008","house of cards"
"705332406564352000","2016-03-03 10:02:04","52.969719","-1.172266","house of cards"
"705343068292190208","2016-03-03 10:44:26","48.135124","11.581981","house of cards"
"705343500057858049","2016-03-03 10:46:09","-33.848244","150.931976","house of cards"
"705348854133096448","2016-03-03 11:07:26","51.027096","13.711147","house of cards"
"705352953243111424","2016-03-03 11:23:43","14.606718","121.124229","house of cards"
"705355916170936320","2016-03-03 11:35:29","-30.463612","-51.641579","house of cards"
"705357405887053824","2016-03-03 11:41:25","51.514832","-0.035020","house of cards"
"705357987616002048","2016-03-03 11:43:43","-27.609692","-48.478897","house of cards"
"705359613479284738","2016-03-03 11:50:11","-15.776254","-47.796623","house of cards"
"705361046656196608","2016-03-03 11:55:53","45.444366","11.000453","house of cards"
"705364806333665280","2016-03-03 12:10:49","14.567526","121.017212","house of cards"
"705365784105611264","2016-03-03 12:14:42","19.429934","-99.211510","house of cards"
"705365878293004289","2016-03-03 12:15:05","52.506702","13.424606","house of cards"
"705366748934115330","2016-03-03 12:18:32","52.506702","13.424606","house of cards"
"705372580790800384","2016-03-03 12:41:43","55.635979","11.927650","house of cards"
"705373057821646848","2016-03-03 12:43:36","55.635979","11.927650","house of cards"
"705373350026158080","2016-03-03 12:44:46","-9.194284","-75.000618","house of cards"
"705373551637995520","2016-03-03 12:45:34","-34.604317","-58.442642","house of cards"
"705374015213465600","2016-03-03 12:47:25","51.345268","-0.787433","house of cards"
"705374349415546880","2016-03-03 12:48:44","34.938683","-82.239426","house of cards"
"705376057868820480","2016-03-03 12:55:32","38.817379","-77.090866","house of cards"
"705376098230468609","2016-03-03 12:55:41","43.563759","-5.915135","house of cards"
"705376886931791872","2016-03-03 12:58:49","50.840332","-0.130356","house of cards"
"705377726363013120","2016-03-03 13:02:09","42.332127","-72.672722","house of cards"
"705377880763731968","2016-03-03 13:02:46","-30.099836","-51.159309","house of cards"
"705378095906295808","2016-03-03 13:03:38","41.898415","12.545145","house of cards"
"705380451192594432","2016-03-03 13:12:59","40.004868","-75.117996","house of cards"
"705380720341098497","2016-03-03 13:14:03","-21.225029","55.570053","house of cards"
"705381284848214016","2016-03-03 13:16:18","33.385555","-86.760094","house of cards"
"705381827603595265","2016-03-03 13:18:27","52.506702","13.424606","house of cards"
"705384402642055168","2016-03-03 13:28:41","29.838495","-95.446487","house of cards"
"705384548582998017","2016-03-03 13:29:16","45.248791","-75.800140","house of cards"
"705386061917233152","2016-03-03 13:35:17","-15.776254","-47.796623","house of cards"
"705386874773348354","2016-03-03 13:38:31","51.773365","19.480591","house of cards"
"705387563184496640","2016-03-03 13:41:15","-23.682802","-46.595547","house of cards"
"705388563664400384","2016-03-03 13:45:13","-6.878811","39.282391","house of cards"
"705389336448135168","2016-03-03 13:48:17","56.748508","8.986645","house of cards"
"705389625532157952","2016-03-03 13:49:26","42.036938","-71.683502","house of cards"
"705390530541318145","2016-03-03 13:53:02","-1.274863","36.863621","house of cards"
"705390646937436160","2016-03-03 13:53:30","59.972404","10.721526","house of cards"
"705392197470826497","2016-03-03 13:59:40","8.421673","-80.095413","house of cards"
"705394384443973632","2016-03-03 14:08:21","45.771992","4.889786","house of cards"
"705395465886388224","2016-03-03 14:12:39","13.757901","100.537308","house of cards"
"705396224401145857","2016-03-03 14:15:40","34.020790","-118.411903","house of cards"
"705396931397296128","2016-03-03 14:18:28","40.780708","-73.968544","house of cards"
"705398756007612416","2016-03-03 14:25:43","-20.309629","-42.306431","house of cards"
"705399095687520256","2016-03-03 14:27:04","41.856731","-87.970459","house of cards"
"705399824028409857","2016-03-03 14:29:58","51.524834","-0.173115","house of cards"
"705399886422867968","2016-03-03 14:30:13","51.537060","-0.442361","house of cards"
"705400368604323841","2016-03-03 14:32:08","50.624584","5.599342","house of cards"
"705400772867919872","2016-03-03 14:33:44","32.819859","-96.761749","house of cards"
"705401767199117312","2016-03-03 14:37:41","40.216133","-74.773338","house of cards"
"705401784664264704","2016-03-03 14:37:45","38.920143","-80.181831","house of cards"
"705401918282145792","2016-03-03 14:38:17","55.558598","13.517883","house of cards"
"705402295480090624","2016-03-03 14:39:47","-29.749832","-75.748543","house of cards"
"705402620916187136","2016-03-03 14:41:05","45.776039","12.279934","house of cards"
"705403398783311872","2016-03-03 14:44:10","4.262284","-74.243668","house of cards"
"705403662781157376","2016-03-03 14:45:13","19.174141","72.874245","house of cards"
"705404335371505665","2016-03-03 14:47:53","-20.309629","-42.306431","house of cards"
"705404375808630786","2016-03-03 14:48:03","41.165470","-96.148895","house of cards"
"705404543169908737","2016-03-03 14:48:43","36.215092","-81.657898","house of cards"
"705404653857607680","2016-03-03 14:49:09","38.898602","-77.014397","house of cards"
"705405537605832705","2016-03-03 14:52:40","40.307613","-74.322792","house of cards"
"705407174034526208","2016-03-03 14:59:10","54.992054","-1.645362","house of cards"
"705408042574024704","2016-03-03 15:02:37","3.051220","101.552666","house of cards"
"705408751671615489","2016-03-03 15:05:26","-27.609692","-48.478897","house of cards"
"705408947369484288","2016-03-03 15:06:13","40.780708","-73.968544","house of cards"
"705409145550217217","2016-03-03 15:07:00","38.552601","-92.177811","house of cards"
"705409424345731073","2016-03-03 15:08:07","-20.747971","-42.880260","house of cards"
"705409426102943745","2016-03-03 15:08:07","22.276915","73.180511","house of cards"
"705409445698863104","2016-03-03 15:08:12","53.731464","-7.705824","house of cards"
"705409649600757760","2016-03-03 15:09:00","40.153481","47.685474","house of cards"
"705410524188700673","2016-03-03 15:12:29","-34.605644","-58.408344","house of cards"
"705410923272523776","2016-03-03 15:14:04","-32.532928","-55.781277","house of cards"
"705412300987969538","2016-03-03 15:19:33","30.323345","-97.754723","house of cards"
"705412333888258048","2016-03-03 15:19:40","48.884838","2.304223","house of cards"
"705414149174644736","2016-03-03 15:26:53","46.855858","-71.341057","house of cards"
"705415162388418560","2016-03-03 15:30:55","-20.518673","-48.619591","house of cards"
"705415567407067137","2016-03-03 15:32:31","51.500092","-0.148936","house of cards"
"705415796428840961","2016-03-03 15:33:26","33.585640","-84.333878","house of cards"
"705416255315038209","2016-03-03 15:35:15","40.971729","-76.589386","house of cards"
"705418568691814400","2016-03-03 15:44:27","47.653736","-2.553863","house of cards"
"705418962222387200","2016-03-03 15:46:01","54.888596","52.342209","house of cards"
"705419336979193856","2016-03-03 15:47:30","39.432037","-77.417999","house of cards"
"705419724369358849","2016-03-03 15:49:03","6.893393","3.714148","house of cards"
"705420560499486720","2016-03-03 15:52:22","42.589264","-87.883408","house of cards"
"705420744025505794","2016-03-03 15:53:06","42.589264","-87.883408","house of cards"
"705420772223791106","2016-03-03 15:53:12","42.589264","-87.883408","house of cards"
"705420823662694400","2016-03-03 15:53:25","42.589264","-87.883408","house of cards"
"705420849130532864","2016-03-03 15:53:31","42.589264","-87.883408","house of cards"
"705420886631776256","2016-03-03 15:53:40","42.589264","-87.883408","house of cards"
"705420928876806144","2016-03-03 15:53:50","42.589264","-87.883408","house of cards"
"705421287854874624","2016-03-03 15:55:15","4.262284","-74.243668","house of cards"
"705422043920007169","2016-03-03 15:58:16","39.629314","-79.943840","house of cards"
"705422046663196672","2016-03-03 15:58:16","-34.121658","18.489061","house of cards"
"705423727467565056","2016-03-03 16:04:57","40.292511","-74.054123","house of cards"
"705423960654155777","2016-03-03 16:05:53","24.721943","46.685078","house of cards"
"705424099221307392","2016-03-03 16:06:26","42.308346","0.314300","house of cards"
"705424192230060033","2016-03-03 16:06:48","35.919441","-79.026016","house of cards"
"705425435425792000","2016-03-03 16:11:44","30.585470","-96.291649","house of cards"
"705425933256122368","2016-03-03 16:13:43","46.971317","-122.935226","house of cards"
"705426580114378752","2016-03-03 16:16:17","39.708427","-75.124825","house of cards"
"705426848209985537","2016-03-03 16:17:21","37.288551","-5.796741","house of cards"
"705428031926636549","2016-03-03 16:22:03","52.514874","-2.009333","house of cards"
"705428650905231361","2016-03-03 16:24:31","38.898602","-77.014397","house of cards"
"705428688393863169","2016-03-03 16:24:40","45.248791","-75.800140","house of cards"
"705428783835291648","2016-03-03 16:25:02","34.354671","-89.533768","house of cards"
"705430142328414208","2016-03-03 16:30:26","54.941544","-1.568596","house of cards"
"705430400756224000","2016-03-03 16:31:28","52.506702","13.424606","house of cards"
"705430501688004608","2016-03-03 16:31:52","-14.239565","-53.184834","house of cards"
"705430558092959745","2016-03-03 16:32:05","54.992054","-1.645362","house of cards"
"705431753498992642","2016-03-03 16:36:50","51.489262","-0.088161","house of cards"
"705431785824350208","2016-03-03 16:36:58","-12.875335","-38.502647","house of cards"
"705431993866125313","2016-03-03 16:37:48","52.411915","-1.518652","house of cards"
"705432414567342080","2016-03-03 16:39:28","38.498196","-98.319923","house of cards"
"705432686970740736","2016-03-03 16:40:33","55.943195","-3.203008","house of cards"
"705433136616873984","2016-03-03 16:42:20","44.806053","11.670021","house of cards"
"705433153477832706","2016-03-03 16:42:24","40.004868","-75.117996","house of cards"
"705433511466024960","2016-03-03 16:43:50","40.572376","-74.153946","house of cards"
"705433958213947392","2016-03-03 16:45:36","56.153336","-3.931484","house of cards"
"705434032763441153","2016-03-03 16:45:54","40.459080","-86.929977","house of cards"
"705434213688991744","2016-03-03 16:46:37","40.780708","-73.968544","house of cards"
"705434286128812032","2016-03-03 16:46:54","40.423576","-79.761749","house of cards"
"705434680112390145","2016-03-03 16:48:28","55.943195","-3.203008","house of cards"
"705435135706013697","2016-03-03 16:50:17","53.765816","-0.333943","house of cards"
"705435277087653889","2016-03-03 16:50:51","27.996595","-82.442696","house of cards"
"705435595418550273","2016-03-03 16:52:06","-19.918692","-43.959824","house of cards"
"705435617526730752","2016-03-03 16:52:12","40.718002","-74.066666","house of cards"
"705435981512572929","2016-03-03 16:53:39","55.615368","-2.803055","house of cards"
"705436401932869632","2016-03-03 16:55:19","-12.856317","-38.328434","house of cards"
"705436526981881856","2016-03-03 16:55:49","44.799610","4.783056","house of cards"
"705436753142882308","2016-03-03 16:56:42","38.852600","-77.301910","house of cards"
"705436757651800064","2016-03-03 16:56:44","43.629311","-79.272568","house of cards"
"705436856570220544","2016-03-03 16:57:07","46.759304","2.824239","house of cards"
"705437386080178176","2016-03-03 16:59:13","43.533489","6.917961","house of cards"
"705437399183187968","2016-03-03 16:59:17","43.260696","-79.913521","house of cards"
"705437485174800385","2016-03-03 16:59:37","33.767193","-84.433105","house of cards"
"705437861064130564","2016-03-03 17:01:07","39.604309","-82.932854","house of cards"
"705437951073742848","2016-03-03 17:01:28","37.529884","-77.493172","house of cards"
"705437969994420224","2016-03-03 17:01:33","48.858833","2.347003","house of cards"
"705438290355363840","2016-03-03 17:02:49","37.529884","-77.493172","house of cards"
"705438840585064449","2016-03-03 17:05:00","52.514874","-2.009333","house of cards"
"705439026162044928","2016-03-03 17:05:44","52.514874","-2.009333","house of cards"
"705440667586203649","2016-03-03 17:12:16","42.686005","9.423780","house of cards"
"705440912638394368","2016-03-03 17:13:14","40.197239","-85.391350","house of cards"
"705441064895709184","2016-03-03 17:13:50","45.248791","-75.800140","house of cards"
"705441488784728065","2016-03-03 17:15:32","39.137039","-84.539810","house of cards"
"705441630346682370","2016-03-03 17:16:05","40.384560","-74.315025","house of cards"
"705441850056953857","2016-03-03 17:16:58","33.977699","-83.895515","house of cards"
"705442434663186433","2016-03-03 17:19:17","51.500484","5.664546","house of cards"
"705442493924511744","2016-03-03 17:19:31","41.833584","-87.732010","house of cards"
"705442871428648965","2016-03-03 17:21:01","-22.911423","-43.441578","house of cards"
"705443461395251200","2016-03-03 17:23:22","57.739452","-4.200441","house of cards"
"705444574739636229","2016-03-03 17:27:47","34.049751","-117.248390","house of cards"
"705444927703019521","2016-03-03 17:29:11","41.679996","-85.958687","house of cards"
"705445451089186816","2016-03-03 17:31:16","-23.682802","-46.595547","house of cards"
"705445976257921025","2016-03-03 17:33:21","33.202496","-97.114769","house of cards"
"705446309264822273","2016-03-03 17:34:41","42.686005","9.423780","house of cards"
"705446632276545537","2016-03-03 17:35:58","-34.544659","-58.564175","house of cards"
"705446708117778432","2016-03-03 17:36:16","1.383198","103.874626","house of cards"
"705446896186355712","2016-03-03 17:37:01","42.746719","-84.481628","house of cards"
"705447973736419328","2016-03-03 17:41:18","29.982601","-90.011009","house of cards"
"705448053537267713","2016-03-03 17:41:37","37.948841","-122.362411","house of cards"
"705448095635607553","2016-03-03 17:41:47","41.500751","-72.757385","house of cards"
"705448439132385280","2016-03-03 17:43:09","39.508797","-0.412342","house of cards"
"705449023801565184","2016-03-03 17:45:28","-27.609692","-48.478897","house of cards"
"705449051580469248","2016-03-03 17:45:35","37.237663","-6.918683","house of cards"
"705450111330099202","2016-03-03 17:49:47","-34.819748","-56.229889","house of cards"
"705450310303653888","2016-03-03 17:50:35","34.020790","-118.411903","house of cards"
"705450500834074625","2016-03-03 17:51:20","39.284714","-76.620483","house of cards"
"705450557536919553","2016-03-03 17:51:34","33.943459","-84.352448","house of cards"
"705450971787354115","2016-03-03 17:53:12","-14.239565","-53.184834","house of cards"
"705451365879947264","2016-03-03 17:54:46","43.327595","-79.267952","house of cards"
"705451875433377794","2016-03-03 17:56:48","-14.239565","-53.184834","house of cards"
"705452183643254784","2016-03-03 17:58:01","32.810013","-117.104988","house of cards"
"705452282662543360","2016-03-03 17:58:25","38.996971","-76.934486","house of cards"
"705452799144955905","2016-03-03 18:00:28","49.184635","-0.371959","house of cards"
"705453952121315328","2016-03-03 18:05:03","41.117935","-77.604683","house of cards"
"705455335541252096","2016-03-03 18:10:33","41.758087","2.069284","house of cards"
"705455724680368129","2016-03-03 18:12:06","50.402214","-4.142930","house of cards"
"705456181079244800","2016-03-03 18:13:54","53.154808","-6.815333","house of cards"
"705457483431727105","2016-03-03 18:19:05","50.624584","5.599342","house of cards"
"705457605976657920","2016-03-03 18:19:34","-34.597336","-58.655228","house of cards"
"705457837154148352","2016-03-03 18:20:29","15.772468","-90.224220","house of cards"
"705458289400795136","2016-03-03 18:22:17","41.965641","-87.803101","house of cards"
"705458374754902017","2016-03-03 18:22:37","-22.911423","-43.441578","house of cards"
"705459317324062720","2016-03-03 18:26:22","51.524929","5.483685","house of cards"
"705459423813230592","2016-03-03 18:26:48","-33.452160","-70.659615","house of cards"
"705459784653381633","2016-03-03 18:28:14","25.816965","-80.132965","house of cards"
"705460100039892993","2016-03-03 18:29:29","24.993462","55.551170","house of cards"
"705460661694898176","2016-03-03 18:31:43","53.273502","-6.399521","house of cards"
"705461295479439360","2016-03-03 18:34:14","-37.027370","-87.815598","house of cards"
"705461416917123073","2016-03-03 18:34:43","37.822243","-85.768242","house of cards"
"705461653073166336","2016-03-03 18:35:39","6.441531","3.501846","house of cards"
"705461777212022784","2016-03-03 18:36:09","37.822243","-85.768242","house of cards"
"705462070108553216","2016-03-03 18:37:19","36.006256","-115.038338","house of cards"
"705462831827832832","2016-03-03 18:40:20","51.462502","-2.606142","house of cards"
"705463215958986752","2016-03-03 18:41:52","55.698711","13.055176","house of cards"
"705463826980990977","2016-03-03 18:44:17","44.466328","16.468870","house of cards"
"705463836338479105","2016-03-03 18:44:20","-2.629285","-44.302551","house of cards"
"705463870836580352","2016-03-03 18:44:28","39.507019","-84.742401","house of cards"
"705464430100926464","2016-03-03 18:46:41","-23.682802","-46.595547","house of cards"
"705464649878261760","2016-03-03 18:47:34","33.943459","-84.352448","house of cards"
"705464669117538304","2016-03-03 18:47:38","41.160252","-81.350433","house of cards"
"705466672078045184","2016-03-03 18:55:36","38.837872","-77.316643","house of cards"
"705467596074713089","2016-03-03 18:59:16","18.237219","-66.042046","house of cards"
"705467605981798400","2016-03-03 18:59:18","-23.682802","-46.595547","house of cards"
"705467984366727169","2016-03-03 19:00:49","48.803883","2.119205","house of cards"
"705468011994619905","2016-03-03 19:00:55","41.833584","-87.732010","house of cards"
"705468172368003072","2016-03-03 19:01:33","-9.194284","-75.000618","house of cards"
"705468906568355840","2016-03-03 19:04:28","52.332493","13.420611","house of cards"
"705470356568612864","2016-03-03 19:10:14","41.690510","-88.336121","house of cards"
"705471025811742720","2016-03-03 19:12:54","54.068005","-2.775131","house of cards"
"705472184274259969","2016-03-03 19:17:30","52.294922","-1.550665","house of cards"
"705472493449039876","2016-03-03 19:18:44","42.313671","-71.088715","house of cards"
"705472743857364992","2016-03-03 19:19:43","52.493965","-1.890640","house of cards"
"705472832415920132","2016-03-03 19:20:04","35.843983","-78.657837","house of cards"
"705473055091519488","2016-03-03 19:20:58","50.720940","-3.514876","house of cards"
"705473874130046976","2016-03-03 19:24:13","36.764877","-4.424031","house of cards"
"705474115688407041","2016-03-03 19:25:10","-4.874798","-34.550308","house of cards"
"705474162886844418","2016-03-03 19:25:22","33.767193","-84.433105","house of cards"
"705474650034282497","2016-03-03 19:27:18","41.500751","-72.757385","house of cards"
"705474682099728384","2016-03-03 19:27:25","25.758297","-80.440834","house of cards"
"705474829265276930","2016-03-03 19:28:01","-14.239565","-53.184834","house of cards"
"705475279372816384","2016-03-03 19:29:48","56.918339","14.854877","house of cards"
"705475426064470018","2016-03-03 19:30:23","-22.936432","-46.562096","house of cards"
"705475783318437888","2016-03-03 19:31:48","-34.485840","-58.715084","house of cards"
"705475926361022464","2016-03-03 19:32:22","30.476215","-84.266174","house of cards"
"705476463219310592","2016-03-03 19:34:30","48.858833","2.347003","house of cards"
"705476786289819648","2016-03-03 19:35:47","-25.495249","-49.288460","house of cards"
"705478139745574912","2016-03-03 19:41:10","51.587902","-0.102162","house of cards"
"705478461100580864","2016-03-03 19:42:26","53.419880","-2.915427","house of cards"
"705478543447367680","2016-03-03 19:42:46","-34.604317","-58.442642","house of cards"
"705478551563141120","2016-03-03 19:42:48","29.838495","-95.446487","house of cards"
"705478687488016384","2016-03-03 19:43:20","-37.972569","145.053131","house of cards"
"705478773467160576","2016-03-03 19:43:41","52.399494","16.906277","house of cards"
"705479353329655808","2016-03-03 19:45:59","39.766556","-86.441238","house of cards"
"705479673581604864","2016-03-03 19:47:16","47.238163","-1.560739","house of cards"
"705480167565697026","2016-03-03 19:49:13","51.385445","-0.252754","house of cards"
"705481624281026561","2016-03-03 19:55:01","29.035797","-80.927139","house of cards"
"705481801918259202","2016-03-03 19:55:43","40.783539","-77.858109","house of cards"
"705481833866199040","2016-03-03 19:55:51","35.934250","14.380054","house of cards"
"705482090020786176","2016-03-03 19:56:52","45.461346","9.159337","house of cards"
"705482246648700928","2016-03-03 19:57:29","-33.489948","-70.601219","house of cards"
"705482272028401664","2016-03-03 19:57:35","52.354729","4.904054","house of cards"
"705482650333659140","2016-03-03 19:59:05","38.898602","-77.014397","house of cards"
"705482852884996096","2016-03-03 19:59:54","41.518665","-88.216385","house of cards"
"705483381614620672","2016-03-03 20:02:00","38.997936","-105.550888","house of cards"
"705484840922189825","2016-03-03 20:07:48","-14.239565","-53.184834","house of cards"
"705484884077367296","2016-03-03 20:07:58","-34.604317","-58.442642","house of cards"
"705485143943811073","2016-03-03 20:09:00","-32.251030","-63.777969","house of cards"
"705485264601292800","2016-03-03 20:09:29","17.706791","-94.390915","house of cards"
"705485795013107713","2016-03-03 20:11:35","54.921032","-7.866291","house of cards"
"705486433230782464","2016-03-03 20:14:07","47.273022","-120.882484","house of cards"
"705486461882277889","2016-03-03 20:14:14","26.307814","50.201759","house of cards"
"705487031674281985","2016-03-03 20:16:30","40.655136","-73.948776","house of cards"
"705487253032865792","2016-03-03 20:17:23","-22.911423","-43.441578","house of cards"
"705489414311563264","2016-03-03 20:25:58","-33.446030","-70.743523","house of cards"
"705489582759026688","2016-03-03 20:26:38","46.404148","-71.071053","house of cards"
"705489615193378817","2016-03-03 20:26:46","39.747036","-121.833733","house of cards"
"705489704943271936","2016-03-03 20:27:07","53.354900","-6.247621","house of cards"
"705489991313580034","2016-03-03 20:28:15","-27.751919","29.951611","house of cards"
"705490273661526016","2016-03-03 20:29:23","-34.702244","-58.390118","house of cards"
"705490526930395137","2016-03-03 20:30:23","52.493732","-2.124442","house of cards"
"705490560832966657","2016-03-03 20:30:31","55.858303","-4.241751","house of cards"
"705491255296397313","2016-03-03 20:33:17","40.731148","-74.001518","house of cards"
"705491371533197313","2016-03-03 20:33:45","-16.642782","-49.261299","house of cards"
"705491603637583872","2016-03-03 20:34:40","40.004868","-75.117996","house of cards"
"705491766858883072","2016-03-03 20:35:19","-8.043603","-34.939350","house of cards"
"705491770541531137","2016-03-03 20:35:20","-20.280411","-40.292824","house of cards"
"705492706131316740","2016-03-03 20:39:03","38.898602","-77.014397","house of cards"
"705493070624792577","2016-03-03 20:40:30","-22.894995","-47.030216","house of cards"
"705493739481993217","2016-03-03 20:43:09","40.537052","-75.499847","house of cards"
"705494307336224768","2016-03-03 20:45:24","27.698683","-83.804474","house of cards"
"705494371618168832","2016-03-03 20:45:40","41.489769","-90.403252","house of cards"
"705494742587588608","2016-03-03 20:47:08","-27.185354","-49.622768","house of cards"
"705495437571198982","2016-03-03 20:49:54","-8.043603","-34.939350","house of cards"
"705495518743494656","2016-03-03 20:50:13","-15.776254","-47.796623","house of cards"
"705495568781455360","2016-03-03 20:50:25","37.758224","-121.941582","house of cards"
"705495684795994113","2016-03-03 20:50:53","53.559837","-2.887282","house of cards"
"705496368018825219","2016-03-03 20:53:36","-22.911423","-43.441578","house of cards"
"705496611758202880","2016-03-03 20:54:34","-26.827419","-48.722282","house of cards"
"705496642204471296","2016-03-03 20:54:41","19.032228","-98.154266","house of cards"
"705496998841946112","2016-03-03 20:56:06","34.020790","-118.411903","house of cards"
"705497264391888897","2016-03-03 20:57:09","51.385445","-0.252754","house of cards"
"705497555766005760","2016-03-03 20:58:19","44.686539","-0.456430","house of cards"
"705498970915602432","2016-03-03 21:03:56","-43.322258","171.870636","house of cards"
"705498984824102912","2016-03-03 21:04:00","52.459732","-6.579388","house of cards"
"705499311858126848","2016-03-03 21:05:18","-21.708015","-43.422867","house of cards"
"705499919814103040","2016-03-03 21:07:43","40.524750","-3.891385","house of cards"
"705499967595552771","2016-03-03 21:07:54","34.751938","-92.131271","house of cards"
"705500341031342080","2016-03-03 21:09:23","40.484699","-85.606583","house of cards"
"705500959607279616","2016-03-03 21:11:51","51.549438","0.721251","house of cards"
"705501045011685376","2016-03-03 21:12:11","32.440510","-81.800575","house of cards"
"705501244748644352","2016-03-03 21:12:58","51.489262","-0.088161","house of cards"
"705501320170442752","2016-03-03 21:13:16","40.780708","-73.968544","house of cards"
"705502063720058882","2016-03-03 21:16:14","40.744255","-73.687675","house of cards"
"705504431597432832","2016-03-03 21:25:38","38.003468","-87.574692","house of cards"
"705504491215441922","2016-03-03 21:25:53","40.591610","-74.314407","house of cards"
"705505061858836480","2016-03-03 21:28:09","32.678207","-83.173866","house of cards"
"705505664056094721","2016-03-03 21:30:32","53.909252","-9.420337","house of cards"
"705505705936220162","2016-03-03 21:30:42","51.888603","0.827630","house of cards"
"705506038959763458","2016-03-03 21:32:02","48.220119","16.379847","house of cards"
"705506428006567937","2016-03-03 21:33:34","53.475304","-2.349566","house of cards"
"705506693598171136","2016-03-03 21:34:38","35.512489","-97.641151","house of cards"
"705506827715346435","2016-03-03 21:35:10","40.003483","-76.351021","house of cards"
"705507468835553280","2016-03-03 21:37:42","29.838495","-95.446487","house of cards"
"705508479209852928","2016-03-03 21:41:43","38.114777","-122.230225","house of cards"
"705509320499326976","2016-03-03 21:45:04","-15.888603","-47.880859","house of cards"
"705509754219720705","2016-03-03 21:46:47","39.446198","-74.508972","house of cards"
"705509876949229569","2016-03-03 21:47:17","-30.099836","-51.159309","house of cards"
"705509910927249408","2016-03-03 21:47:25","48.878464","-0.553360","house of cards"
"705510013050232833","2016-03-03 21:47:49","-11.003646","-37.100742","house of cards"
"705510210371231744","2016-03-03 21:48:36","64.893059","-19.006821","house of cards"
"705510333247574016","2016-03-03 21:49:05","-8.043603","-34.939350","house of cards"
"705510457642237957","2016-03-03 21:49:35","53.546261","-2.774312","house of cards"
"705510743567761408","2016-03-03 21:50:43","33.639339","-111.858398","house of cards"
"705510927068766208","2016-03-03 21:51:27","50.839577","-0.191723","house of cards"
"705510939995410432","2016-03-03 21:51:30","34.020790","-118.411903","house of cards"
"705511093473579008","2016-03-03 21:52:07","51.454105","-0.017990","house of cards"
"705511446554112000","2016-03-03 21:53:31","25.641720","-100.293594","house of cards"
"705512070616211456","2016-03-03 21:56:00","33.631142","-80.926628","house of cards"
"705512876568481793","2016-03-03 21:59:12","4.262284","-74.243668","house of cards"
"705512888589541377","2016-03-03 21:59:15","-15.776254","-47.796623","house of cards"
"705513434692100099","2016-03-03 22:01:25","-38.800838","176.108032","house of cards"
"705514041670836228","2016-03-03 22:03:50","38.003376","-79.420868","house of cards"
"705514813221277696","2016-03-03 22:06:53","34.182159","-118.325142","house of cards"
"705514824520896512","2016-03-03 22:06:56","55.858303","-4.241751","house of cards"
"705514988887216129","2016-03-03 22:07:35","-33.848244","150.931976","house of cards"
"705515281595039744","2016-03-03 22:08:45","42.111786","-75.903595","house of cards"
"705515646100987904","2016-03-03 22:10:12","39.145023","-75.386459","house of cards"
"705515838212849664","2016-03-03 22:10:58","51.127728","-0.186833","house of cards"
"705516597218299904","2016-03-03 22:13:59","-22.911423","-43.441578","house of cards"
"705516869084684288","2016-03-03 22:15:04","-33.452259","-70.569870","house of cards"
"705517270164963328","2016-03-03 22:16:39","-34.936317","-58.013023","house of cards"
"705517356953542656","2016-03-03 22:17:00","43.056721","-87.967293","house of cards"
"705517373630054400","2016-03-03 22:17:04","42.295067","-83.002083","house of cards"
"705517567222239235","2016-03-03 22:17:50","41.117935","-77.604683","house of cards"
"705517591385788416","2016-03-03 22:17:56","55.858303","-4.241751","house of cards"
"705517849838751745","2016-03-03 22:18:57","42.746616","-75.770042","house of cards"
"705517884441755651","2016-03-03 22:19:06","51.842648","5.832956","house of cards"
"705518080118693888","2016-03-03 22:19:52","40.431389","-79.980690","house of cards"
"705518382783852544","2016-03-03 22:21:05","53.649918","-6.775433","house of cards"
"705518752880721920","2016-03-03 22:22:33","29.417501","-98.540649","house of cards"
"705518916437671937","2016-03-03 22:23:12","28.480713","-81.547333","house of cards"
"705519867164651520","2016-03-03 22:26:58","39.994682","-82.985771","house of cards"
"705520052506767360","2016-03-03 22:27:43","38.667889","-121.172852","house of cards"
"705520753970647044","2016-03-03 22:30:30","39.137039","-84.539810","house of cards"
"705520782819135488","2016-03-03 22:30:37","40.079697","-82.407654","house of cards"
"705520833687498752","2016-03-03 22:30:49","45.530720","-94.184914","house of cards"
"705520862921891840","2016-03-03 22:30:56","-23.682802","-46.595547","house of cards"
"705520871067295746","2016-03-03 22:30:58","-23.682802","-46.595547","house of cards"
"705520882886705152","2016-03-03 22:31:01","33.030083","-97.103142","house of cards"
"705520914914476032","2016-03-03 22:31:08","35.170498","-79.861031","house of cards"
"705521473834917888","2016-03-03 22:33:21","-33.447140","-70.536690","house of cards"
"705521742135988225","2016-03-03 22:34:25","24.074966","-76.593941","house of cards"
"705521821102186497","2016-03-03 22:34:44","37.683895","-97.343918","house of cards"
"705522445411880961","2016-03-03 22:37:13","-33.454414","-70.602661","house of cards"
"705522483571486720","2016-03-03 22:37:22","41.833584","-87.732010","house of cards"
"705522819237543936","2016-03-03 22:38:42","41.313499","-81.497147","house of cards"
"705522830050533376","2016-03-03 22:38:45","52.626263","-1.130670","house of cards"
"705523067980816386","2016-03-03 22:39:42","52.220451","0.511578","house of cards"
"705523374622183426","2016-03-03 22:40:55","-23.682802","-46.595547","house of cards"
"705523419140513794","2016-03-03 22:41:05","36.215092","-81.657898","house of cards"
"705524218549682176","2016-03-03 22:44:16","53.801956","-1.565490","house of cards"
"705524769228099584","2016-03-03 22:46:27","40.803234","-96.696564","house of cards"
"705525042659119107","2016-03-03 22:47:32","41.024361","-81.725502","house of cards"
"705525441315119104","2016-03-03 22:49:07","-31.561390","-52.333897","house of cards"
"705525536324456448","2016-03-03 22:49:30","48.954399","2.317226","house of cards"
"705525606482481152","2016-03-03 22:49:47","-36.595730","174.856247","house of cards"
"705527330131677184","2016-03-03 22:56:38","36.109390","-95.913643","house of cards"
"705527341573873664","2016-03-03 22:56:40","54.667202","-6.813510","house of cards"
"705527437342416896","2016-03-03 22:57:03","4.262284","-74.243668","house of cards"
"705528421259067393","2016-03-03 23:00:58","-8.184926","-36.015144","house of cards"
"705529183049482240","2016-03-03 23:03:59","-23.863319","-46.290096","house of cards"
"705529267048808448","2016-03-03 23:04:20","10.324451","-73.463287","house of cards"
"705529734164299778","2016-03-03 23:06:11","51.497002","-3.179800","house of cards"
"705529940633059328","2016-03-03 23:07:00","45.001179","-86.270538","house of cards"
"705530270141816832","2016-03-03 23:08:19","52.655518","-0.487131","house of cards"
"705530539973943296","2016-03-03 23:09:23","38.961552","-76.853722","house of cards"
"705530585264033793","2016-03-03 23:09:34","46.759388","2.824360","house of cards"
"705530822841872384","2016-03-03 23:10:30","31.168894","-100.076889","house of cards"
"705530903867490304","2016-03-03 23:10:50","36.232914","-115.223122","house of cards"
"705530923228532738","2016-03-03 23:10:54","-23.682802","-46.595547","house of cards"
"705531353144684545","2016-03-03 23:12:37","40.670879","-73.831184","house of cards"
"705532565646520320","2016-03-03 23:17:26","35.222301","-97.445175","house of cards"
"705532819896799233","2016-03-03 23:18:27","-32.150101","115.928322","house of cards"
"705532921419935744","2016-03-03 23:18:51","32.939598","-97.221367","house of cards"
"705532958392848384","2016-03-03 23:19:00","51.514481","-0.092911","house of cards"
"705533046443921408","2016-03-03 23:19:21","42.365501","-72.497864","house of cards"
"705533613589319684","2016-03-03 23:21:36","42.055431","-71.912071","house of cards"
"705533985359790082","2016-03-03 23:23:04","-34.604317","-58.442642","house of cards"
"705534881074438144","2016-03-03 23:26:38","40.365162","-82.669464","house of cards"
"705535176898703360","2016-03-03 23:27:49","-29.458044","-51.271446","house of cards"
"705535309358899200","2016-03-03 23:28:20","9.632359","-84.010704","house of cards"
"705535313653805056","2016-03-03 23:28:21","42.006290","-87.735680","house of cards"
"705536044087775232","2016-03-03 23:31:15","33.767193","-84.433105","house of cards"
"705536157686190080","2016-03-03 23:31:42","29.895605","-97.935188","house of cards"
"705536196626259968","2016-03-03 23:31:52","52.076866","4.306395","house of cards"
"705536196731150336","2016-03-03 23:31:52","40.225452","-8.452306","house of cards"
"705537069960056832","2016-03-03 23:35:20","21.319944","-157.799591","house of cards"
"705537485024133120","2016-03-03 23:36:59","-33.452160","-70.659615","house of cards"
"705538200786378752","2016-03-03 23:39:49","41.599007","-72.881577","house of cards"
"705538572464611328","2016-03-03 23:41:18","-23.682802","-46.595547","house of cards"
"705538681579315204","2016-03-03 23:41:44","36.184753","-115.061127","house of cards"
"705539474592296961","2016-03-03 23:44:53","54.992054","-1.645362","house of cards"
"705540152970518529","2016-03-03 23:47:35","9.632359","-84.010704","house of cards"
"705540469535744004","2016-03-03 23:48:50","25.976124","-80.307060","house of cards"
"705540559281242113","2016-03-03 23:49:12","-23.682802","-46.595547","house of cards"
"705540975205208064","2016-03-03 23:50:51","40.780708","-73.968544","house of cards"
"705541491851046912","2016-03-03 23:52:54","17.255951","-62.701782","house of cards"
"705542677023035393","2016-03-03 23:57:37","-22.750748","-43.709679","house of cards"
"705542899149246464","2016-03-03 23:58:30","40.483311","-74.282715","house of cards"
"705543028254048256","2016-03-03 23:59:00","47.482609","-52.829426","house of cards"
"706169902479110144","2016-03-05 17:29:59","18.441679","-66.140221","house of cards"
"706170325453533185","2016-03-05 17:31:40","49.853806","-97.152679","house of cards"
"706170362086686720","2016-03-05 17:31:48","-13.498210","-71.988228","house of cards"
"706170372115156994","2016-03-05 17:31:51","20.715275","-100.440598","house of cards"
"706170415828361217","2016-03-05 17:32:01","39.890232","-82.741043","house of cards"
"706170885435219969","2016-03-05 17:33:53","38.898602","-77.014397","house of cards"
"706171110526722049","2016-03-05 17:34:47","-41.130444","-71.322205","house of cards"
"706171622391193600","2016-03-05 17:36:49","-14.433469","-58.126068","house of cards"
"706171708487573505","2016-03-05 17:37:09","30.323345","-97.754723","house of cards"
"706171800443441152","2016-03-05 17:37:31","34.040741","-118.001297","house of cards"
"706172067473805313","2016-03-05 17:38:35","38.901814","-77.037338","house of cards"
"706172073572503552","2016-03-05 17:38:37","38.878708","-77.425156","house of cards"
"706172166497243136","2016-03-05 17:38:59","41.495132","-81.536362","house of cards"
"706172284227211264","2016-03-05 17:39:27","53.801956","-1.565490","house of cards"
"706172383883878400","2016-03-05 17:39:51","26.124508","-80.263519","house of cards"
"706172714134999040","2016-03-05 17:41:09","-30.099836","-51.159309","house of cards"
"706173004166930432","2016-03-05 17:42:18","-10.178114","-48.321751","house of cards"
"706173165987360768","2016-03-05 17:42:57","28.499580","-16.231480","house of cards"
"706173203740119041","2016-03-05 17:43:06","-37.972569","145.053131","house of cards"
"706173245075165186","2016-03-05 17:43:16","51.464687","-0.070603","house of cards"
"706173344505335808","2016-03-05 17:43:40","41.480419","-81.803055","house of cards"
"706173373932564482","2016-03-05 17:43:47","-34.604317","-58.442642","house of cards"
"706173420988456960","2016-03-05 17:43:58","40.850346","-73.849442","house of cards"
"706173448771469313","2016-03-05 17:44:04","55.645424","-4.797933","house of cards"
"706173458086912000","2016-03-05 17:44:07","30.585470","-96.291649","house of cards"
"706173504559955968","2016-03-05 17:44:18","39.145023","-75.386459","house of cards"
"706173519705579520","2016-03-05 17:44:21","26.636480","-81.986832","house of cards"
"706173716791746560","2016-03-05 17:45:08","-25.553019","-48.466015","house of cards"
"706173774685728770","2016-03-05 17:45:22","43.009117","-78.764633","house of cards"
"706173776266919937","2016-03-05 17:45:22","39.476353","-0.420222","house of cards"
"706173935964925952","2016-03-05 17:46:01","38.304558","-92.436775","house of cards"
"706173989626839040","2016-03-05 17:46:13","38.776676","-77.176682","house of cards"
"706174145764020224","2016-03-05 17:46:51","42.346859","-88.030472","house of cards"
"706174242732134400","2016-03-05 17:47:14","36.006256","-115.038338","house of cards"
"706174282435588098","2016-03-05 17:47:23","41.392658","2.141227","house of cards"
"706174501088829440","2016-03-05 17:48:15","4.262284","-74.243668","house of cards"
"706174504309895169","2016-03-05 17:48:16","39.284714","-76.620483","house of cards"
"706174552863277056","2016-03-05 17:48:28","-23.682802","-46.595547","house of cards"
"706174562191462400","2016-03-05 17:48:30","-15.776254","-47.796623","house of cards"
"706174756358221824","2016-03-05 17:49:16","41.117935","-77.604683","house of cards"
"706174773970255873","2016-03-05 17:49:20","-23.616570","-46.318825","house of cards"
"706175085128884224","2016-03-05 17:50:35","40.524723","-3.816153","house of cards"
"706175233607208960","2016-03-05 17:51:10","42.589264","-87.883408","house of cards"
"706175425534275584","2016-03-05 17:51:56","18.613333","-69.902939","house of cards"
"706175453346734080","2016-03-05 17:52:02","41.117935","-77.604683","house of cards"
"706175510787842048","2016-03-05 17:52:16","-34.485840","-58.715084","house of cards"
"706175567150899200","2016-03-05 17:52:29","40.670879","-73.831184","house of cards"
"706175601649053696","2016-03-05 17:52:38","-22.876490","-42.009926","house of cards"
"706175669445730308","2016-03-05 17:52:54","53.559837","-2.887282","house of cards"
"706175686273150977","2016-03-05 17:52:58","18.114361","-66.159035","house of cards"
"706175716203880448","2016-03-05 17:53:05","55.858303","-4.241751","house of cards"
"706175747623428097","2016-03-05 17:53:13","-22.876482","-42.009911","house of cards"
"706175998107262976","2016-03-05 17:54:12","43.009117","-78.764633","house of cards"
"706176601185087488","2016-03-05 17:56:36","37.274490","-79.957909","house of cards"
"706176695439650816","2016-03-05 17:56:58","41.780277","2.583740","house of cards"
"706176735465730048","2016-03-05 17:57:08","37.450127","-122.200485","house of cards"
"706176781875814401","2016-03-05 17:57:19","51.494900","-0.268349","house of cards"
"706177123812306944","2016-03-05 17:58:41","-22.911423","-43.441578","house of cards"
"706177187272126464","2016-03-05 17:58:56","51.903862","-9.033307","house of cards"
"706177579619901440","2016-03-05 18:00:29","39.957436","-86.299667","house of cards"
"706178309227282432","2016-03-05 18:03:23","35.094173","-81.685509","house of cards"
"706179028865036292","2016-03-05 18:06:15","38.195557","-85.722343","house of cards"
"706179219106062338","2016-03-05 18:07:00","31.293276","-92.486824","house of cards"
"706179361733373952","2016-03-05 18:07:34","38.997936","-105.550888","house of cards"
"706179676503449600","2016-03-05 18:08:49","40.708439","-74.015175","house of cards"
"706179806719832065","2016-03-05 18:09:20","40.004868","-75.117996","house of cards"
"706180183770836993","2016-03-05 18:10:50","31.293276","-92.486824","house of cards"
"706180382442434561","2016-03-05 18:11:38","15.772468","-90.224220","house of cards"
"706180437811585024","2016-03-05 18:11:51","40.763321","-73.368881","house of cards"
"706180482438926338","2016-03-05 18:12:01","50.820671","4.375364","house of cards"
"706180561010753536","2016-03-05 18:12:20","33.018925","-97.275757","house of cards"
"706180567495221249","2016-03-05 18:12:22","51.546925","-0.109181","house of cards"
"706180721786937344","2016-03-05 18:12:58","50.720940","-3.514876","house of cards"
"706180812102885376","2016-03-05 18:13:20","40.073040","-74.724319","house of cards"
"706181033490657280","2016-03-05 18:14:13","32.633766","-117.022461","house of cards"
"706181323740815360","2016-03-05 18:15:22","43.629311","-79.272568","house of cards"
"706182176828739584","2016-03-05 18:18:45","-26.120768","-51.090622","house of cards"
"706182326754131969","2016-03-05 18:19:21","55.611851","-4.496780","house of cards"
"706182464461524992","2016-03-05 18:19:54","53.273502","-6.399521","house of cards"
"706182627598839808","2016-03-05 18:20:33","37.370991","-121.967819","house of cards"
"706182680543674369","2016-03-05 18:20:45","39.766556","-86.441238","house of cards"
"706182687065767936","2016-03-05 18:20:47","37.180408","-3.597967","house of cards"
"706182827700674560","2016-03-05 18:21:21","34.020790","-118.411903","house of cards"
"706183016276688898","2016-03-05 18:22:05","-1.274863","36.863621","house of cards"
"706183314630176768","2016-03-05 18:23:17","38.996971","-76.934486","house of cards"
"706183328584445952","2016-03-05 18:23:20","39.014858","-94.279121","house of cards"
"706183601436512256","2016-03-05 18:24:25","23.954163","-104.837578","house of cards"
"706183635783720960","2016-03-05 18:24:33","19.174141","72.874245","house of cards"
"706183710085935104","2016-03-05 18:24:51","40.944569","-73.860855","house of cards"
"706183833280905216","2016-03-05 18:25:20","37.090302","-76.507812","house of cards"
"706183867154219010","2016-03-05 18:25:28","-33.026360","-71.515648","house of cards"
"706183893918064640","2016-03-05 18:25:35","42.496140","-83.273453","house of cards"
"706184356478341120","2016-03-05 18:27:25","39.239666","-94.434517","house of cards"
"706184390024564737","2016-03-05 18:27:33","43.327595","-79.267952","house of cards"
"706184711526178816","2016-03-05 18:28:50","29.838495","-95.446487","house of cards"
"706184812080533504","2016-03-05 18:29:14","37.090302","-76.507812","house of cards"
"706184812650860544","2016-03-05 18:29:14","39.534794","-104.976768","house of cards"
"706184888165265411","2016-03-05 18:29:32","40.431389","-79.980690","house of cards"
"706185003839795200","2016-03-05 18:29:59","40.407234","-86.846756","house of cards"
"706185391808880640","2016-03-05 18:31:32","51.542439","-0.159403","house of cards"
"706185439825281028","2016-03-05 18:31:43","28.600185","-81.341728","house of cards"
"706185539402256392","2016-03-05 18:32:07","38.898602","-77.014397","house of cards"
"706185646629625857","2016-03-05 18:32:33","-22.173506","-42.957317","house of cards"
"706185715814678530","2016-03-05 18:32:49","38.003376","-79.420868","house of cards"
"706186123408584704","2016-03-05 18:34:26","32.819859","-96.761749","house of cards"
"706186241998454786","2016-03-05 18:34:55","-19.918692","-43.959824","house of cards"
"706186636837556224","2016-03-05 18:36:29","39.006256","-74.801971","house of cards"
"706186647486861314","2016-03-05 18:36:31","23.954163","-104.837578","house of cards"
"706186689484496896","2016-03-05 18:36:41","33.345104","-105.661240","house of cards"
"706187108692598784","2016-03-05 18:38:21","37.824718","-97.371880","house of cards"
"706187199168057344","2016-03-05 18:38:43","42.746616","-75.770042","house of cards"
"706187225424404480","2016-03-05 18:38:49","52.514874","-2.009333","house of cards"
"706187441250635777","2016-03-05 18:39:40","38.898602","-77.014397","house of cards"
"706187820231168000","2016-03-05 18:41:11","55.943195","-3.203008","house of cards"
"706188048753496065","2016-03-05 18:42:05","49.257641","-123.123581","house of cards"
"706188525771816960","2016-03-05 18:43:59","48.858833","2.347003","house of cards"
"706188613491544064","2016-03-05 18:44:20","-15.776254","-47.796623","house of cards"
"706188660513890304","2016-03-05 18:44:31","29.794863","-81.265274","house of cards"
"706188692570939392","2016-03-05 18:44:39","48.858833","2.347003","house of cards"
"706188703782273026","2016-03-05 18:44:41","40.621880","-74.439323","house of cards"
"706188715207561216","2016-03-05 18:44:44","39.004936","-76.673271","house of cards"
"706188795532546048","2016-03-05 18:45:03","33.692543","-117.998734","house of cards"
"706188829145886721","2016-03-05 18:45:11","52.270340","4.465849","house of cards"
"706188891607474176","2016-03-05 18:45:26","52.220451","0.511578","house of cards"
"706188901245984768","2016-03-05 18:45:29","41.656590","-83.574669","house of cards"
"706188994262990848","2016-03-05 18:45:51","-36.898571","-73.093597","house of cards"
"706189221313146880","2016-03-05 18:46:45","18.725815","-68.623482","house of cards"
"706189339261280256","2016-03-05 18:47:13","41.393471","-72.920914","house of cards"
"706189347721240576","2016-03-05 18:47:15","5.225674","9.302134","house of cards"
"706189772864131072","2016-03-05 18:48:56","34.020790","-118.411903","house of cards"
"706189861674479616","2016-03-05 18:49:18","27.698683","-83.804474","house of cards"
"706190025919225858","2016-03-05 18:49:57","-34.490219","-58.540756","house of cards"
"706190164524032000","2016-03-05 18:50:30","41.411701","-81.922539","house of cards"
"706190275069120512","2016-03-05 18:50:56","29.417501","-98.540649","house of cards"
"706190385106837504","2016-03-05 18:51:22","39.755154","-74.195358","house of cards"
"706190670608920577","2016-03-05 18:52:30","21.585711","39.254128","house of cards"
"706190769095319554","2016-03-05 18:52:54","40.670879","-73.831184","house of cards"
"706190957558042624","2016-03-05 18:53:39","41.100384","-81.342438","house of cards"
"706191238949539840","2016-03-05 18:54:46","33.866966","-118.068687","house of cards"
"706191517677973505","2016-03-05 18:55:52","50.851063","-1.170351","house of cards"
"706191578780606468","2016-03-05 18:56:07","50.046261","20.005695","house of cards"
"706191794481008642","2016-03-05 18:56:58","41.117935","-77.604683","house of cards"
"706191873262514176","2016-03-05 18:57:17","37.554668","-122.266785","house of cards"
"706191916640149504","2016-03-05 18:57:27","40.954376","-5.679147","house of cards"
"706191976396410880","2016-03-05 18:57:42","-14.239565","-53.184834","house of cards"
"706192226913660928","2016-03-05 18:58:41","41.833584","-87.732010","house of cards"
"706192431713116161","2016-03-05 18:59:30","37.770657","-122.435982","house of cards"
"706192835104509952","2016-03-05 19:01:06","41.528168","-87.889297","house of cards"
"706192969582313472","2016-03-05 19:01:39","45.001179","-86.270538","house of cards"
"706192987727007744","2016-03-05 19:01:43","40.954376","-5.679147","house of cards"
"706192997009002497","2016-03-05 19:01:45","48.154881","11.541753","house of cards"
"706193407174172674","2016-03-05 19:03:23","51.559929","4.764850","house of cards"
"706193684098777089","2016-03-05 19:04:29","39.432404","-77.480812","house of cards"
"706193767301132288","2016-03-05 19:04:49","38.888519","-104.789330","house of cards"
"706194078875123713","2016-03-05 19:06:03","42.757847","-78.614548","house of cards"
"706194093102206977","2016-03-05 19:06:06","4.295153","10.204143","house of cards"
"706194273675448320","2016-03-05 19:06:49","-27.582546","-48.672714","house of cards"
"706194469977100288","2016-03-05 19:07:36","41.833584","-87.732010","house of cards"
"706194731856867328","2016-03-05 19:08:39","41.833584","-87.732010","house of cards"
"706194771388329989","2016-03-05 19:08:48","40.780708","-73.968544","house of cards"
"706194987138965504","2016-03-05 19:09:40","38.898602","-77.014397","house of cards"
"706195036313161732","2016-03-05 19:09:51","30.864107","72.355499","house of cards"
