"704802184924426240","2016-03-01 22:55:10","47.661423","-122.268372","india"
"704802309205790721","2016-03-01 22:55:39","43.675133","-85.464851","india"
"704802324804460544","2016-03-01 22:55:43","-30.081999","-51.220085","india"
"704802518837174272","2016-03-01 22:56:29","-30.081999","-51.220085","india"
"704803248784412674","2016-03-01 22:59:23","-27.111139","-52.660923","india"
"704803308922281985","2016-03-01 22:59:38","29.106100","-13.666935","india"
"704804061585932288","2016-03-01 23:02:37","28.538616","77.276169","india"
"704804399579705344","2016-03-01 23:03:58","35.990982","-78.895439","india"
"704805379251818497","2016-03-01 23:07:51","45.665966","-111.056755","india"
"704805379738198016","2016-03-01 23:07:51","37.641270","-122.085777","india"
"704805825420857345","2016-03-01 23:09:38","-28.990658","-57.654137","india"
"704805866738999296","2016-03-01 23:09:47","19.092447","72.857201","india"
"704805996896518145","2016-03-01 23:10:18","33.603508","-117.656776","india"
"704806100139249664","2016-03-01 23:10:43","18.520430","73.856743","india"
"704806414707855360","2016-03-01 23:11:58","33.631142","-80.926628","india"
"704806649475702784","2016-03-01 23:12:54","27.139757","80.867554","india"
"704807313048104960","2016-03-01 23:15:32","-32.150101","115.928322","india"
"704807633279180804","2016-03-01 23:16:49","41.495941","-81.705467","india"
"704808360932155393","2016-03-01 23:19:42","21.171370","72.789108","india"
"704808381656272896","2016-03-01 23:19:47","49.571365","-2.417005","india"
"704809119719403520","2016-03-01 23:22:43","32.819859","-96.761749","india"
"704809742942785537","2016-03-01 23:25:12","55.672775","12.552633","india"
"704809809929904129","2016-03-01 23:25:28","17.388649","78.465096","india"
"704810010384019460","2016-03-01 23:26:15","17.388649","78.465096","india"
"704810256426246144","2016-03-01 23:27:14","30.937336","-91.401009","india"
"704810954303746049","2016-03-01 23:30:00","1.290529","103.834190","india"
"704811044653260800","2016-03-01 23:30:22","21.293749","-157.818756","india"
"704811763863199744","2016-03-01 23:33:13","28.638489","77.095085","india"
"704812567181598722","2016-03-01 23:36:25","39.766556","-86.441238","india"
"704812799860600832","2016-03-01 23:37:20","30.864107","72.355499","india"
"704812946308751360","2016-03-01 23:37:55","42.581306","-83.030571","india"
"704812984359653376","2016-03-01 23:38:04","39.766556","-86.441238","india"
"704813105369497600","2016-03-01 23:38:33","41.500751","-72.757385","india"
"704813258453209089","2016-03-01 23:39:10","51.236420","-0.570117","india"
"704813657230876672","2016-03-01 23:40:45","22.569723","88.369720","india"
"704813659231555585","2016-03-01 23:40:45","22.569723","88.369720","india"
"704813659747254272","2016-03-01 23:40:45","35.170498","-79.861031","india"
"704813802576076800","2016-03-01 23:41:19","35.170498","-79.861031","india"
"704813823719559168","2016-03-01 23:41:25","51.236420","-0.570117","india"
"704814221641408513","2016-03-01 23:42:59","30.705154","76.725449","india"
"704814241899876353","2016-03-01 23:43:04","-37.972569","145.053131","india"
"704814603503448064","2016-03-01 23:44:30","34.020790","-118.411903","india"
"704814706200981505","2016-03-01 23:44:55","34.751938","-92.131271","india"
"704814959792779265","2016-03-01 23:45:55","22.612705","88.352242","india"
"704815125526671360","2016-03-01 23:46:35","55.820915","-4.172646","india"
"704815463876808705","2016-03-01 23:47:56","28.368525","76.974693","india"
"704815489579655172","2016-03-01 23:48:02","40.655136","-73.948776","india"
"704815768832237569","2016-03-01 23:49:08","51.503784","-0.189190","india"
"704815897077133312","2016-03-01 23:49:39","43.555244","-79.616074","india"
"704815984037777408","2016-03-01 23:50:00","40.655136","-73.948776","india"
"704816026215702529","2016-03-01 23:50:10","51.480728","-0.485092","india"
"704816312548069376","2016-03-01 23:51:18","26.909683","75.747520","india"
"704816313395351552","2016-03-01 23:51:18","28.638489","77.095085","india"
"704816374493913088","2016-03-01 23:51:33","6.422820","-66.578926","india"
"704816661241540608","2016-03-01 23:52:41","28.638489","77.095085","india"
"704816678476103684","2016-03-01 23:52:45","47.752541","7.325557","india"
"704816772973727746","2016-03-01 23:53:08","39.040073","-76.919846","india"
"704816789058928640","2016-03-01 23:53:12","13.083333","80.266670","india"
"704816955740594182","2016-03-01 23:53:51","36.200008","-86.791550","india"
"704817104340525061","2016-03-01 23:54:27","13.083333","80.266670","india"
"704817364735549440","2016-03-01 23:55:29","18.520300","73.856697","india"
"704817891741454336","2016-03-01 23:57:34","51.503784","-0.189190","india"
"704818022444359681","2016-03-01 23:58:06","28.588446","-81.197273","india"
"705180784639012864","2016-03-02 23:59:35","45.143055","7.773368","india"
"705288272281362432","2016-03-03 07:06:42","7.878660","80.764656","india"
"705288368402382848","2016-03-03 07:07:05","19.072800","72.882599","india"
"705288611973844996","2016-03-03 07:08:03","31.060139","75.414749","india"
"705522640111300608","2016-03-03 22:38:00","18.520300","73.856697","india"
"705523053833408512","2016-03-03 22:39:38","13.506643","144.805054","india"
"705523614456553473","2016-03-03 22:41:52","28.638489","77.095085","india"
"705524335012913156","2016-03-03 22:44:44","51.554020","0.127886","india"
"705524564223070208","2016-03-03 22:45:38","28.638489","77.095085","india"
"705524877084729344","2016-03-03 22:46:53","40.655136","-73.948776","india"
"705525122845675521","2016-03-03 22:47:51","28.638489","77.095085","india"
"705525352295223299","2016-03-03 22:48:46","-31.619137","-60.674904","india"
"705525501130096640","2016-03-03 22:49:22","-22.911423","-43.441578","india"
"705525950969225216","2016-03-03 22:51:09","51.514481","-0.092911","india"
"705526300224720896","2016-03-03 22:52:32","27.698683","-83.804474","india"
"705526795177738240","2016-03-03 22:54:30","-22.120356","-43.107929","india"
"705526825963761664","2016-03-03 22:54:38","30.794094","75.892914","india"
"705527386964664322","2016-03-03 22:56:51","45.466702","9.200000","india"
"705527619282800642","2016-03-03 22:57:47","18.508162","73.910080","india"
"705527657442574337","2016-03-03 22:57:56","38.920143","-80.181831","india"
"705527930169004033","2016-03-03 22:59:01","51.514481","-0.092911","india"
"705528621817933824","2016-03-03 23:01:46","18.508162","73.910080","india"
"705528781390262272","2016-03-03 23:02:24","18.508162","73.910080","india"
"705528902051983360","2016-03-03 23:02:52","18.508162","73.910080","india"
"705528951951663104","2016-03-03 23:03:04","37.804401","-122.271004","india"
"705529317388886016","2016-03-03 23:04:32","52.538841","-0.675012","india"
"705529467632914432","2016-03-03 23:05:07","18.508162","73.910080","india"
"705529482694688768","2016-03-03 23:05:11","22.671482","75.968185","india"
"705529574008840192","2016-03-03 23:05:33","18.508162","73.910080","india"
"705530041044750338","2016-03-03 23:07:24","23.013960","72.570229","india"
"705530407668809728","2016-03-03 23:08:51","51.514481","-0.092911","india"
"705530498936868867","2016-03-03 23:09:13","40.780708","-73.968544","india"
"705530522789765121","2016-03-03 23:09:19","-5.069273","-42.747478","india"
"705530551332044800","2016-03-03 23:09:26","18.508162","73.910080","india"
"705530553882304515","2016-03-03 23:09:26","57.739452","-4.200441","india"
"705530707985068032","2016-03-03 23:10:03","18.508162","73.910080","india"
"705530885869678593","2016-03-03 23:10:45","15.400000","73.800003","india"
"705530952672391169","2016-03-03 23:11:01","28.638489","77.095085","india"
"705531158365212672","2016-03-03 23:11:50","-33.848244","150.931976","india"
"705531251856375808","2016-03-03 23:12:13","51.514481","-0.092911","india"
"705531258059644928","2016-03-03 23:12:14","18.508162","73.910080","india"
"705531427643744256","2016-03-03 23:12:55","-33.848244","150.931976","india"
"705531441791279104","2016-03-03 23:12:58","-29.802174","-56.739727","india"
"705531663980355584","2016-03-03 23:13:51","33.768581","-84.327553","india"
"705531874244886528","2016-03-03 23:14:41","18.508162","73.910080","india"
"705531910416519168","2016-03-03 23:14:50","18.508162","73.910080","india"
"705532004549292032","2016-03-03 23:15:12","18.508162","73.910080","india"
"705532030885326849","2016-03-03 23:15:18","18.508162","73.910080","india"
"705532058467061760","2016-03-03 23:15:25","-33.848244","150.931976","india"
"705532286226337792","2016-03-03 23:16:19","23.895048","53.655708","india"
"705532326717984769","2016-03-03 23:16:29","18.508162","73.910080","india"
"705532598538227712","2016-03-03 23:17:34","18.508162","73.910080","india"
"705532666620280832","2016-03-03 23:17:50","-32.532928","-55.781277","india"
"705532743250120704","2016-03-03 23:18:08","12.866726","-85.168175","india"
"705532809201344512","2016-03-03 23:18:24","18.508162","73.910080","india"
"705532872602443776","2016-03-03 23:18:39","18.508162","73.910080","india"
"705533142287814656","2016-03-03 23:19:43","18.508162","73.910080","india"
"705533610690895872","2016-03-03 23:21:35","18.508162","73.910080","india"
"705533633264787456","2016-03-03 23:21:41","-17.397961","-66.162476","india"
"705533878832865284","2016-03-03 23:22:39","51.451656","-0.193719","india"
"705533951834660864","2016-03-03 23:22:56","28.638489","77.095085","india"
"705534404504985601","2016-03-03 23:24:44","38.898602","-77.014397","india"
"705534638245199872","2016-03-03 23:25:40","-34.772873","-68.542725","india"
"705534804784054273","2016-03-03 23:26:20","25.569473","85.102036","india"
"705534922996391937","2016-03-03 23:26:48","13.075209","77.556419","india"
"705535330758184960","2016-03-03 23:28:25","18.508162","73.910080","india"
"705535527961780224","2016-03-03 23:29:12","13.075209","77.556419","india"
"705535617199841282","2016-03-03 23:29:34","18.508162","73.910080","india"
"705536187436556288","2016-03-03 23:31:49","24.993462","55.551170","india"
"705536414084001793","2016-03-03 23:32:44","28.638489","77.095085","india"
"705536452914839552","2016-03-03 23:32:53","18.508162","73.910080","india"
"705536512012648448","2016-03-03 23:33:07","28.638489","77.095085","india"
"705536682943090688","2016-03-03 23:33:48","18.508162","73.910080","india"
"705537162842923008","2016-03-03 23:35:42","38.817379","-77.090866","india"
"705537485531537410","2016-03-03 23:36:59","28.545555","77.498726","india"
"705537791636144130","2016-03-03 23:38:12","-25.495249","-49.288460","india"
"705537843553280000","2016-03-03 23:38:24","-25.495249","-49.288460","india"
"705537920099295233","2016-03-03 23:38:43","-25.495249","-49.288460","india"
"705538012130713600","2016-03-03 23:39:05","-30.203617","-50.868279","india"
"705538031470534656","2016-03-03 23:39:09","23.215227","72.672279","india"
"705538047996252165","2016-03-03 23:39:13","-25.495249","-49.288460","india"
"705538204284428293","2016-03-03 23:39:50","-25.495249","-49.288460","india"
"705538227952693248","2016-03-03 23:39:56","-37.972569","145.053131","india"
"705538308315725824","2016-03-03 23:40:15","-25.495249","-49.288460","india"
"705538419498160129","2016-03-03 23:40:42","28.638489","77.095085","india"
"705538421385728000","2016-03-03 23:40:42","-25.495249","-49.288460","india"
"705538521335877632","2016-03-03 23:41:06","18.508162","73.910080","india"
"705538538599817216","2016-03-03 23:41:10","-25.495249","-49.288460","india"
"705538553418100736","2016-03-03 23:41:14","18.508162","73.910080","india"
"705538616207011841","2016-03-03 23:41:29","-25.495249","-49.288460","india"
"705539193720565760","2016-03-03 23:43:46","41.833584","-87.732010","india"
"705539436482846720","2016-03-03 23:44:44","4.262284","-74.243668","india"
"705539451066298370","2016-03-03 23:44:48","18.508162","73.910080","india"
"705539569882509312","2016-03-03 23:45:16","28.638489","77.095085","india"
"705539811919138816","2016-03-03 23:46:14","29.596249","31.570606","india"
"705539812879572992","2016-03-03 23:46:14","18.508162","73.910080","india"
"705539911294676992","2016-03-03 23:46:37","18.508162","73.910080","india"
"705540159274557440","2016-03-03 23:47:36","18.508162","73.910080","india"
"705540413382385664","2016-03-03 23:48:37","19.072800","72.882599","india"
"705540598443458560","2016-03-03 23:49:21","13.061550","77.556152","india"
"705540669264281601","2016-03-03 23:49:38","40.883400","-96.697701","india"
"705540860570681344","2016-03-03 23:50:24","9.149588","40.498585","india"
"705541016216965120","2016-03-03 23:51:01","25.282000","82.956299","india"
"705541122152468482","2016-03-03 23:51:26","18.508162","73.910080","india"
"705541205162135552","2016-03-03 23:51:46","38.036427","23.820953","india"
"705541227005943808","2016-03-03 23:51:51","18.508162","73.910080","india"
"705541284048404480","2016-03-03 23:52:05","18.508162","73.910080","india"
"705541589377097729","2016-03-03 23:53:17","48.154881","11.541753","india"
"705541654384488448","2016-03-03 23:53:33","13.075209","77.556419","india"
"705541829945483264","2016-03-03 23:54:15","18.508162","73.910080","india"
"705541904893505536","2016-03-03 23:54:33","18.508162","73.910080","india"
"705542061974528000","2016-03-03 23:55:10","-12.875335","-38.502647","india"
"705542228723179520","2016-03-03 23:55:50","18.508162","73.910080","india"
"705542464669556736","2016-03-03 23:56:46","41.833584","-87.732010","india"
"705542729485455361","2016-03-03 23:57:49","8.529236","76.921310","india"
"705542821529460737","2016-03-03 23:58:11","-21.820473","-46.544743","india"
"705542970947334145","2016-03-03 23:58:47","-34.604317","-58.442642","india"
"705543000194211841","2016-03-03 23:58:54","-30.099836","-51.159309","india"
"705899891227136000","2016-03-04 23:37:03","28.638489","77.095085","india"
"705899944763396096","2016-03-04 23:37:16","-39.793453","-67.350525","india"
"705900829413285888","2016-03-04 23:40:47","47.614819","-122.330605","india"
"705900978030125056","2016-03-04 23:41:22","-37.147575","-60.029846","india"
"705900980370546688","2016-03-04 23:41:23","40.655136","-73.948776","india"
"705901020572983296","2016-03-04 23:41:32","50.839577","-0.191723","india"
"705901055746428928","2016-03-04 23:41:41","52.526054","-2.203868","india"
"705901153045712896","2016-03-04 23:42:04","28.638489","77.095085","india"
"705901284050804736","2016-03-04 23:42:35","41.674541","-86.153145","india"
"705901643108392961","2016-03-04 23:44:01","37.468880","-5.914327","india"
"705901682710941701","2016-03-04 23:44:10","3.151325","101.696381","india"
"705902091881967616","2016-03-04 23:45:48","48.799999","2.183330","india"
"705902247247536130","2016-03-04 23:46:25","-37.147575","-60.029846","india"
"705902272241410048","2016-03-04 23:46:31","41.269199","-75.821602","india"
"705902598847508480","2016-03-04 23:47:49","42.308346","0.314300","india"
"705902658750701568","2016-03-04 23:48:03","-34.604317","-58.442642","india"
"705903095595737089","2016-03-04 23:49:47","28.638489","77.095085","india"
"705903182619217920","2016-03-04 23:50:08","38.898602","-77.014397","india"
"705903983114764290","2016-03-04 23:53:19","24.033300","84.066704","india"
"705904706372149250","2016-03-04 23:56:11","51.385445","-0.252754","india"
"705904741667110912","2016-03-04 23:56:20","19.174141","72.874245","india"
"706151094892691456","2016-03-05 16:15:15","26.819199","78.979240","india"
"706151278989045760","2016-03-05 16:15:59","2.896373","102.090141","india"
"706151482102427648","2016-03-05 16:16:47","17.388649","78.465096","india"
"706151518223794178","2016-03-05 16:16:56","28.773567","77.423340","india"
"706151585957572609","2016-03-05 16:17:12","34.166237","-106.026115","india"
"706151651351076865","2016-03-05 16:17:28","42.313671","-71.088715","india"
"706151797036023808","2016-03-05 16:18:02","18.975000","72.825798","india"
"706151882075541505","2016-03-05 16:18:23","41.111877","-73.704750","india"
"706151906721308672","2016-03-05 16:18:28","28.331215","77.350883","india"
"706151909304864768","2016-03-05 16:18:29","13.075209","77.556419","india"
"706151924920287232","2016-03-05 16:18:33","28.638489","77.095085","india"
"706152001676050440","2016-03-05 16:18:51","29.326927","76.900261","india"
"706152016788086784","2016-03-05 16:18:55","21.171370","72.789108","india"
"706152080919044096","2016-03-05 16:19:10","12.797378","77.695923","india"
"706152354203107328","2016-03-05 16:20:15","28.545555","77.498726","india"
"706152390328721408","2016-03-05 16:20:24","50.061401","19.937201","india"
"706152445009928193","2016-03-05 16:20:37","51.444302","-0.150692","india"
"706152463842222080","2016-03-05 16:20:41","28.638489","77.095085","india"
"706152540442910720","2016-03-05 16:20:59","39.145374","-77.153648","india"
"706152643261956096","2016-03-05 16:21:24","28.638489","77.095085","india"
"706152708630302720","2016-03-05 16:21:40","19.174141","72.874245","india"
"706152736526462976","2016-03-05 16:21:46","13.024395","80.261803","india"
"706152832596979713","2016-03-05 16:22:09","-6.319120","106.755310","india"
"706153112281567232","2016-03-05 16:23:16","28.638489","77.095085","india"
"706153122020765696","2016-03-05 16:23:18","15.275809","74.005669","india"
"706153139724898305","2016-03-05 16:23:22","13.075209","77.556419","india"
"706153371674218496","2016-03-05 16:24:18","22.980927","72.636681","india"
"706153443098959872","2016-03-05 16:24:35","26.819199","78.979240","india"
"706153489345294336","2016-03-05 16:24:46","21.171370","72.789108","india"
"706153604302831616","2016-03-05 16:25:13","15.275809","74.005669","india"
"706153618655846400","2016-03-05 16:25:17","13.075209","77.556419","india"
"706153639186817024","2016-03-05 16:25:21","19.174141","72.874245","india"
"706153774197288960","2016-03-05 16:25:54","26.825171","80.884407","india"
"706153819592331264","2016-03-05 16:26:04","23.765318","73.247231","india"
"706153978871074816","2016-03-05 16:26:42","39.145374","-77.153648","india"
"706153980800405504","2016-03-05 16:26:43","-34.752796","-58.418858","india"
"706154136878841856","2016-03-05 16:27:20","12.923115","77.558449","india"
"706154234396418048","2016-03-05 16:27:43","13.075209","77.556419","india"
"706154351950065664","2016-03-05 16:28:11","28.638489","77.095085","india"
"706154442396082176","2016-03-05 16:28:33","23.609394","90.343552","india"
"706154493277130753","2016-03-05 16:28:45","12.983300","77.583298","india"
"706154545009844225","2016-03-05 16:28:57","18.975000","72.825798","india"
"706154634159722496","2016-03-05 16:29:19","26.909683","75.747520","india"
"706154849163878400","2016-03-05 16:30:10","26.360622","86.071564","india"
"706154950582079488","2016-03-05 16:30:34","12.923115","77.558449","india"
"706155013207420931","2016-03-05 16:30:49","19.174141","72.874245","india"
"706155118434115584","2016-03-05 16:31:14","26.909683","75.747520","india"
"706155154438021120","2016-03-05 16:31:23","28.331215","77.350883","india"
"706155248457531395","2016-03-05 16:31:45","30.253126","76.867256","india"
"706155262550417408","2016-03-05 16:31:48","30.253126","76.867256","india"
"706155290312482819","2016-03-05 16:31:55","30.253126","76.867256","india"
"706155464187195392","2016-03-05 16:32:37","26.235115","81.249199","india"
"706155657469173761","2016-03-05 16:33:23","13.327115","74.812737","india"
"706155669540478976","2016-03-05 16:33:26","28.331215","77.350883","india"
"706155720954159106","2016-03-05 16:33:38","22.784424","86.199417","india"
"706155828475072513","2016-03-05 16:34:03","28.638489","77.095085","india"
"706156130850877440","2016-03-05 16:35:15","19.174141","72.874245","india"
"706156149431771136","2016-03-05 16:35:20","40.032379","-82.437164","india"
"706156348166299649","2016-03-05 16:36:07","39.923752","33.229439","india"
"706156424284340224","2016-03-05 16:36:25","17.388649","78.465096","india"
"706156554664468481","2016-03-05 16:36:57","19.174141","72.874245","india"
"706156556711137280","2016-03-05 16:36:57","19.174141","72.874245","india"
"706156620682829828","2016-03-05 16:37:12","39.209900","-76.800003","india"
"706156759384076288","2016-03-05 16:37:45","23.609394","90.343552","india"
"706156843232530432","2016-03-05 16:38:05","20.700001","70.983299","india"
"706156907833196544","2016-03-05 16:38:21","28.331215","77.350883","india"
"706156937017217024","2016-03-05 16:38:28","22.380344","114.160164","india"
"706156976653230080","2016-03-05 16:38:37","-6.183840","106.856644","india"
"706157008286646272","2016-03-05 16:38:45","16.905807","82.213135","india"
"706157181490503681","2016-03-05 16:39:26","28.609034","77.232887","india"
"706157225820217344","2016-03-05 16:39:37","51.513000","-0.113275","india"
"706157426299371520","2016-03-05 16:40:24","13.075209","77.556419","india"
"706157434230820864","2016-03-05 16:40:26","28.773567","77.423340","india"
"706157458352308225","2016-03-05 16:40:32","12.934680","77.535187","india"
"706157499615825921","2016-03-05 16:40:42","39.206741","-76.750389","india"
"706157565432995842","2016-03-05 16:40:58","-34.916351","-57.946110","india"
"706157608881803264","2016-03-05 16:41:08","21.585711","39.254128","india"
"706157622710304769","2016-03-05 16:41:11","20.988258","79.032791","india"
"706157650828865540","2016-03-05 16:41:18","51.517002","-0.078461","india"
"706157701756231681","2016-03-05 16:41:30","28.613899","77.208900","india"
"706157720966209536","2016-03-05 16:41:35","39.137039","-84.539810","india"
"706157799751811072","2016-03-05 16:41:53","13.075209","77.556419","india"
"706157810481045504","2016-03-05 16:41:56","19.174141","72.874245","india"
"706157922791784448","2016-03-05 16:42:23","28.917171","77.097244","india"
"706158022150586368","2016-03-05 16:42:46","28.331215","77.350883","india"
"706158028530196480","2016-03-05 16:42:48","30.323345","-97.754723","india"
"706158140417380352","2016-03-05 16:43:15","28.545555","77.498726","india"
"706158262828277760","2016-03-05 16:43:44","18.975000","72.825798","india"
"706158272856924160","2016-03-05 16:43:46","19.096729","73.035889","india"
"706158351160180736","2016-03-05 16:44:05","39.206741","-76.750389","india"
"706158451081277440","2016-03-05 16:44:29","-27.404671","-55.909710","india"
"706158458148671488","2016-03-05 16:44:30","18.520763","73.884384","india"
"706158532702445569","2016-03-05 16:44:48","21.416700","39.816700","india"
"706158614260486144","2016-03-05 16:45:08","-27.382143","152.993195","india"
"706158682464133120","2016-03-05 16:45:24","19.174141","72.874245","india"
"706158744334258176","2016-03-05 16:45:39","28.368525","76.974693","india"
"706158827117244416","2016-03-05 16:45:58","28.638489","77.095085","india"
"706158904799924224","2016-03-05 16:46:17","13.075209","77.556419","india"
"706158949435748352","2016-03-05 16:46:28","19.174141","72.874245","india"
"706159011540963328","2016-03-05 16:46:42","56.011913","-3.802786","india"
"706159144525377537","2016-03-05 16:47:14","19.174141","72.874245","india"
"706159213345505281","2016-03-05 16:47:30","22.784424","86.199417","india"
"706159251060707328","2016-03-05 16:47:39","28.368525","76.974693","india"
"706159324675104768","2016-03-05 16:47:57","19.072800","72.882599","india"
"706159326323412992","2016-03-05 16:47:57","19.072800","72.882599","india"
"706159327611113472","2016-03-05 16:47:58","19.072800","72.882599","india"
"706159372569739264","2016-03-05 16:48:08","26.909683","75.747520","india"
"706159421609541632","2016-03-05 16:48:20","24.738811","92.455780","india"
"706159423610171392","2016-03-05 16:48:21","29.142658","-98.904945","india"
"706159491494993920","2016-03-05 16:48:37","19.174141","72.874245","india"
"706159534998421504","2016-03-05 16:48:47","39.924011","33.229958","india"
"706159669111160832","2016-03-05 16:49:19","16.905807","82.213135","india"
"706159674496782337","2016-03-05 16:49:20","28.350082","46.032749","india"
"706159771007610881","2016-03-05 16:49:43","13.075209","77.556419","india"
"706159990701035520","2016-03-05 16:50:36","22.612705","88.352242","india"
"706160088361271296","2016-03-05 16:50:59","13.013219","80.217613","india"
"706160155084259328","2016-03-05 16:51:15","22.671482","75.968185","india"
"706160196603637760","2016-03-05 16:51:25","22.612705","88.352242","india"
"706160199434944518","2016-03-05 16:51:26","-1.344336","-48.381069","india"
"706160387801096192","2016-03-05 16:52:10","24.576000","73.682999","india"
"706160401814138881","2016-03-05 16:52:14","2.201328","102.248314","india"
"706160422110388224","2016-03-05 16:52:19","22.612705","88.352242","india"
"706160465391431680","2016-03-05 16:52:29","12.923115","77.558449","india"
"706160721650802688","2016-03-05 16:53:30","22.612705","88.352242","india"
"706160808762306560","2016-03-05 16:53:51","22.612705","88.352242","india"
"706160829889126400","2016-03-05 16:53:56","11.073462","-73.927322","india"
"706160852328550400","2016-03-05 16:54:01","18.508162","73.910080","india"
"706160868518563840","2016-03-05 16:54:05","28.638489","77.095085","india"
"706160894951055360","2016-03-05 16:54:11","37.770657","-122.435982","india"
"706160897979342848","2016-03-05 16:54:12","22.612705","88.352242","india"
"706160918149914628","2016-03-05 16:54:17","28.368525","76.974693","india"
"706160947287744512","2016-03-05 16:54:24","28.567184","77.321350","india"
"706160969341251584","2016-03-05 16:54:29","9.490000","76.330002","india"
"706161030825521152","2016-03-05 16:54:44","15.043221","73.986893","india"
"706161110232145920","2016-03-05 16:55:03","19.174141","72.874245","india"
"706161206588006400","2016-03-05 16:55:26","30.864107","72.355499","india"
"706161273155641346","2016-03-05 16:55:42","28.638489","77.095085","india"
"706161410837852160","2016-03-05 16:56:14","3.589210","98.678543","india"
"706161465473015808","2016-03-05 16:56:27","23.215227","72.672279","india"
"706161545147973637","2016-03-05 16:56:46","25.255899","55.300400","india"
"706161601016111104","2016-03-05 16:57:00","12.983300","77.583298","india"
"706161617185202177","2016-03-05 16:57:04","19.174141","72.874245","india"
"706161648088670209","2016-03-05 16:57:11","13.013219","80.217613","india"
"706161917950210052","2016-03-05 16:58:15","33.112316","-96.672768","india"
"706161939047718912","2016-03-05 16:58:20","11.073462","-73.927322","india"
"706161958618202113","2016-03-05 16:58:25","28.638489","77.095085","india"
"706161977266216960","2016-03-05 16:58:29","52.447178","5.217625","india"
"706162016982081538","2016-03-05 16:58:39","19.072800","72.882599","india"
"706162170019475456","2016-03-05 16:59:15","28.368525","76.974693","india"
"706162341155627010","2016-03-05 16:59:56","28.331215","77.350883","india"
"706162384734281729","2016-03-05 17:00:07","28.460369","77.088684","india"
"706162461808791552","2016-03-05 17:00:25","28.638489","77.095085","india"
"706162522974351360","2016-03-05 17:00:39","28.638489","77.095085","india"
"706162664498528256","2016-03-05 17:01:13","35.209061","-80.846786","india"
"706162699344879617","2016-03-05 17:01:22","22.980927","72.636681","india"
"706162711718023168","2016-03-05 17:01:24","19.174141","72.874245","india"
"706162713181995012","2016-03-05 17:01:25","33.846764","-84.515785","india"
"706162775345659905","2016-03-05 17:01:40","14.550000","74.316704","india"
"706162960087920641","2016-03-05 17:02:24","22.612705","88.352242","india"
"706163036541726721","2016-03-05 17:02:42","12.939460","80.162178","india"
"706163051867799552","2016-03-05 17:02:46","42.737000","-84.545601","india"
"706163239441141760","2016-03-05 17:03:30","22.980927","72.636681","india"
"706163247427129344","2016-03-05 17:03:32","48.865845","2.327017","india"
"706163257137086465","2016-03-05 17:03:35","19.174141","72.874245","india"
"706163287713427456","2016-03-05 17:03:42","23.141891","70.019791","india"
"706163313533706241","2016-03-05 17:03:48","56.089653","12.764494","india"
"706163620837593088","2016-03-05 17:05:01","13.013219","80.217613","india"
"706163667557961729","2016-03-05 17:05:12","13.334531","74.796684","india"
"706163689708081153","2016-03-05 17:05:18","37.523643","-121.979530","india"
"706163743663759360","2016-03-05 17:05:31","29.333105","48.067261","india"
"706163772898025473","2016-03-05 17:05:38","34.062817","72.098747","india"
"706163854041075713","2016-03-05 17:05:57","29.333105","48.067261","india"
"706163860466749441","2016-03-05 17:05:58","12.307200","76.649696","india"
"706163863356645377","2016-03-05 17:05:59","27.573141","77.687531","india"
"706164158757142528","2016-03-05 17:07:10","28.638489","77.095085","india"
"706164217569607680","2016-03-05 17:07:24","24.098381","90.328712","india"
"706164220719702020","2016-03-05 17:07:24","28.589695","77.224907","india"
"706164295483203584","2016-03-05 17:07:42","42.737000","-84.545601","india"
"706164298662412289","2016-03-05 17:07:43","22.980927","72.636681","india"
"706164322054086657","2016-03-05 17:07:48","3.153805","101.697159","india"
"706164402467123200","2016-03-05 17:08:08","12.284442","76.645660","india"
"706164414198616064","2016-03-05 17:08:10","32.657848","75.068405","india"
"706164437669908481","2016-03-05 17:08:16","28.638489","77.095085","india"
"706164645455753216","2016-03-05 17:09:06","3.064264","101.690659","india"
"706164668381818882","2016-03-05 17:09:11","31.410517","75.631943","india"
"706164743313059841","2016-03-05 17:09:29","17.395037","78.385284","india"
"706164926423953408","2016-03-05 17:10:13","6.270883","-75.619209","india"
"706164928856485888","2016-03-05 17:10:13","15.400000","73.800003","india"
"706165012600070145","2016-03-05 17:10:33","51.509380","-0.002213","india"
"706165050977886208","2016-03-05 17:10:42","29.598242","76.119133","india"
"706165066664534016","2016-03-05 17:10:46","31.410517","75.631943","india"
"706165117197672449","2016-03-05 17:10:58","28.508909","-16.337786","india"
"706165213054152704","2016-03-05 17:11:21","26.259670","91.559761","india"
"706165342628933632","2016-03-05 17:11:52","30.737200","76.787201","india"
"706165349754884096","2016-03-05 17:11:53","31.410517","75.631943","india"
"706165387574968320","2016-03-05 17:12:02","34.020790","-118.411903","india"
"706165474258767872","2016-03-05 17:12:23","22.358717","87.392395","india"
"706165603153879043","2016-03-05 17:12:54","40.655136","-73.948776","india"
"706165625270489089","2016-03-05 17:12:59","18.508162","73.910080","india"
"706165650373402624","2016-03-05 17:13:05","-31.415457","-64.198029","india"
"706165776902918144","2016-03-05 17:13:35","42.352787","-83.099289","india"
"706165874630111232","2016-03-05 17:13:59","19.233299","82.550003","india"
"706165962689667073","2016-03-05 17:14:20","3.151785","101.697739","india"
"706166101432926208","2016-03-05 17:14:53","24.098381","90.328712","india"
"706166106088718337","2016-03-05 17:14:54","36.777374","-2.608701","india"
"706166232903385088","2016-03-05 17:15:24","19.233299","82.550003","india"
"706166313945866241","2016-03-05 17:15:43","19.174141","72.874245","india"
"706166320111316992","2016-03-05 17:15:45","24.579830","73.682381","india"
"706166391704002560","2016-03-05 17:16:02","28.331215","77.350883","india"
"706166445286162432","2016-03-05 17:16:15","13.075209","77.556419","india"
"706166635955007489","2016-03-05 17:17:00","30.794094","75.892914","india"
"706166721061629952","2016-03-05 17:17:20","19.174141","72.874245","india"
"706166762325336065","2016-03-05 17:17:30","40.691101","-75.212402","india"
"706166817706803200","2016-03-05 17:17:43","28.638489","77.095085","india"
"706166867463811072","2016-03-05 17:17:55","18.520300","73.856697","india"
"706166913731305472","2016-03-05 17:18:06","12.923115","77.558449","india"
"706166941606490113","2016-03-05 17:18:13","28.556013","77.294930","india"
"706167009772351489","2016-03-05 17:18:29","28.638489","77.095085","india"
"706167047114207232","2016-03-05 17:18:38","28.638489","77.095085","india"
"706167157235666945","2016-03-05 17:19:04","18.520763","73.884384","india"
"706167194699206656","2016-03-05 17:19:13","28.638489","77.095085","india"
"706167227029065729","2016-03-05 17:19:21","19.160133","73.246025","india"
"706167229738414081","2016-03-05 17:19:22","19.377516","72.918007","india"
"706167367194152961","2016-03-05 17:19:54","17.388649","78.465096","india"
"706167396352917504","2016-03-05 17:20:01","19.174141","72.874245","india"
"706167425587355654","2016-03-05 17:20:08","31.531820","74.358482","india"
"706167526330396674","2016-03-05 17:20:32","12.983300","77.583298","india"
"706167604705103872","2016-03-05 17:20:51","7.144793","-73.132698","india"
"706167803116531712","2016-03-05 17:21:38","29.598242","76.119133","india"
"706167885064966144","2016-03-05 17:21:58","28.475201","77.966499","india"
"706167940148654080","2016-03-05 17:22:11","13.075209","77.556419","india"
"706167987154255872","2016-03-05 17:22:22","34.020790","-118.411903","india"
"706168086735540224","2016-03-05 17:22:46","19.174141","72.874245","india"
"706168113889464320","2016-03-05 17:22:52","39.371273","-76.618553","india"
"706168177923719168","2016-03-05 17:23:08","28.556011","77.294930","india"
"706168191324549120","2016-03-05 17:23:11","28.633438","77.218361","india"
"706168215588569091","2016-03-05 17:23:17","33.809174","-118.156708","india"
"706168265844740096","2016-03-05 17:23:29","2.282393","102.114845","india"
"706168378214453248","2016-03-05 17:23:55","28.331215","77.350883","india"
"706168418320384000","2016-03-05 17:24:05","21.585711","39.254128","india"
"706168506622947328","2016-03-05 17:24:26","28.638489","77.095085","india"
"706168512256090113","2016-03-05 17:24:27","31.531820","74.358482","india"
"706168567025131521","2016-03-05 17:24:41","28.451242","77.089729","india"
"706168597136154625","2016-03-05 17:24:48","-32.532928","-55.781277","india"
"706168607483367424","2016-03-05 17:24:50","13.024395","80.261803","india"
"706168642493403136","2016-03-05 17:24:59","19.174141","72.874245","india"
"706168761963798528","2016-03-05 17:25:27","28.475201","77.966499","india"
"706168920261074945","2016-03-05 17:26:05","19.174141","72.874245","india"
"706168974816337920","2016-03-05 17:26:18","13.075209","77.556419","india"
"706169228647387136","2016-03-05 17:27:18","30.864107","72.355499","india"
"706169310461485056","2016-03-05 17:27:38","18.975000","72.825798","india"
"706169396373262336","2016-03-05 17:27:58","28.368525","76.974693","india"
"706169490417909760","2016-03-05 17:28:21","28.638489","77.095085","india"
"706169631367561216","2016-03-05 17:28:54","28.638489","77.095085","india"
"706169636367110144","2016-03-05 17:28:55","35.170498","-79.861031","india"
"706169638116270080","2016-03-05 17:28:56","19.006578","72.833153","india"
"706169982405599232","2016-03-05 17:30:18","28.545555","77.498726","india"
"706170038386954240","2016-03-05 17:30:31","28.545555","77.498726","india"
"706170081034805249","2016-03-05 17:30:41","31.186899","75.992203","india"
"706170132620382208","2016-03-05 17:30:54","23.360435","85.385681","india"
"706170169891168257","2016-03-05 17:31:03","-32.100388","-59.277149","india"
"706170189490974720","2016-03-05 17:31:07","34.286655","-118.459000","india"
"706170203869032448","2016-03-05 17:31:11","34.286655","-118.459000","india"
"706170349919080448","2016-03-05 17:31:46","12.923115","77.558449","india"
"706170396316336128","2016-03-05 17:31:57","28.638489","77.095085","india"
"706170591015866368","2016-03-05 17:32:43","19.174141","72.874245","india"
"706170593649909760","2016-03-05 17:32:44","22.563368","88.502579","india"
"706170639132983296","2016-03-05 17:32:55","28.638489","77.095085","india"
"706170822340300800","2016-03-05 17:33:38","31.531820","74.358482","india"
"706170851847229440","2016-03-05 17:33:45","24.573772","73.686508","india"
"706170889335762944","2016-03-05 17:33:54","13.106581","80.274185","india"
"706170972999647233","2016-03-05 17:34:14","15.340268","76.454781","india"
"706171061654532096","2016-03-05 17:34:35","19.174141","72.874245","india"
"706171129195532288","2016-03-05 17:34:51","9.925000","76.260002","india"
"706171278592446464","2016-03-05 17:35:27","38.014946","23.635822","india"
"706171439074816001","2016-03-05 17:36:05","12.983300","77.583298","india"
"706171851894960128","2016-03-05 17:37:44","20.988258","79.032791","india"
"706171871683686400","2016-03-05 17:37:48","19.174141","72.874245","india"
"706171993905881088","2016-03-05 17:38:18","14.254460","76.347939","india"
"706172109605699584","2016-03-05 17:38:45","41.833584","-87.732010","india"
"706172161384280064","2016-03-05 17:38:57","28.638489","77.095085","india"
"706172162684678144","2016-03-05 17:38:58","41.604576","-87.851204","india"
"706172190677282816","2016-03-05 17:39:04","19.174141","72.874245","india"
"706172292447936512","2016-03-05 17:39:29","39.779564","-86.142921","india"
"706172304565395456","2016-03-05 17:39:32","10.390449","-75.549637","india"
"706172463567114241","2016-03-05 17:40:10","13.800121","-88.905922","india"
"706172522866286593","2016-03-05 17:40:24","13.333300","77.650002","india"
"706172545620271104","2016-03-05 17:40:29","27.168941","78.036713","india"
"706172622388723713","2016-03-05 17:40:47","30.864107","72.355499","india"
"706172664113565696","2016-03-05 17:40:57","28.638489","77.095085","india"
"706172738193346564","2016-03-05 17:41:15","12.923115","77.558449","india"
"706172777112293377","2016-03-05 17:41:24","13.129442","80.204750","india"
"706172805306413056","2016-03-05 17:41:31","28.638489","77.095085","india"
"706172863108116480","2016-03-05 17:41:45","28.638489","77.095085","india"
"706173003504226304","2016-03-05 17:42:18","14.254460","76.347939","india"
"706173050027425793","2016-03-05 17:42:29","28.570000","77.241997","india"
"706173120818913280","2016-03-05 17:42:46","46.204758","6.143025","india"
"706173216801189889","2016-03-05 17:43:09","26.916346","75.795586","india"
"706173697967566848","2016-03-05 17:45:04","27.183300","78.016701","india"
"706173727705137152","2016-03-05 17:45:11","12.923115","77.558449","india"
"706173763298185216","2016-03-05 17:45:19","40.670879","-73.831184","india"
"706173763348537344","2016-03-05 17:45:19","18.508162","73.910080","india"
"706173774023024640","2016-03-05 17:45:22","24.573772","73.686508","india"
"706173838929690624","2016-03-05 17:45:37","28.638489","77.095085","india"
"706173945469386753","2016-03-05 17:46:03","19.174141","72.874245","india"
"706173996014968835","2016-03-05 17:46:15","18.975000","72.825798","india"
"706174072065888256","2016-03-05 17:46:33","23.609394","90.343552","india"
"706174088675340288","2016-03-05 17:46:37","28.638489","77.095085","india"
"706174128076648448","2016-03-05 17:46:46","27.569441","77.658447","india"
"706174212101111808","2016-03-05 17:47:06","28.638489","77.095085","india"
"706174300584280064","2016-03-05 17:47:28","31.531820","74.358482","india"
"706174421594042368","2016-03-05 17:47:56","19.174141","72.874245","india"
"706174495485259776","2016-03-05 17:48:14","19.174141","72.874245","india"
"706174509947199488","2016-03-05 17:48:17","25.952303","50.573875","india"
"706174530381848580","2016-03-05 17:48:22","33.321819","-111.726173","india"
"706174656898846720","2016-03-05 17:48:52","30.864107","72.355499","india"
"706174809454092288","2016-03-05 17:49:29","19.174141","72.874245","india"
"706174816743587840","2016-03-05 17:49:31","32.678207","-83.173866","india"
"706174981164634113","2016-03-05 17:50:10","19.174141","72.874245","india"
"706175071480471553","2016-03-05 17:50:31","19.174141","72.874245","india"
"706175226032345093","2016-03-05 17:51:08","38.014973","23.635908","india"
"706175347092541440","2016-03-05 17:51:37","-23.543520","-46.638538","india"
"706175376788221952","2016-03-05 17:51:44","27.560190","95.559219","india"
"706175575556108288","2016-03-05 17:52:31","13.075209","77.556419","india"
"706175589485408256","2016-03-05 17:52:35","19.174141","72.874245","india"
"706175622461026304","2016-03-05 17:52:43","12.923115","77.558449","india"
"706175704786968576","2016-03-05 17:53:02","24.993462","55.551170","india"
"706175741939986432","2016-03-05 17:53:11","-23.543520","-46.638538","india"
"706175836341342208","2016-03-05 17:53:34","53.456951","-2.233480","india"
"706175882990362624","2016-03-05 17:53:45","19.174141","72.874245","india"
"706175908454014976","2016-03-05 17:53:51","-32.251030","-63.777969","india"
"706176064175759361","2016-03-05 17:54:28","1.290529","103.834190","india"
"706176223781773315","2016-03-05 17:55:06","14.254460","76.347939","india"
"706176231721574400","2016-03-05 17:55:08","53.456951","-2.233480","india"
"706176257126481920","2016-03-05 17:55:14","24.993462","55.551170","india"
"706176308418629632","2016-03-05 17:55:26","19.072800","72.882599","india"
"706176309593022465","2016-03-05 17:55:26","19.072800","72.882599","india"
"706176310918422529","2016-03-05 17:55:27","19.072800","72.882599","india"
"706176351368118273","2016-03-05 17:55:36","28.590071","77.225433","india"
"706176375934156800","2016-03-05 17:55:42","28.638489","77.095085","india"
"706176503831142401","2016-03-05 17:56:13","28.368525","76.974693","india"
"706176623414915072","2016-03-05 17:56:41","-37.972569","145.053131","india"
"706176675264929792","2016-03-05 17:56:54","34.166237","-106.026115","india"
"706177009341362176","2016-03-05 17:58:13","46.204758","6.143025","india"
"706177036100960256","2016-03-05 17:58:20","-33.432587","-70.653633","india"
"706177045508853761","2016-03-05 17:58:22","40.601311","-75.473923","india"
"706177063678451712","2016-03-05 17:58:26","34.166237","-106.026115","india"
"706177068665450496","2016-03-05 17:58:27","19.174141","72.874245","india"
"706177360723202048","2016-03-05 17:59:37","39.629314","-79.943840","india"
"706177521855897600","2016-03-05 18:00:16","-33.432587","-70.653633","india"
"706177578588045312","2016-03-05 18:00:29","22.569700","88.369698","india"
"706177601195257856","2016-03-05 18:00:34","28.368525","76.974693","india"
"706177688223006720","2016-03-05 18:00:55","28.331215","77.350883","india"
"706177780682108928","2016-03-05 18:01:17","18.975000","72.825798","india"
"706177812843991040","2016-03-05 18:01:25","12.671487","80.065849","india"
"706177858138320896","2016-03-05 18:01:36","19.174141","72.874245","india"
"706178119128973312","2016-03-05 18:02:38","-33.432587","-70.653633","india"
"706178265480695808","2016-03-05 18:03:13","42.308346","0.314300","india"
"706178436516212736","2016-03-05 18:03:54","18.995647","72.860558","india"
"706178455725936640","2016-03-05 18:03:58","23.836123","91.363617","india"
"706178578455592963","2016-03-05 18:04:27","-32.251030","-63.777969","india"
"706178897839128576","2016-03-05 18:05:44","28.331215","77.350883","india"
"706178957511512064","2016-03-05 18:05:58","19.174141","72.874245","india"
"706179197115506688","2016-03-05 18:06:55","-30.099836","-51.159309","india"
"706179231135436804","2016-03-05 18:07:03","19.072800","72.882599","india"
"706179262789853185","2016-03-05 18:07:11","8.963724","-79.537827","india"
"706179398362230784","2016-03-05 18:07:43","19.174141","72.874245","india"
"706179549260742656","2016-03-05 18:08:19","28.638489","77.095085","india"
"706179580676186112","2016-03-05 18:08:26","-23.091040","-47.197498","india"
"706179679057739776","2016-03-05 18:08:50","26.850000","80.916702","india"
"706179762037792768","2016-03-05 18:09:10","26.360622","86.071564","india"
"706179914618302464","2016-03-05 18:09:46","52.200974","0.135916","india"
"706180141001547776","2016-03-05 18:10:40","31.817261","77.297012","india"
"706180146047246336","2016-03-05 18:10:41","19.174141","72.874245","india"
"706180222144618496","2016-03-05 18:10:59","52.200974","0.135916","india"
"706180241450885122","2016-03-05 18:11:04","19.938705","82.584183","india"
"706180430580482048","2016-03-05 18:11:49","3.592260","98.678993","india"
"706180564240302080","2016-03-05 18:12:21","12.939460","80.162178","india"
"706180616790867969","2016-03-05 18:12:33","29.142658","-98.904945","india"
"706180651691585536","2016-03-05 18:12:42","28.638489","77.095085","india"
"706180655164559362","2016-03-05 18:12:43","59.333672","17.980059","india"
"706180851483205632","2016-03-05 18:13:29","52.200974","0.135916","india"
"706180932449898496","2016-03-05 18:13:49","17.431463","78.483940","india"
"706181135315955712","2016-03-05 18:14:37","24.746616","73.722374","india"
"706181262327812096","2016-03-05 18:15:07","-34.286964","-59.100712","india"
"706181335178588161","2016-03-05 18:15:25","13.013219","80.217613","india"
"706181521976270848","2016-03-05 18:16:09","24.098381","90.328712","india"
"706181819423662080","2016-03-05 18:17:20","28.621387","77.217056","india"
"706181824905662464","2016-03-05 18:17:21","45.554951","-122.836151","india"
"706181861999976448","2016-03-05 18:17:30","19.432837","-99.153366","india"
"706182018732654592","2016-03-05 18:18:08","22.708986","88.217682","india"
"706182060101279744","2016-03-05 18:18:18","25.610382","85.089058","india"
"706182062546542594","2016-03-05 18:18:18","15.577470","73.762779","india"
"706182184240074756","2016-03-05 18:18:47","30.117363","78.313004","india"
"706182254905663493","2016-03-05 18:19:04","27.171249","78.042206","india"
"706182331355115521","2016-03-05 18:19:22","26.909683","75.747520","india"
"706182332416307200","2016-03-05 18:19:22","13.106581","80.274185","india"
"706182353245200384","2016-03-05 18:19:27","19.174141","72.874245","india"
"706182360438411264","2016-03-05 18:19:29","19.174141","72.874245","india"
"706182420551372800","2016-03-05 18:19:43","27.171249","78.042206","india"
"706182424309460997","2016-03-05 18:19:44","-33.432587","-70.653633","india"
"706182456261500928","2016-03-05 18:19:52","28.638489","77.095085","india"
"706182515753558016","2016-03-05 18:20:06","28.368525","76.974693","india"
"706182615364038656","2016-03-05 18:20:30","29.142658","-98.904945","india"
"706182903038775296","2016-03-05 18:21:38","26.445492","74.510719","india"
"706182999419854849","2016-03-05 18:22:01","27.176266","78.021790","india"
"706183029450932224","2016-03-05 18:22:09","27.327047","93.718887","india"
"706183153866645504","2016-03-05 18:22:38","10.390449","-75.549637","india"
"706183158140633088","2016-03-05 18:22:39","41.471424","2.279040","india"
"706183165740711936","2016-03-05 18:22:41","32.197800","76.339104","india"
"706183215208402944","2016-03-05 18:22:53","12.742767","80.239967","india"
"706183291435675648","2016-03-05 18:23:11","36.090397","-79.857361","india"
"706183454787039234","2016-03-05 18:23:50","-23.682802","-46.595547","india"
"706183482054021120","2016-03-05 18:23:57","29.142658","-98.904945","india"
"706183811915259904","2016-03-05 18:25:15","15.577470","73.762779","india"
"706183818269618176","2016-03-05 18:25:17","33.772251","-84.352623","india"
"706183853153632256","2016-03-05 18:25:25","28.600279","77.226807","india"
"706184254938619905","2016-03-05 18:27:01","30.864107","72.355499","india"
"706184473075961860","2016-03-05 18:27:53","33.772251","-84.352623","india"
"706184509847420928","2016-03-05 18:28:02","28.600279","77.226807","india"
"706184673303482368","2016-03-05 18:28:41","28.638489","77.095085","india"
"706184837023948801","2016-03-05 18:29:20","12.923115","77.558449","india"
"706184856246464513","2016-03-05 18:29:24","28.638489","77.095085","india"
"706184933295788032","2016-03-05 18:29:43","24.098381","90.328712","india"
"706185131569115137","2016-03-05 18:30:30","53.470436","-2.096438","india"
"706185258803179521","2016-03-05 18:31:00","17.431463","78.483940","india"
"706185259461812224","2016-03-05 18:31:00","12.983300","77.583298","india"
"706185299282554881","2016-03-05 18:31:10","31.531820","74.358482","india"
"706185406891597825","2016-03-05 18:31:35","26.985901","75.850700","india"
"706185661481549824","2016-03-05 18:32:36","38.997936","-105.550888","india"
"706185766804717568","2016-03-05 18:33:01","27.902649","78.088638","india"
"706185790628372480","2016-03-05 18:33:07","27.168941","78.036713","india"
"706185802942906370","2016-03-05 18:33:10","43.629311","-79.272568","india"
"706185811587272704","2016-03-05 18:33:12","3.156512","101.578491","india"
"706185849231306753","2016-03-05 18:33:21","-26.161613","-58.190285","india"
"706186113027682304","2016-03-05 18:34:24","34.147991","-118.140282","india"
"706186155646005248","2016-03-05 18:34:34","22.563368","88.502579","india"
"706186291839242240","2016-03-05 18:35:06","27.168941","78.036713","india"
"706186335644749824","2016-03-05 18:35:17","25.187719","51.147217","india"
"706186422491992065","2016-03-05 18:35:38","30.864107","72.355499","india"
"706186542545408000","2016-03-05 18:36:06","19.938705","82.584183","india"
"706186639257706496","2016-03-05 18:36:29","19.938705","82.584183","india"
"706186702872776704","2016-03-05 18:36:44","23.272495","77.404472","india"
"706186721873022976","2016-03-05 18:36:49","38.973801","-95.235100","india"
"706186723097755649","2016-03-05 18:36:49","-22.238741","-49.112541","india"
"706186831507922945","2016-03-05 18:37:15","26.916700","75.816704","india"
"706186929063092224","2016-03-05 18:37:38","19.938705","82.584183","india"
"706187006783586304","2016-03-05 18:37:57","19.938705","82.584183","india"
"706187048084897792","2016-03-05 18:38:07","2.348495","102.607544","india"
"706187099628838912","2016-03-05 18:38:19","26.445492","74.510719","india"
"706187251261317121","2016-03-05 18:38:55","19.204174","72.949905","india"
"706187313194209280","2016-03-05 18:39:10","22.563368","88.502579","india"
"706187428969598980","2016-03-05 18:39:38","19.938705","82.584183","india"
"706187509789814784","2016-03-05 18:39:57","30.864107","72.355499","india"
"706187535026933764","2016-03-05 18:40:03","47.379242","8.084335","india"
"706187799347732484","2016-03-05 18:41:06","-45.878124","-67.520172","india"
"706187826262478848","2016-03-05 18:41:12","32.271408","-106.789948","india"
"706187869619101697","2016-03-05 18:41:23","26.913000","70.915001","india"
"706188017392820225","2016-03-05 18:41:58","34.767559","-84.976082","india"
"706188339985035264","2016-03-05 18:43:15","22.563368","88.502579","india"
"706188446373703680","2016-03-05 18:43:40","24.920254","67.024704","india"
"706188552988663808","2016-03-05 18:44:06","40.730637","-73.325218","india"
"706188611218227200","2016-03-05 18:44:19","32.657848","75.068405","india"
"706188908850077697","2016-03-05 18:45:30","9.952272","76.252220","india"
"706188921210855425","2016-03-05 18:45:33","-33.432167","-70.654602","india"
"706188959207006208","2016-03-05 18:45:42","38.898602","-77.014397","india"
"706189024260521984","2016-03-05 18:45:58","22.563368","88.502579","india"
"706189084746715136","2016-03-05 18:46:12","28.610001","77.230003","india"
"706189194339594240","2016-03-05 18:46:38","12.562099","80.126984","india"
"706189379472134144","2016-03-05 18:47:23","39.396351","-76.615181","india"
"706189611656019968","2016-03-05 18:48:18","12.562099","80.126984","india"
"706189692320886784","2016-03-05 18:48:37","28.969862","-111.498184","india"
"706189734830166016","2016-03-05 18:48:47","44.941517","-93.105652","india"
"706189799988695042","2016-03-05 18:49:03","3.592693","98.678719","india"
"706189801662357504","2016-03-05 18:49:03","19.436697","-99.196388","india"
"706189934420361216","2016-03-05 18:49:35","28.638489","77.095085","india"
"706190033158430720","2016-03-05 18:49:58","35.843983","-78.657837","india"
"706190091593486336","2016-03-05 18:50:12","3.592693","98.678719","india"
"706190105929715712","2016-03-05 18:50:16","8.968010","-79.538101","india"
"706190115693944833","2016-03-05 18:50:18","35.843983","-78.657837","india"
"706190260087222272","2016-03-05 18:50:53","40.780708","-73.968544","india"
"706190353028636672","2016-03-05 18:51:15","44.941517","-93.105652","india"
"706190622550413312","2016-03-05 18:52:19","20.790657","-103.484772","india"
"706190645040287744","2016-03-05 18:52:24","28.638489","77.095085","india"
"706190766545227776","2016-03-05 18:52:53","40.098454","-74.945068","india"
"706190772882657281","2016-03-05 18:52:55","35.843983","-78.657837","india"
"706191066307756032","2016-03-05 18:54:05","22.869936","113.419724","india"
"706191132942692353","2016-03-05 18:54:21","12.309510","76.659622","india"
"706191225712418816","2016-03-05 18:54:43","9.968854","76.257713","india"
"706191310710054912","2016-03-05 18:55:03","41.078148","-73.465828","india"
"706191371221102592","2016-03-05 18:55:17","28.643236","77.120567","india"
"706191399633326080","2016-03-05 18:55:24","13.075209","77.556419","india"
"706191401323622400","2016-03-05 18:55:25","48.858833","2.347003","india"
"706191455279124480","2016-03-05 18:55:37","3.592693","98.678719","india"
"706191473457364992","2016-03-05 18:55:42","-33.432167","-70.654602","india"
"706191519502323713","2016-03-05 18:55:53","28.638489","77.095085","india"
"706191533427404800","2016-03-05 18:55:56","12.923115","77.558449","india"
"706191616227348491","2016-03-05 18:56:16","-33.432167","-70.654602","india"
"706191725748998144","2016-03-05 18:56:42","15.486363","73.873383","india"
"706191829998428169","2016-03-05 18:57:07","41.026089","28.658398","india"
"706191866006364161","2016-03-05 18:57:15","31.325600","75.579201","india"
"706191887875465216","2016-03-05 18:57:21","28.638489","77.095085","india"
"706191902144634881","2016-03-05 18:57:24","33.631142","-80.926628","india"
"706191903641903104","2016-03-05 18:57:24","28.638489","77.095085","india"
"706192125826707456","2016-03-05 18:58:17","26.259670","91.559761","india"
"706192229472169984","2016-03-05 18:58:42","3.592780","98.679192","india"
"706192516110905345","2016-03-05 18:59:50","3.592830","98.678963","india"
"706192584075382784","2016-03-05 19:00:07","13.075209","77.556419","india"
"706192596796776448","2016-03-05 19:00:10","28.545555","77.498726","india"
"706192626995884032","2016-03-05 19:00:17","23.013960","72.570229","india"
"706192675427364865","2016-03-05 19:00:28","13.106581","80.274185","india"
"706192794117808128","2016-03-05 19:00:57","3.592770","98.678841","india"
"706192848886984705","2016-03-05 19:01:10","13.075209","77.556419","india"
"706192907036790784","2016-03-05 19:01:24","19.072800","72.882599","india"
"706192908798595072","2016-03-05 19:01:24","19.072800","72.882599","india"
"706192910396559360","2016-03-05 19:01:24","19.072800","72.882599","india"
"706193419425570816","2016-03-05 19:03:26","28.638489","77.095085","india"
"706193553077178373","2016-03-05 19:03:58","25.291096","83.003014","india"
"706193630545842176","2016-03-05 19:04:16","17.388649","78.465096","india"
"706193831713046528","2016-03-05 19:05:04","7.878660","80.764656","india"
"706193928546942976","2016-03-05 19:05:27","17.388649","78.465096","india"
"706194138169896960","2016-03-05 19:06:17","28.638489","77.095085","india"
"706194343778975744","2016-03-05 19:07:06","19.072800","72.882599","india"
"706194540147789824","2016-03-05 19:07:53","25.569473","85.102036","india"
"706195071335403520","2016-03-05 19:10:00","-7.284090","112.758278","india"
"706195148841947137","2016-03-05 19:10:18","40.705597","-73.977715","india"
"706195185324023808","2016-03-05 19:10:27","12.562099","80.126984","india"
"706195263606517760","2016-03-05 19:10:45","23.842178","86.900208","india"
"706195412399443969","2016-03-05 19:11:21","28.638489","77.095085","india"
"706195448264982528","2016-03-05 19:11:30","26.886354","80.962715","india"
"706195731422400513","2016-03-05 19:12:37","40.639721","-73.778893","india"
"706196249863700480","2016-03-05 19:14:41","19.174141","72.874245","india"
"706196252094963712","2016-03-05 19:14:41","44.941517","-93.105652","india"
"706196321628061696","2016-03-05 19:14:58","19.174141","72.874245","india"
"706196394843869185","2016-03-05 19:15:15","26.703476","88.302673","india"
"706196409742188544","2016-03-05 19:15:19","56.971493","24.128656","india"
"706196432747769856","2016-03-05 19:15:24","26.280832","73.046944","india"
"706196643477991424","2016-03-05 19:16:14","3.327350","99.158569","india"
"706196867001028610","2016-03-05 19:17:08","49.274132","-123.020088","india"
"706196983237603328","2016-03-05 19:17:35","26.703476","88.302673","india"
"706197032420020224","2016-03-05 19:17:47","28.331215","77.350883","india"
"706197410742030336","2016-03-05 19:19:17","28.638489","77.095085","india"
"706197442111275008","2016-03-05 19:19:25","38.561722","-121.469666","india"
"706197606796361728","2016-03-05 19:20:04","28.638489","77.095085","india"
"706197838414245889","2016-03-05 19:20:59","3.138874","101.686966","india"
"706197965673631744","2016-03-05 19:21:30","18.520430","73.856743","india"
"706198066248830976","2016-03-05 19:21:54","22.612705","88.352242","india"
"706198140362235905","2016-03-05 19:22:11","13.075209","77.556419","india"
"706198168682303489","2016-03-05 19:22:18","19.174141","72.874245","india"
"706198211204149248","2016-03-05 19:22:28","26.919411","70.914307","india"
"706198331941195776","2016-03-05 19:22:57","19.174141","72.874245","india"
"706198375364993024","2016-03-05 19:23:07","51.489262","-0.088161","india"
"706198443795021824","2016-03-05 19:23:24","19.174141","72.874245","india"
"706198612963889153","2016-03-05 19:24:04","42.205898","-70.954102","india"
"706198713203560450","2016-03-05 19:24:28","-26.858288","-65.176865","india"
"706198745797427200","2016-03-05 19:24:36","12.929693","77.588066","india"
"706198983966859264","2016-03-05 19:25:32","23.500000","91.500000","india"
"706198989570338816","2016-03-05 19:25:34","28.638489","77.095085","india"
"706199038874419200","2016-03-05 19:25:46","40.705597","-73.977715","india"
"706199140460576769","2016-03-05 19:26:10","31.620388","74.875763","india"
"706199157824954368","2016-03-05 19:26:14","19.174141","72.874245","india"
"706199299764387841","2016-03-05 19:26:48","28.904591","-81.220009","india"
"706199698621632512","2016-03-05 19:28:23","22.612705","88.352242","india"
"706199780360228864","2016-03-05 19:28:42","22.725300","75.865501","india"
"706200141628207104","2016-03-05 19:30:08","12.797378","77.695923","india"
"706200145952645121","2016-03-05 19:30:10","19.079140","72.918175","india"
"706200311241662465","2016-03-05 19:30:49","12.923115","77.558449","india"
"706200621280575488","2016-03-05 19:32:03","43.555244","-79.616074","india"
"706200878424809472","2016-03-05 19:33:04","18.520763","73.884384","india"
"706200938617430016","2016-03-05 19:33:19","22.414713","71.291374","india"
"706200945940635648","2016-03-05 19:33:20","30.730387","76.776527","india"
"706201037825249280","2016-03-05 19:33:42","18.975000","72.825798","india"
"706201052433899520","2016-03-05 19:33:46","22.612705","88.352242","india"
"706201334588923906","2016-03-05 19:34:53","24.218649","90.958412","india"
"706202199865425920","2016-03-05 19:38:19","17.388649","78.465096","india"
"706202682093125632","2016-03-05 19:40:14","-33.432587","-70.653633","india"
"706202801291051009","2016-03-05 19:40:43","52.057098","-2.721900","india"
"706202911005646849","2016-03-05 19:41:09","-22.911423","-43.441578","india"
"706203105986277376","2016-03-05 19:41:55","15.171574","73.942345","india"
"706203590822506496","2016-03-05 19:43:51","28.638489","77.095085","india"
"706203821681176576","2016-03-05 19:44:46","17.395037","78.385284","india"
"706203899552788482","2016-03-05 19:45:04","-34.936317","-58.013023","india"
"706203904493658112","2016-03-05 19:45:06","27.564713","78.658142","india"
"706203946612699136","2016-03-05 19:45:16","19.188292","72.835678","india"
"706203952958849025","2016-03-05 19:45:17","31.289797","75.590065","india"
"706204282312400897","2016-03-05 19:46:36","50.957619","6.967470","india"
"706204366038917120","2016-03-05 19:46:56","23.013960","72.570229","india"
"706204431390371840","2016-03-05 19:47:11","26.334801","89.420593","india"
"706204525409992706","2016-03-05 19:47:34","39.239468","9.141612","india"
"706204632398352384","2016-03-05 19:47:59","33.943073","-84.306488","india"
"706204701801336832","2016-03-05 19:48:16","28.638489","77.095085","india"
"706204715034537984","2016-03-05 19:48:19","19.174141","72.874245","india"
"706204848845410305","2016-03-05 19:48:51","21.585711","39.254128","india"
"706204928256122882","2016-03-05 19:49:10","19.174141","72.874245","india"
"706205172456943617","2016-03-05 19:50:08","51.565197","-0.263141","india"
"706205306322350080","2016-03-05 19:50:40","19.174141","72.874245","india"
"706205428523233280","2016-03-05 19:51:09","18.520763","73.884384","india"
"706205506013163525","2016-03-05 19:51:27","27.183300","78.016701","india"
"706205541576658944","2016-03-05 19:51:36","-33.432587","-70.653633","india"
"706205786293178370","2016-03-05 19:52:34","13.129442","80.204750","india"
"706206051951992833","2016-03-05 19:53:38","37.331158","-121.873734","india"
"706206247880564736","2016-03-05 19:54:24","35.274811","-120.664963","india"
"706206557906685953","2016-03-05 19:55:38","27.473459","78.305237","india"
"706206660143005700","2016-03-05 19:56:03","40.004868","-75.117996","india"
"706206891710488576","2016-03-05 19:56:58","-33.432167","-70.654602","india"
"706207026825789440","2016-03-05 19:57:30","19.174141","72.874245","india"
"706207339343273984","2016-03-05 19:58:45","-6.159102","106.910522","india"
"706207473921892353","2016-03-05 19:59:17","21.219999","81.430000","india"
"706207493786083328","2016-03-05 19:59:21","48.436073","-89.214645","india"
"706207553810788353","2016-03-05 19:59:36","12.923115","77.558449","india"
"706207575809765377","2016-03-05 19:59:41","28.773567","77.423340","india"
"706207810099482628","2016-03-05 20:00:37","18.975000","72.825798","india"
"706207831180050432","2016-03-05 20:00:42","17.668606","75.921692","india"
"706208181530136576","2016-03-05 20:02:05","46.867970","-96.749855","india"
"706208226098999297","2016-03-05 20:02:16","19.072800","72.882599","india"
"706208228120641536","2016-03-05 20:02:16","19.072800","72.882599","india"
"706208230058430464","2016-03-05 20:02:17","19.072800","72.882599","india"
"706208348866220032","2016-03-05 20:02:45","-26.483299","31.366699","india"
"706208482631028736","2016-03-05 20:03:17","29.142658","-98.904945","india"
"706208513513672704","2016-03-05 20:03:24","51.754059","-0.230739","india"
"706208837347495936","2016-03-05 20:04:42","-31.189112","-60.880020","india"
"706208967769329664","2016-03-05 20:05:13","29.142658","-98.904945","india"
"706208994138923008","2016-03-05 20:05:19","32.576225","-86.680740","india"
"706209087743201280","2016-03-05 20:05:41","-31.189112","-60.880020","india"
"706209149298671616","2016-03-05 20:05:56","26.282972","73.038200","india"
"706209179615301633","2016-03-05 20:06:03","32.576225","-86.680740","india"
"706209456816791556","2016-03-05 20:07:09","19.072800","72.882599","india"
"706209501137997824","2016-03-05 20:07:20","32.576225","-86.680740","india"
"706209704880553984","2016-03-05 20:08:09","32.576225","-86.680740","india"
"706209741551345664","2016-03-05 20:08:17","17.375299","78.474403","india"
"706209938662625280","2016-03-05 20:09:04","32.576225","-86.680740","india"
"706210185510035458","2016-03-05 20:10:03","32.576225","-86.680740","india"
"706210272369704960","2016-03-05 20:10:24","19.542053","-96.886086","india"
"706210305555062785","2016-03-05 20:10:32","17.388649","78.465096","india"
"706210392897355776","2016-03-05 20:10:53","17.375299","78.474403","india"
"706210643460775936","2016-03-05 20:11:52","28.638489","77.095085","india"
"706210718094376960","2016-03-05 20:12:10","15.516343","73.768112","india"
"706210785681391616","2016-03-05 20:12:26","-24.017982","-46.501537","india"
"706210911267061760","2016-03-05 20:12:56","32.819859","-96.761749","india"
"706211626664460288","2016-03-05 20:15:47","24.993462","55.551170","india"
"706211902641348608","2016-03-05 20:16:53","40.780708","-73.968544","india"
"706212050515730433","2016-03-05 20:17:28","42.308346","0.314300","india"
"706212121323954177","2016-03-05 20:17:45","51.665199","4.864120","india"
"706212130543050760","2016-03-05 20:17:47","25.324669","51.539143","india"
"706212154723180549","2016-03-05 20:17:53","33.980789","71.541931","india"
"706212205038084096","2016-03-05 20:18:05","24.575525","73.680206","india"
"706212347694686208","2016-03-05 20:18:39","42.391201","-71.569298","india"
"706212406511407105","2016-03-05 20:18:53","19.174141","72.874245","india"
"706212509687087104","2016-03-05 20:19:17","51.276756","1.090136","india"
"706212599071899652","2016-03-05 20:19:39","29.596249","31.570606","india"
"706212789539512320","2016-03-05 20:20:24","40.004868","-75.117996","india"
"706212826956824576","2016-03-05 20:20:33","-40.795719","-62.982372","india"
"706212932447821824","2016-03-05 20:20:58","53.584183","-2.434953","india"
"706212943558381568","2016-03-05 20:21:01","19.174141","72.874245","india"
"706213335566413824","2016-03-05 20:22:34","39.994682","-82.985771","india"
"706213391853957120","2016-03-05 20:22:48","23.743074","90.396187","india"
"706213534032498688","2016-03-05 20:23:21","23.742874","90.396317","india"
"706213630841372677","2016-03-05 20:23:45","51.897499","0.920620","india"
"706213751431626752","2016-03-05 20:24:13","28.613333","77.208336","india"
"706213863436509184","2016-03-05 20:24:40","23.033300","72.616699","india"
"706214011893891072","2016-03-05 20:25:15","-22.911423","-43.441578","india"
"706215228048969728","2016-03-05 20:30:05","34.020790","-118.411903","india"
"706215228506304515","2016-03-05 20:30:05","43.724972","-79.759590","india"
"706215468860882944","2016-03-05 20:31:03","40.564587","-74.304733","india"
"706215542034735104","2016-03-05 20:31:20","43.724972","-79.759590","india"
"706215555775098880","2016-03-05 20:31:24","37.396854","-122.081444","india"
"706215851054075904","2016-03-05 20:32:34","29.838495","-95.446487","india"
"706215866208129024","2016-03-05 20:32:38","21.493771","86.918427","india"
"706215988212035584","2016-03-05 20:33:07","21.493771","86.918427","india"
"706216042427645952","2016-03-05 20:33:20","24.098381","90.328712","india"
"706216131074224128","2016-03-05 20:33:41","12.923115","77.558449","india"
"706216226662408192","2016-03-05 20:34:03","35.117004","-106.632721","india"
"706216230047260673","2016-03-05 20:34:04","21.493771","86.918427","india"
"706216330203009025","2016-03-05 20:34:28","21.493771","86.918427","india"
"706216355419258880","2016-03-05 20:34:34","23.549158","58.464169","india"
"706216383701524480","2016-03-05 20:34:41","23.033300","72.616699","india"
"706216415087497216","2016-03-05 20:34:48","51.565197","-0.263141","india"
"706216467839057920","2016-03-05 20:35:01","23.609394","90.343552","india"
"706216470141751296","2016-03-05 20:35:02","12.923115","77.558449","india"
"706216677470375936","2016-03-05 20:35:51","21.493771","86.918427","india"
"706216757795622912","2016-03-05 20:36:10","44.640556","10.942553","india"
"706216784865554432","2016-03-05 20:36:17","21.493771","86.918427","india"
"706216917774802944","2016-03-05 20:36:48","32.576225","-86.680740","india"
"706216956995588096","2016-03-05 20:36:58","12.940793","74.892357","india"
"706217157319905280","2016-03-05 20:37:45","-12.082499","-77.003174","india"
"706217285761937409","2016-03-05 20:38:16","23.742901","90.396187","india"
"706217385171279872","2016-03-05 20:38:40","18.945887","72.833893","india"
"706217420436799488","2016-03-05 20:38:48","12.923115","77.558449","india"
"706217436937326592","2016-03-05 20:38:52","-2.572425","-59.980324","india"
"706217444046548992","2016-03-05 20:38:54","28.368525","76.974693","india"
"706217550980362240","2016-03-05 20:39:19","13.075209","77.556419","india"
"706217587512705024","2016-03-05 20:39:28","28.638489","77.095085","india"
"706217863602900992","2016-03-05 20:40:34","40.167599","-75.125801","india"
"706217921878470657","2016-03-05 20:40:48","12.923115","77.558449","india"
"706217977969025025","2016-03-05 20:41:01","38.599789","-90.243111","india"
"706218055223930880","2016-03-05 20:41:19","43.227570","-71.542564","india"
"706218173654241280","2016-03-05 20:41:48","24.993462","55.551170","india"
"706218364264452096","2016-03-05 20:42:33","43.227570","-71.542564","india"
"706218365136846848","2016-03-05 20:42:33","32.576225","-86.680740","india"
"706218402533216258","2016-03-05 20:42:42","43.724972","-79.759590","india"
"706218438985801729","2016-03-05 20:42:51","-41.284786","174.967468","india"
"706218593181048832","2016-03-05 20:43:28","23.743034","90.396469","india"
"706219254543048704","2016-03-05 20:46:05","22.563368","88.502579","india"
"706219853141647360","2016-03-05 20:48:28","41.984474","2.840401","india"
"706220205232381953","2016-03-05 20:49:52","28.638489","77.095085","india"
"706220295141478400","2016-03-05 20:50:13","38.561722","-121.469666","india"
"706220628584468481","2016-03-05 20:51:33","20.369459","86.008987","india"
"706220872445599744","2016-03-05 20:52:31","51.514481","-0.092911","india"
"706220891491934208","2016-03-05 20:52:36","28.613333","77.208336","india"
"706220991106560000","2016-03-05 20:52:59","12.923115","77.558449","india"
"706221121729904640","2016-03-05 20:53:31","32.678207","-83.173866","india"
"706221423698644992","2016-03-05 20:54:43","12.923115","77.558449","india"
"706221548148035585","2016-03-05 20:55:12","55.943195","-3.203008","india"
"706221657308794880","2016-03-05 20:55:38","12.923115","77.558449","india"
"706221694331912192","2016-03-05 20:55:47","28.638489","77.095085","india"
"706221779342131201","2016-03-05 20:56:07","37.331158","-121.873734","india"
"706222010628759552","2016-03-05 20:57:02","53.154808","-6.815333","india"
"706222101875666944","2016-03-05 20:57:24","12.614139","74.948044","india"
"706222136709480448","2016-03-05 20:57:33","-33.452160","-70.659615","india"
"706222237116866560","2016-03-05 20:57:56","26.909683","75.747520","india"
"706222270377668608","2016-03-05 20:58:04","28.638489","77.095085","india"
"706222298529980417","2016-03-05 20:58:11","52.506702","13.424606","india"
"706222364170821633","2016-03-05 20:58:27","28.613333","77.208336","india"
"706222367282958336","2016-03-05 20:58:27","17.375299","78.474403","india"
"706222400153755648","2016-03-05 20:58:35","45.516300","-122.656998","india"
"706222407598612485","2016-03-05 20:58:37","42.344395","-3.689439","india"
"706222918821240833","2016-03-05 21:00:39","28.638489","77.095085","india"
"706223257997824000","2016-03-05 21:02:00","18.975000","72.825798","india"
"706223898711318529","2016-03-05 21:04:33","41.082539","-111.967514","india"
"706224117213761536","2016-03-05 21:05:25","28.613899","77.208900","india"
"706224252786069504","2016-03-05 21:05:57","12.972004","77.596031","india"
"706224373351489536","2016-03-05 21:06:26","49.721500","-118.926003","india"
"706224556877418500","2016-03-05 21:07:10","41.470337","-74.426628","india"
"706224610967232512","2016-03-05 21:07:22","19.072800","72.882599","india"
"706225249604521985","2016-03-05 21:09:55","19.938705","82.584183","india"
"706225409210372096","2016-03-05 21:10:33","6.270883","-75.619209","india"
"706225430957842434","2016-03-05 21:10:38","39.936100","-74.958298","india"
"706225528542519297","2016-03-05 21:11:01","-25.495249","-49.288460","india"
"706225661560659970","2016-03-05 21:11:33","30.864107","72.355499","india"
"706225712047497216","2016-03-05 21:11:45","-23.682802","-46.595547","india"
"706225776438480896","2016-03-05 21:12:00","51.896313","-2.087775","india"
"706225946970431488","2016-03-05 21:12:41","19.119831","72.871613","india"
"706226037697486854","2016-03-05 21:13:03","41.026089","28.658398","india"
"706226495837102081","2016-03-05 21:14:52","38.748356","-77.487022","india"
"706226762502438912","2016-03-05 21:15:55","28.638489","77.095085","india"
"706226948188409856","2016-03-05 21:16:40","32.810013","-117.104988","india"
"706226982455894017","2016-03-05 21:16:48","41.833584","-87.732010","india"
"706227300958916611","2016-03-05 21:18:04","19.072800","72.882599","india"
"706227302342983681","2016-03-05 21:18:04","15.545975","73.766647","india"
"706227322844676096","2016-03-05 21:18:09","40.419708","-3.698560","india"
"706227955073216512","2016-03-05 21:20:40","17.375299","78.474403","india"
"706228408141922304","2016-03-05 21:22:28","-34.702244","-58.390118","india"
"706228497539330048","2016-03-05 21:22:49","45.072872","7.675785","india"
"706228592330608640","2016-03-05 21:23:12","33.855099","-84.024300","india"
"706228648974684160","2016-03-05 21:23:25","-22.911423","-43.441578","india"
"706229683088588800","2016-03-05 21:27:32","29.142658","-98.904945","india"
"706229777468944384","2016-03-05 21:27:54","50.851063","-1.170351","india"
"706230200359481344","2016-03-05 21:29:35","28.638489","77.095085","india"
"706230649112436736","2016-03-05 21:31:22","18.520300","73.856697","india"
"706230700404580352","2016-03-05 21:31:34","31.460884","74.241684","india"
"706231201237999616","2016-03-05 21:33:34","23.895048","53.655708","india"
"706232412372647937","2016-03-05 21:38:22","-33.432137","-70.655052","india"
"706232542140067840","2016-03-05 21:38:53","28.638489","77.095085","india"
"706232908084813825","2016-03-05 21:40:21","-33.432587","-70.653633","india"
"706233207813832705","2016-03-05 21:41:32","-35.000767","138.611160","india"
"706233265414340610","2016-03-05 21:41:46","-33.432587","-70.653633","india"
"706233580163182593","2016-03-05 21:43:01","51.027664","-114.087852","india"
"706234028270100481","2016-03-05 21:44:48","32.633766","-117.022461","india"
"706234396945334273","2016-03-05 21:46:16","30.864107","72.355499","india"
"706234398799056896","2016-03-05 21:46:16","18.536335","73.910759","india"
"706234456378621953","2016-03-05 21:46:30","40.365162","-82.669464","india"
"706234465555652608","2016-03-05 21:46:32","37.421947","-122.083855","india"
"706235256299503616","2016-03-05 21:49:40","-1.272930","-48.459797","india"
"706235359311613953","2016-03-05 21:50:05","41.378174","2.171002","india"
"706235651671384065","2016-03-05 21:51:15","-22.911423","-43.441578","india"
"706236272050884608","2016-03-05 21:53:43","25.816965","-80.132965","india"
"706236341613256705","2016-03-05 21:53:59","-27.382143","152.993195","india"
"706236352522797056","2016-03-05 21:54:02","24.098381","90.328712","india"
"706236499549888512","2016-03-05 21:54:37","23.895048","53.655708","india"
"706236668408373248","2016-03-05 21:55:17","33.767193","-84.433105","india"
"706236754156777476","2016-03-05 21:55:38","24.993462","55.551170","india"
"706236770937995264","2016-03-05 21:55:42","-33.848244","150.931976","india"
"706237761284608000","2016-03-05 21:59:38","53.253147","-1.918457","india"
"706238390492991488","2016-03-05 22:02:08","35.224838","-80.840790","india"
"706238408373436416","2016-03-05 22:02:12","25.461700","81.855659","india"
"706238507820257280","2016-03-05 22:02:36","29.142658","-98.904945","india"
"706238557439053825","2016-03-05 22:02:48","4.262284","-74.243668","india"
"706238662476849152","2016-03-05 22:03:13","37.331158","-121.873734","india"
"706238930631462912","2016-03-05 22:04:17","6.270883","-75.619209","india"
"706239566747934720","2016-03-05 22:06:48","40.904991","40.336239","india"
"706239865625649152","2016-03-05 22:07:59","40.378414","-74.171089","india"
"706240164218142721","2016-03-05 22:09:11","42.598202","-74.334900","india"
"706240335949787137","2016-03-05 22:09:52","43.333622","-3.045918","india"
"706240686694256640","2016-03-05 22:11:15","18.975000","72.825798","india"
"706240700896157696","2016-03-05 22:11:19","33.855099","-84.024300","india"
"706240922850201600","2016-03-05 22:12:11","35.170498","-79.861031","india"
"706240975501336576","2016-03-05 22:12:24","19.174141","72.874245","india"
"706241134901796864","2016-03-05 22:13:02","59.333672","17.980059","india"
"706241155860729862","2016-03-05 22:13:07","25.187719","51.147217","india"
"706241247103610881","2016-03-05 22:13:29","24.098381","90.328712","india"
"706241355857707012","2016-03-05 22:13:55","35.170498","-79.861031","india"
"706241375239589888","2016-03-05 22:13:59","28.638489","77.095085","india"
