"704802165114716162","2016-03-01 22:55:05","-22.911423","-43.441578","ronaldo"
"704803275309228032","2016-03-01 22:59:30","-4.570133","-40.913177","ronaldo"
"704803462534582272","2016-03-01 23:00:14","-23.621046","-46.785213","ronaldo"
"704804089054547968","2016-03-01 23:02:44","9.073664","7.424094","ronaldo"
"704804151226716161","2016-03-01 23:02:58","39.439907","-8.147510","ronaldo"
"704805105904840704","2016-03-01 23:06:46","42.123783","-72.642502","ronaldo"
"704806017872351232","2016-03-01 23:10:23","38.954182","-6.398643","ronaldo"
"704806412849946625","2016-03-01 23:11:58","51.587902","-0.102162","ronaldo"
"704807078666346496","2016-03-01 23:14:36","55.972355","-3.766487","ronaldo"
"704809245837959168","2016-03-01 23:23:13","36.249123","-115.133369","ronaldo"
"704809403837497344","2016-03-01 23:23:51","38.743614","-9.159995","ronaldo"
"704810073797890048","2016-03-01 23:26:30","-34.604317","-58.442642","ronaldo"
"704811013753933825","2016-03-01 23:30:15","-2.629285","-44.302551","ronaldo"
"704811289042919424","2016-03-01 23:31:20","-27.609692","-48.478897","ronaldo"
"704811306336047104","2016-03-01 23:31:24","40.452816","-3.688962","ronaldo"
"704811423340298240","2016-03-01 23:31:52","4.262284","-74.243668","ronaldo"
"704813227977404416","2016-03-01 23:39:03","25.746941","-80.368568","ronaldo"
"704813475839795200","2016-03-01 23:40:02","4.836572","-74.056297","ronaldo"
"704813941512396800","2016-03-01 23:41:53","52.238853","-0.882951","ronaldo"
"704814101260849152","2016-03-01 23:42:31","4.262284","-74.243668","ronaldo"
"704814514391420928","2016-03-01 23:44:09","4.147777","-75.991753","ronaldo"
"704814630691016704","2016-03-01 23:44:37","48.987930","2.223438","ronaldo"
"704814887076237312","2016-03-01 23:45:38","52.514874","-2.009333","ronaldo"
"704815057646063616","2016-03-01 23:46:19","4.262284","-74.243668","ronaldo"
"704815142303899648","2016-03-01 23:46:39","30.058100","31.228901","ronaldo"
"704815341562683392","2016-03-01 23:47:26","40.288700","-3.791864","ronaldo"
"704815444977459205","2016-03-01 23:47:51","-34.604317","-58.442642","ronaldo"
"704815674875629570","2016-03-01 23:48:46","1.773692","-76.153748","ronaldo"
"704816076681584640","2016-03-01 23:50:22","-3.789768","-38.519890","ronaldo"
"704816125213855744","2016-03-01 23:50:33","1.773692","-76.153748","ronaldo"
"704816558779060224","2016-03-01 23:52:17","4.627339","-74.149429","ronaldo"
"704817826255601664","2016-03-01 23:57:19","-20.789818","-41.196693","ronaldo"
"704818060864176129","2016-03-01 23:58:15","-23.392080","-46.453907","ronaldo"
"704818491115835392","2016-03-01 23:59:57","8.299533","-75.583160","ronaldo"
"705288619347431424","2016-03-03 07:08:05","-2.986931","104.753433","ronaldo"
"705290376991547393","2016-03-03 07:15:04","32.810013","-117.104988","ronaldo"
"705290675189776385","2016-03-03 07:16:15","34.020790","-118.411903","ronaldo"
"705292510441046016","2016-03-03 07:23:32","-6.521940","106.886436","ronaldo"
"705292880718352384","2016-03-03 07:25:01","32.810013","-117.104988","ronaldo"
"705296605860270080","2016-03-03 07:39:49","-23.682802","-46.595547","ronaldo"
"705297311124099072","2016-03-03 07:42:37","48.858833","2.347003","ronaldo"
"705300270239113216","2016-03-03 07:54:22","-7.721894","112.932976","ronaldo"
"705301327656697856","2016-03-03 07:58:35","59.615410","10.363027","ronaldo"
"705302168681652224","2016-03-03 08:01:55","0.535157","101.520523","ronaldo"
"705302520546123776","2016-03-03 08:03:19","9.085034","4.472610","ronaldo"
"705302982158450688","2016-03-03 08:05:09","-7.943315","112.610703","ronaldo"
"705307104261836800","2016-03-03 08:21:32","45.546188","11.550370","ronaldo"
"705311022425501696","2016-03-03 08:37:06","59.972404","10.721526","ronaldo"
"705312639530893312","2016-03-03 08:43:31","-7.777610","110.405067","ronaldo"
"705313212229668864","2016-03-03 08:45:48","-23.682802","-46.595547","ronaldo"
"705315087075020800","2016-03-03 08:53:15","1.242100","101.195030","ronaldo"
"705320275261431808","2016-03-03 09:13:52","50.997505","-3.927119","ronaldo"
"705325642191998980","2016-03-03 09:35:12","6.520641","3.379605","ronaldo"
"705325642355609600","2016-03-03 09:35:12","6.520641","3.379605","ronaldo"
"705325642531745792","2016-03-03 09:35:12","6.520641","3.379605","ronaldo"
"705325642632400896","2016-03-03 09:35:12","6.520641","3.379605","ronaldo"
"705325642917613568","2016-03-03 09:35:12","6.520641","3.379605","ronaldo"
"705325643190304768","2016-03-03 09:35:12","6.520641","3.379605","ronaldo"
"705325643525795840","2016-03-03 09:35:12","6.520641","3.379605","ronaldo"
"705327518455197698","2016-03-03 09:42:39","23.013960","72.570229","ronaldo"
"705332260791255040","2016-03-03 10:01:30","37.628487","15.157632","ronaldo"
"705332672210423808","2016-03-03 10:03:08","3.582540","98.673599","ronaldo"
"705333619221463040","2016-03-03 10:06:53","28.017170","1.664273","ronaldo"
"705333774792450048","2016-03-03 10:07:31","28.017170","1.664273","ronaldo"
"705333847823618048","2016-03-03 10:07:48","28.017170","1.664273","ronaldo"
"705333937577525249","2016-03-03 10:08:09","28.017170","1.664273","ronaldo"
"705334013863579648","2016-03-03 10:08:28","40.307613","127.439407","ronaldo"
"705334024689094656","2016-03-03 10:08:30","28.017170","1.664273","ronaldo"
"705334125545267200","2016-03-03 10:08:54","28.017170","1.664273","ronaldo"
"705338196293386241","2016-03-03 10:25:05","-6.137430","106.874130","ronaldo"
"705340381588799488","2016-03-03 10:33:46","9.042760","8.671616","ronaldo"
"705342060933480448","2016-03-03 10:40:26","3.293931","101.762085","ronaldo"
"705342841904476160","2016-03-03 10:43:32","-2.923926","104.799652","ronaldo"
"705343829046525952","2016-03-03 10:47:28","-6.137800","106.871017","ronaldo"
"705344060685422592","2016-03-03 10:48:23","55.943195","-3.203008","ronaldo"
"705344285487591424","2016-03-03 10:49:16","48.154881","11.541753","ronaldo"
"705346737255358464","2016-03-03 10:59:01","-7.125902","38.852901","ronaldo"
"705348445956079617","2016-03-03 11:05:48","37.542801","-5.099570","ronaldo"
"705349413338746880","2016-03-03 11:09:39","11.849543","13.149161","ronaldo"
"705351552475766789","2016-03-03 11:18:09","48.858833","2.347003","ronaldo"
"705359386034589697","2016-03-03 11:49:17","3.156512","101.578491","ronaldo"
"705361619459506177","2016-03-03 11:58:09","34.020790","-118.411903","ronaldo"
"705364539194236928","2016-03-03 12:09:45","-15.828659","-47.855347","ronaldo"
"705365107778449408","2016-03-03 12:12:01","25.782354","-80.233330","ronaldo"
"705367025993039872","2016-03-03 12:19:38","-26.276138","27.968098","ronaldo"
"705368028079394816","2016-03-03 12:23:37","-34.917866","-57.903652","ronaldo"
"705368396494467073","2016-03-03 12:25:05","40.477795","-3.703508","ronaldo"
"705370301832556548","2016-03-03 12:32:39","-22.763609","-43.401058","ronaldo"
"705374627300773888","2016-03-03 12:49:51","45.461346","9.159337","ronaldo"
"705376640650637313","2016-03-03 12:57:51","42.798237","-8.866379","ronaldo"
"705377126367797248","2016-03-03 12:59:46","39.422485","-0.352529","ronaldo"
"705377474998353922","2016-03-03 13:01:09","-22.879410","-43.803104","ronaldo"
"705377525959098368","2016-03-03 13:01:22","9.042760","8.671616","ronaldo"
"705377900732813312","2016-03-03 13:02:51","9.073664","7.424094","ronaldo"
"705377903572348928","2016-03-03 13:02:52","-23.682802","-46.595547","ronaldo"
"705378594579726336","2016-03-03 13:05:36","37.715351","30.274504","ronaldo"
"705380290194247680","2016-03-03 13:12:21","-21.755411","-48.171871","ronaldo"
"705382046458368001","2016-03-03 13:19:19","9.042760","8.671616","ronaldo"
"705382966600540160","2016-03-03 13:22:59","38.835552","-9.360589","ronaldo"
"705383212768301056","2016-03-03 13:23:57","1.301068","103.703522","ronaldo"
"705383868807774208","2016-03-03 13:26:34","43.911831","17.672752","ronaldo"
"705385289859076096","2016-03-03 13:32:13","-22.898073","-43.443497","ronaldo"
"705387116512092160","2016-03-03 13:39:28","51.498386","-0.216108","ronaldo"
"705387284036763650","2016-03-03 13:40:08","-8.043603","-34.939350","ronaldo"
"705387470582620160","2016-03-03 13:40:53","-15.776254","-47.796623","ronaldo"
"705388002248421378","2016-03-03 13:42:59","42.562580","20.902069","ronaldo"
"705390447645093888","2016-03-03 13:52:42","7.934643","-76.588135","ronaldo"
"705391080150138880","2016-03-03 13:55:13","40.524723","-3.816153","ronaldo"
"705391963428790272","2016-03-03 13:58:44","-19.918692","-43.959824","ronaldo"
"705392196594364416","2016-03-03 13:59:39","39.607372","-0.544596","ronaldo"
"705393011308535808","2016-03-03 14:02:54","-22.894995","-47.030216","ronaldo"
"705393681436643328","2016-03-03 14:05:33","36.207233","36.163269","ronaldo"
"705394472838938624","2016-03-03 14:08:42","-22.911423","-43.441578","ronaldo"
"705395090601222146","2016-03-03 14:11:09","-32.251030","-63.777969","ronaldo"
"705395794002649088","2016-03-03 14:13:57","3.075327","101.844170","ronaldo"
"705396882319785984","2016-03-03 14:18:17","-12.875335","-38.502647","ronaldo"
"705398076853374976","2016-03-03 14:23:01","45.480820","9.127940","ronaldo"
"705399549087621120","2016-03-03 14:28:52","-22.911423","-43.441578","ronaldo"
"705400050231414784","2016-03-03 14:30:52","-22.911423","-43.441578","ronaldo"
"705400138592817152","2016-03-03 14:31:13","-22.911423","-43.441578","ronaldo"
"705400353769058306","2016-03-03 14:32:04","-22.911423","-43.441578","ronaldo"
"705400598724812800","2016-03-03 14:33:03","-28.710438","-55.806698","ronaldo"
"705400792384143362","2016-03-03 14:33:49","-20.789818","-41.196693","ronaldo"
"705402179448918018","2016-03-03 14:39:19","36.113262","-5.486559","ronaldo"
"705402636066017281","2016-03-03 14:41:08","26.376282","44.751476","ronaldo"
"705402878953984000","2016-03-03 14:42:06","-20.427328","-40.375168","ronaldo"
"705403505675259905","2016-03-03 14:44:36","54.977921","-1.440702","ronaldo"
"705403602836267008","2016-03-03 14:44:59","53.507526","-2.453096","ronaldo"
"705406054532845568","2016-03-03 14:54:43","8.421673","-80.095413","ronaldo"
"705406601012895745","2016-03-03 14:56:54","-16.812290","-49.261269","ronaldo"
"705409537960976386","2016-03-03 15:08:34","-32.048264","-55.675495","ronaldo"
"705409818971000836","2016-03-03 15:09:41","-32.532928","-55.781277","ronaldo"
"705409841225924610","2016-03-03 15:09:46","35.714069","-6.916355","ronaldo"
"705411504649195521","2016-03-03 15:16:23","-20.789818","-41.196693","ronaldo"
"705411508075929600","2016-03-03 15:16:24","42.993664","-78.881798","ronaldo"
"705411872904892417","2016-03-03 15:17:51","29.596249","31.570606","ronaldo"
"705412293174108161","2016-03-03 15:19:31","-20.789818","-41.196693","ronaldo"
"705414464288505857","2016-03-03 15:28:08","10.958073","-74.849930","ronaldo"
"705414683910610945","2016-03-03 15:29:01","-23.666101","-46.441261","ronaldo"
"705415321117663232","2016-03-03 15:31:33","-23.624184","-46.695465","ronaldo"
"705415661976166400","2016-03-03 15:32:54","43.911831","17.672752","ronaldo"
"705417106020560896","2016-03-03 15:38:38","-26.276138","27.968098","ronaldo"
"705417405766496256","2016-03-03 15:39:50","-34.604317","-58.442642","ronaldo"
"705417600650649600","2016-03-03 15:40:36","-34.604317","-58.442642","ronaldo"
"705417733069000704","2016-03-03 15:41:08","-34.604317","-58.442642","ronaldo"
"705417872990986241","2016-03-03 15:41:41","6.422820","-66.578926","ronaldo"
"705417974803521536","2016-03-03 15:42:05","-34.604317","-58.442642","ronaldo"
"705418450861219840","2016-03-03 15:43:59","-34.604317","-58.442642","ronaldo"
"705418607476482048","2016-03-03 15:44:36","-22.894995","-47.030216","ronaldo"
"705419605251067904","2016-03-03 15:48:34","9.703881","-75.162758","ronaldo"
"705419710209331200","2016-03-03 15:48:59","-19.689749","-42.150658","ronaldo"
"705420068612608000","2016-03-03 15:50:25","9.703881","-75.162758","ronaldo"
"705420351094673408","2016-03-03 15:51:32","40.483898","-3.568000","ronaldo"
"705420368316465152","2016-03-03 15:51:36","-7.325964","112.717110","ronaldo"
"705420416316268544","2016-03-03 15:51:47","52.005432","5.896664","ronaldo"
"705420645107109893","2016-03-03 15:52:42","33.631142","-80.926628","ronaldo"
"705420999156764673","2016-03-03 15:54:06","-34.604317","-58.442642","ronaldo"
"705421148654272512","2016-03-03 15:54:42","9.703881","-75.162758","ronaldo"
"705421680873705472","2016-03-03 15:56:49","30.864107","72.355499","ronaldo"
"705422094490853376","2016-03-03 15:58:28","9.703881","-75.162758","ronaldo"
"705422102992703491","2016-03-03 15:58:30","54.617599","-1.579938","ronaldo"
"705422691701026816","2016-03-03 16:00:50","9.703881","-75.162758","ronaldo"
"705422761200451584","2016-03-03 16:01:07","41.153297","-8.607410","ronaldo"
"705423113719312384","2016-03-03 16:02:31","9.703881","-75.162758","ronaldo"
"705423386554585090","2016-03-03 16:03:36","-10.115636","-48.101460","ronaldo"
"705423564090929152","2016-03-03 16:04:18","16.173254","-61.405891","ronaldo"
"705424291458850816","2016-03-03 16:07:11","-23.682802","-46.595547","ronaldo"
"705424505791979520","2016-03-03 16:08:02","6.422820","-66.578926","ronaldo"
"705424906922512384","2016-03-03 16:09:38","41.153198","-8.608976","ronaldo"
"705424921187393538","2016-03-03 16:09:42","19.174141","72.874245","ronaldo"
"705425029442371584","2016-03-03 16:10:07","4.265818","100.725037","ronaldo"
"705425248405983232","2016-03-03 16:11:00","-1.665726","-83.600800","ronaldo"
"705425256073269249","2016-03-03 16:11:01","-8.148584","-35.003738","ronaldo"
"705425303238213632","2016-03-03 16:11:13","-23.682802","-46.595547","ronaldo"
"705425909919195137","2016-03-03 16:13:37","41.125237","1.268756","ronaldo"
"705426390028566528","2016-03-03 16:15:32","9.893525","-67.214859","ronaldo"
"705426822318661632","2016-03-03 16:17:15","-22.911423","-43.441578","ronaldo"
"705427718897328128","2016-03-03 16:20:49","-40.060467","-72.857468","ronaldo"
"705428137769836544","2016-03-03 16:22:28","52.033566","-0.764064","ronaldo"
"705428376354492418","2016-03-03 16:23:25","30.061596","146.464767","ronaldo"
"705428543044521984","2016-03-03 16:24:05","51.192253","4.489512","ronaldo"
"705429954939461632","2016-03-03 16:29:42","-2.512995","-80.091194","ronaldo"
"705431085342183424","2016-03-03 16:34:11","-7.169409","-34.871120","ronaldo"
"705431395569688576","2016-03-03 16:35:25","-14.239565","-53.184834","ronaldo"
"705432182722932740","2016-03-03 16:38:33","37.683895","-97.343918","ronaldo"
"705433066160922624","2016-03-03 16:42:03","-21.964277","-51.353676","ronaldo"
"705434325223940097","2016-03-03 16:47:04","47.873413","1.912161","ronaldo"
"705434510805045248","2016-03-03 16:47:48","-23.616570","-46.318825","ronaldo"
"705435249166127104","2016-03-03 16:50:44","-23.682802","-46.595547","ronaldo"
"705436195682029568","2016-03-03 16:54:30","43.600758","1.432901","ronaldo"
"705436868679233536","2016-03-03 16:57:10","-23.470007","-47.436634","ronaldo"
"705437850507087873","2016-03-03 17:01:04","52.200974","0.135916","ronaldo"
"705438592789848066","2016-03-03 17:04:01","-34.604317","-58.442642","ronaldo"
"705438989415677953","2016-03-03 17:05:36","-31.561390","-52.333897","ronaldo"
"705439141954260992","2016-03-03 17:06:12","15.201132","-86.243195","ronaldo"
"705439264755085312","2016-03-03 17:06:41","-34.936317","-58.013023","ronaldo"
"705439292768833537","2016-03-03 17:06:48","48.572273","-4.524421","ronaldo"
"705440089988587520","2016-03-03 17:09:58","-20.427328","-40.375168","ronaldo"
"705441488101052416","2016-03-03 17:15:31","-23.546980","-46.567543","ronaldo"
"705441832185028609","2016-03-03 17:16:53","-22.911423","-43.441578","ronaldo"
"705442988579758081","2016-03-03 17:21:29","4.828516","7.003183","ronaldo"
"705443043114164224","2016-03-03 17:21:42","52.969719","-1.172266","ronaldo"
"705446227329028097","2016-03-03 17:34:21","43.345661","-8.422813","ronaldo"
"705446304390975489","2016-03-03 17:34:40","48.987701","1.911348","ronaldo"
"705446829392076800","2016-03-03 17:36:45","-10.115636","-48.101460","ronaldo"
"705448637845938180","2016-03-03 17:43:56","9.073664","7.424094","ronaldo"
"705448732821741569","2016-03-03 17:44:19","-29.980442","30.861198","ronaldo"
"705449190332211200","2016-03-03 17:46:08","-3.789768","-38.519890","ronaldo"
"705454663496245248","2016-03-03 18:07:53","50.818867","-1.066985","ronaldo"
"705456848313458689","2016-03-03 18:16:34","29.417501","-98.540649","ronaldo"
"705457345040654336","2016-03-03 18:18:32","43.746689","7.433898","ronaldo"
"705457428498763776","2016-03-03 18:18:52","42.252701","-88.861526","ronaldo"
"705457652617383936","2016-03-03 18:19:45","43.600758","1.432901","ronaldo"
"705458018964606976","2016-03-03 18:21:13","4.828516","7.003183","ronaldo"
"705458790720741377","2016-03-03 18:24:17","-9.194284","-75.000618","ronaldo"
"705460502839873536","2016-03-03 18:31:05","-12.875335","-38.502647","ronaldo"
"705460989102313472","2016-03-03 18:33:01","4.262284","-74.243668","ronaldo"
"705461098380713984","2016-03-03 18:33:27","-12.875335","-38.502647","ronaldo"
"705461771772043266","2016-03-03 18:36:07","13.189300","-59.535496","ronaldo"
"705462011673636865","2016-03-03 18:37:05","4.262284","-74.243668","ronaldo"
"705462506798632960","2016-03-03 18:39:03","45.001179","-86.270538","ronaldo"
"705462611501064192","2016-03-03 18:39:28","4.262284","-74.243668","ronaldo"
"705462932092665856","2016-03-03 18:40:44","-22.911423","-43.441578","ronaldo"
"705463386746851328","2016-03-03 18:42:32","41.392658","2.141227","ronaldo"
"705463970816245761","2016-03-03 18:44:52","40.653690","35.826378","ronaldo"
"705464180539854848","2016-03-03 18:45:42","-23.863319","-46.290096","ronaldo"
"705464303722356736","2016-03-03 18:46:11","-38.673218","-72.643814","ronaldo"
"705464825133068290","2016-03-03 18:48:15","46.758335","-92.122841","ronaldo"
"705465683816091648","2016-03-03 18:51:40","56.476952","-2.955045","ronaldo"
"705466103489810432","2016-03-03 18:53:20","-34.604317","-58.442642","ronaldo"
"705466644638863360","2016-03-03 18:55:29","4.262284","-74.243668","ronaldo"
"705466913971957764","2016-03-03 18:56:33","54.647606","25.052986","ronaldo"
"705467077545463808","2016-03-03 18:57:12","15.772468","-90.224220","ronaldo"
"705470327028125697","2016-03-03 19:10:07","-2.512995","-80.091194","ronaldo"
"705470996225122304","2016-03-03 19:12:47","-19.082558","-52.752357","ronaldo"
"705474633160638464","2016-03-03 19:27:14","38.348904","-0.515521","ronaldo"
"705474917555441664","2016-03-03 19:28:22","-29.792601","30.635521","ronaldo"
"705476168330452992","2016-03-03 19:33:20","-22.911423","-43.441578","ronaldo"
"705477682822311937","2016-03-03 19:39:21","-34.604317","-58.442642","ronaldo"
"705478616730226688","2016-03-03 19:43:04","39.780357","-84.200363","ronaldo"
"705479332374777856","2016-03-03 19:45:54","38.421535","-121.382088","ronaldo"
"705479472288559104","2016-03-03 19:46:28","-22.750748","-43.709679","ronaldo"
"705479506887217152","2016-03-03 19:46:36","33.921925","-117.217918","ronaldo"
"705479627414900736","2016-03-03 19:47:05","41.021320","29.005222","ronaldo"
"705479783354753024","2016-03-03 19:47:42","34.060760","-117.398964","ronaldo"
"705480034820214784","2016-03-03 19:48:42","-19.440516","-42.680389","ronaldo"
"705480424693374976","2016-03-03 19:50:15","-37.147575","-60.029846","ronaldo"
"705480749957435393","2016-03-03 19:51:32","-29.890709","-50.956257","ronaldo"
"705481052018622467","2016-03-03 19:52:44","51.924458","4.271607","ronaldo"
"705481363303088129","2016-03-03 19:53:58","53.154808","-6.815333","ronaldo"
"705481969912647680","2016-03-03 19:56:23","41.117935","-77.604683","ronaldo"
"705483699949670400","2016-03-03 20:03:15","31.332493","-94.732597","ronaldo"
"705483918057873408","2016-03-03 20:04:07","48.926754","2.365844","ronaldo"
"705484299169091584","2016-03-03 20:05:38","6.422820","-66.578926","ronaldo"
"705485103783419906","2016-03-03 20:08:50","-25.495249","-49.288460","ronaldo"
"705485554356326400","2016-03-03 20:10:38","-33.848244","150.931976","ronaldo"
"705485741875449856","2016-03-03 20:11:22","43.911831","17.672752","ronaldo"
"705487036384485377","2016-03-03 20:16:31","-22.911423","-43.441578","ronaldo"
"705487443689078784","2016-03-03 20:18:08","51.542439","-0.159403","ronaldo"
"705487479764344832","2016-03-03 20:18:17","-14.239565","-53.184834","ronaldo"
"705487922108170240","2016-03-03 20:20:02","40.694454","-8.520166","ronaldo"
"705488121950035968","2016-03-03 20:20:50","4.828516","7.003183","ronaldo"
"705488495125651456","2016-03-03 20:22:19","51.644287","-3.945735","ronaldo"
"705489081623564288","2016-03-03 20:24:39","40.694454","-8.520166","ronaldo"
"705489453968707585","2016-03-03 20:26:07","-9.194284","-75.000618","ronaldo"
"705489466916528129","2016-03-03 20:26:10","40.694454","-8.520166","ronaldo"
"705489652803870720","2016-03-03 20:26:55","-22.066780","-42.923702","ronaldo"
"705489734223699969","2016-03-03 20:27:14","-1.665726","-83.600800","ronaldo"
"705490019910348804","2016-03-03 20:28:22","-12.875335","-38.502647","ronaldo"
"705490236239904768","2016-03-03 20:29:14","-25.752605","28.184067","ronaldo"
"705490738537238529","2016-03-03 20:31:14","9.703881","-75.162758","ronaldo"
"705490751371747328","2016-03-03 20:31:17","-25.752605","28.184067","ronaldo"
"705491703533346816","2016-03-03 20:35:04","9.703881","-75.162758","ronaldo"
"705491932705910784","2016-03-03 20:35:58","9.703881","-75.162758","ronaldo"
"705491967598305280","2016-03-03 20:36:07","4.262284","-74.243668","ronaldo"
"705492031540436995","2016-03-03 20:36:22","42.064877","2.263748","ronaldo"
"705492382637232128","2016-03-03 20:37:46","42.815739","-1.649601","ronaldo"
"705492621704171520","2016-03-03 20:38:43","52.354729","4.904054","ronaldo"
"705493000802197504","2016-03-03 20:40:13","58.555634","31.313112","ronaldo"
"705493092808433664","2016-03-03 20:40:35","9.703881","-75.162758","ronaldo"
"705493166464638976","2016-03-03 20:40:52","58.555634","31.313112","ronaldo"
"705493209472966656","2016-03-03 20:41:03","58.555634","31.313112","ronaldo"
"705493478575312898","2016-03-03 20:42:07","-18.479383","-70.294106","ronaldo"
"705493882969137152","2016-03-03 20:43:43","9.703881","-75.162758","ronaldo"
"705494771624710144","2016-03-03 20:47:15","41.021320","29.005222","ronaldo"
"705494890679959553","2016-03-03 20:47:44","33.552864","-112.124680","ronaldo"
"705495108490305536","2016-03-03 20:48:35","9.703881","-75.162758","ronaldo"
"705495566793490433","2016-03-03 20:50:25","11.157514","7.646177","ronaldo"
"705495970050609152","2016-03-03 20:52:01","40.477795","-3.703508","ronaldo"
"705496966055260160","2016-03-03 20:55:58","52.847092","-2.298134","ronaldo"
"705497653015142400","2016-03-03 20:58:42","9.703881","-75.162758","ronaldo"
"705497961460080645","2016-03-03 20:59:56","6.422820","-66.578926","ronaldo"
"705499315314270215","2016-03-03 21:05:18","9.703881","-75.162758","ronaldo"
"705499594285850624","2016-03-03 21:06:25","9.703881","-75.162758","ronaldo"
"705500683022307329","2016-03-03 21:10:45","42.562580","20.902069","ronaldo"
"705500773803806720","2016-03-03 21:11:06","53.701820","-1.664672","ronaldo"
"705500808465485830","2016-03-03 21:11:14","51.537060","-0.442361","ronaldo"
"705501174603055104","2016-03-03 21:12:42","45.195030","9.165604","ronaldo"
"705501429398687744","2016-03-03 21:13:43","43.911831","17.672752","ronaldo"
"705501531785859074","2016-03-03 21:14:07","12.005000","8.527467","ronaldo"
"705501632642031616","2016-03-03 21:14:31","53.927052","-1.819785","ronaldo"
"705501847512084480","2016-03-03 21:15:22","9.703881","-75.162758","ronaldo"
"705501958904401921","2016-03-03 21:15:49","-8.673961","-36.288692","ronaldo"
"705502104396435456","2016-03-03 21:16:23","9.703881","-75.162758","ronaldo"
"705502365969940481","2016-03-03 21:17:26","9.703881","-75.162758","ronaldo"
"705502395904737280","2016-03-03 21:17:33","-12.200165","-39.064457","ronaldo"
"705503223000334336","2016-03-03 21:20:50","34.020790","-118.411903","ronaldo"
"705503359357288448","2016-03-03 21:21:23","9.703881","-75.162758","ronaldo"
"705504454024548352","2016-03-03 21:25:44","49.297928","6.105968","ronaldo"
"705504485926412288","2016-03-03 21:25:51","-38.011585","-57.581429","ronaldo"
"705504538476855299","2016-03-03 21:26:04","55.876198","-3.114290","ronaldo"
"705504709071740928","2016-03-03 21:26:44","55.876198","-3.114290","ronaldo"
"705504713664536576","2016-03-03 21:26:46","53.449036","-1.956487","ronaldo"
"705504746182823936","2016-03-03 21:26:53","32.863918","-96.961479","ronaldo"
"705504747701334018","2016-03-03 21:26:54","38.704041","-1.454151","ronaldo"
"705504790307074049","2016-03-03 21:27:04","40.477795","-3.703508","ronaldo"
"705504853204869126","2016-03-03 21:27:19","38.835552","-9.360589","ronaldo"
"705505010122158080","2016-03-03 21:27:56","43.796078","7.498582","ronaldo"
"705505013997674496","2016-03-03 21:27:57","40.477795","-3.703508","ronaldo"
"705505048177090560","2016-03-03 21:28:05","9.703881","-75.162758","ronaldo"
"705505057647812608","2016-03-03 21:28:08","42.667622","-2.956932","ronaldo"
"705505404889878529","2016-03-03 21:29:30","-0.485135","117.135483","ronaldo"
"705505449622249472","2016-03-03 21:29:41","15.772468","-90.224220","ronaldo"
"705505487010324480","2016-03-03 21:29:50","51.611885","-0.210895","ronaldo"
"705505597949616128","2016-03-03 21:30:16","-39.793453","-67.350525","ronaldo"
"705505731106119680","2016-03-03 21:30:48","40.073040","-74.724319","ronaldo"
"705505954419372032","2016-03-03 21:31:41","51.565197","-0.263141","ronaldo"
"705505959473504256","2016-03-03 21:31:43","-19.918692","-43.959824","ronaldo"
"705506012837580800","2016-03-03 21:31:55","41.576439","-93.606369","ronaldo"
"705506116961214464","2016-03-03 21:32:20","-8.935368","-36.472488","ronaldo"
"705506250394640385","2016-03-03 21:32:52","50.683239","2.927069","ronaldo"
"705506386067726336","2016-03-03 21:33:24","-20.789818","-41.196693","ronaldo"
"705506443051589632","2016-03-03 21:33:38","49.037395","2.045942","ronaldo"
"705506727236468737","2016-03-03 21:34:46","-8.633407","115.244530","ronaldo"
"705506737755914241","2016-03-03 21:34:48","10.511245","7.422322","ronaldo"
"705506866802122752","2016-03-03 21:35:19","53.470436","-2.096438","ronaldo"
"705507457779552260","2016-03-03 21:37:40","41.021320","29.005222","ronaldo"
"705507472702840833","2016-03-03 21:37:43","55.858303","-4.241751","ronaldo"
"705507524447961092","2016-03-03 21:37:56","41.515270","-81.343971","ronaldo"
"705507633785126913","2016-03-03 21:38:22","53.739597","-1.590952","ronaldo"
"705508045527379968","2016-03-03 21:40:00","-6.298354","106.935699","ronaldo"
"705508841996288003","2016-03-03 21:43:10","41.078392","-8.561306","ronaldo"
"705509086998224896","2016-03-03 21:44:08","38.898602","-77.014397","ronaldo"
"705509147467509760","2016-03-03 21:44:23","39.779564","-86.142921","ronaldo"
"705509491555569664","2016-03-03 21:45:45","-8.043603","-34.939350","ronaldo"
"705509578826518530","2016-03-03 21:46:05","7.549950","-5.548938","ronaldo"
"705509661722714112","2016-03-03 21:46:25","50.683239","2.927069","ronaldo"
"705509755645792256","2016-03-03 21:46:48","7.549950","-5.548938","ronaldo"
"705510053361623040","2016-03-03 21:47:59","-23.144882","-49.979622","ronaldo"
"705510431692038144","2016-03-03 21:49:29","33.601685","-7.609753","ronaldo"
"705510620133588992","2016-03-03 21:50:14","33.739990","-117.887436","ronaldo"
"705510724395737088","2016-03-03 21:50:39","-18.001295","31.072851","ronaldo"
"705510871993339904","2016-03-03 21:51:14","10.958073","-74.849930","ronaldo"
"705511079917588480","2016-03-03 21:52:03","-37.147575","-60.029846","ronaldo"
"705511503546286081","2016-03-03 21:53:44","32.779968","-97.285912","ronaldo"
"705511830043693056","2016-03-03 21:55:02","10.958073","-74.849930","ronaldo"
"705511874427801603","2016-03-03 21:55:13","54.899242","-1.385366","ronaldo"
"705511877368012801","2016-03-03 21:55:13","-23.696354","-52.389313","ronaldo"
"705511956355145728","2016-03-03 21:55:32","55.054871","-2.130362","ronaldo"
"705511998939914241","2016-03-03 21:55:42","45.248791","-75.800140","ronaldo"
"705512081030836225","2016-03-03 21:56:02","10.958073","-74.849930","ronaldo"
"705512438171615232","2016-03-03 21:57:27","10.958073","-74.849930","ronaldo"
"705512880779603968","2016-03-03 21:59:13","35.686886","139.756363","ronaldo"
"705512907325345792","2016-03-03 21:59:19","35.686886","139.756363","ronaldo"
"705513196489146368","2016-03-03 22:00:28","10.958073","-74.849930","ronaldo"
"705513543047716864","2016-03-03 22:01:51","10.958073","-74.849930","ronaldo"
"705513691681132544","2016-03-03 22:02:26","33.873367","35.849514","ronaldo"
"705514119559028737","2016-03-03 22:04:08","4.295153","10.204143","ronaldo"
"705514230158479361","2016-03-03 22:04:34","33.739990","-117.887436","ronaldo"
"705514571759489025","2016-03-03 22:05:56","51.253754","7.752593","ronaldo"
"705514896532881408","2016-03-03 22:07:13","48.910629","2.445818","ronaldo"
"705515593114451968","2016-03-03 22:09:59","41.162144","-8.621914","ronaldo"
"705515787541454849","2016-03-03 22:10:46","40.453945","-8.445662","ronaldo"
"705515794948554752","2016-03-03 22:10:48","-6.478298","-76.372513","ronaldo"
"705516885962530818","2016-03-03 22:15:08","55.466068","-4.624917","ronaldo"
"705517445285601280","2016-03-03 22:17:21","-6.478298","-76.372513","ronaldo"
"705517774173511680","2016-03-03 22:18:39","51.888702","0.898891","ronaldo"
"705518070324989959","2016-03-03 22:19:50","51.489262","-0.088161","ronaldo"
"705518194132443136","2016-03-03 22:20:20","53.092117","-2.456815","ronaldo"
"705520301426253825","2016-03-03 22:28:42","-22.911423","-43.441578","ronaldo"
"705520527230803968","2016-03-03 22:29:36","-19.918692","-43.959824","ronaldo"
"705521220268253190","2016-03-03 22:32:21","-26.046583","-60.895737","ronaldo"
"705523210582933504","2016-03-03 22:40:16","-8.043603","-34.939350","ronaldo"
"705523393681104900","2016-03-03 22:40:59","45.072872","7.675785","ronaldo"
"705523759034138624","2016-03-03 22:42:26","33.739990","-117.887436","ronaldo"
"705525376248893445","2016-03-03 22:48:52","-2.885452","-40.304115","ronaldo"
"705526267605602306","2016-03-03 22:52:24","-22.998692","-43.360394","ronaldo"
"705526420093665280","2016-03-03 22:53:01","-22.744930","-42.290733","ronaldo"
"705529653952294912","2016-03-03 23:05:52","27.042768","-109.443649","ronaldo"
"705529992239783937","2016-03-03 23:07:12","10.958073","-74.849930","ronaldo"
"705530049970249728","2016-03-03 23:07:26","53.494598","-6.235720","ronaldo"
"705530105158901760","2016-03-03 23:07:39","10.958073","-74.849930","ronaldo"
"705530223840854016","2016-03-03 23:08:08","10.958073","-74.849930","ronaldo"
"705530618722033664","2016-03-03 23:09:42","51.371155","0.582454","ronaldo"
"705530679342338048","2016-03-03 23:09:56","-23.682802","-46.595547","ronaldo"
"705531091675910146","2016-03-03 23:11:35","10.958073","-74.849930","ronaldo"
"705531469242966016","2016-03-03 23:13:05","53.354900","-6.247621","ronaldo"
"705533667788115968","2016-03-03 23:21:49","10.958073","-74.849930","ronaldo"
"705533952799408128","2016-03-03 23:22:57","36.796734","-4.689374","ronaldo"
"705533977831014400","2016-03-03 23:23:03","6.422820","-66.578926","ronaldo"
"705534044856033281","2016-03-03 23:23:19","10.958073","-74.849930","ronaldo"
"705534551582482432","2016-03-03 23:25:19","41.080875","-81.516754","ronaldo"
"705534610084597760","2016-03-03 23:25:33","46.759365","2.824300","ronaldo"
"705535066844340224","2016-03-03 23:27:22","41.117935","-77.604683","ronaldo"
"705535097987059712","2016-03-03 23:27:30","10.958073","-74.849930","ronaldo"
"705536954260201472","2016-03-03 23:34:52","36.796734","-4.689374","ronaldo"
"705537644810207233","2016-03-03 23:37:37","18.021959","-92.916496","ronaldo"
"705538238136487936","2016-03-03 23:39:58","1.290529","103.834190","ronaldo"
"705541032289693697","2016-03-03 23:51:05","-8.043603","-34.939350","ronaldo"
"705541197503266816","2016-03-03 23:51:44","-28.990658","-57.654137","ronaldo"
"705541720050634752","2016-03-03 23:53:49","-8.043603","-34.939350","ronaldo"
"705542231759921154","2016-03-03 23:55:51","-6.478298","-76.372513","ronaldo"
"705542954233040896","2016-03-03 23:58:43","-6.478298","-76.372513","ronaldo"
"705903462324768772","2016-03-04 23:51:15","53.736694","-1.498035","ronaldo"
"705903827627679744","2016-03-04 23:52:42","53.609379","-2.153001","ronaldo"
"705904226728288256","2016-03-04 23:54:17","41.582977","2.006363","ronaldo"
"705904810017628160","2016-03-04 23:56:36","36.492477","-6.271563","ronaldo"
"705905211542511616","2016-03-04 23:58:12","-34.646236","-58.611755","ronaldo"
"706156749435314176","2016-03-05 16:37:43","50.653095","3.191314","ronaldo"
"706156750261587969","2016-03-05 16:37:43","-22.911423","-43.441578","ronaldo"
"706156768980697092","2016-03-05 16:37:48","13.189300","-59.535496","ronaldo"
"706156769177899008","2016-03-05 16:37:48","-8.043603","-34.939350","ronaldo"
"706156772734668801","2016-03-05 16:37:49","-22.346420","-46.287052","ronaldo"
"706156773304983553","2016-03-05 16:37:49","-6.244585","106.809174","ronaldo"
"706156775943249921","2016-03-05 16:37:49","4.343651","100.903748","ronaldo"
"706156778984251393","2016-03-05 16:37:50","40.850346","-73.849442","ronaldo"
"706156785531494401","2016-03-05 16:37:52","28.588446","-81.197273","ronaldo"
"706156798311403521","2016-03-05 16:37:55","40.564190","-105.063942","ronaldo"
"706156816766472192","2016-03-05 16:37:59","38.743614","-9.159995","ronaldo"
"706156819790442496","2016-03-05 16:38:00","22.296366","-97.879539","ronaldo"
"706156832507731974","2016-03-05 16:38:03","50.720940","-3.514876","ronaldo"
"706156838585286656","2016-03-05 16:38:04","41.392658","2.141227","ronaldo"
"706156840611147776","2016-03-05 16:38:05","49.578136","3.007595","ronaldo"
"706156842418884608","2016-03-05 16:38:05","40.915047","-74.167809","ronaldo"
"706156844268433408","2016-03-05 16:38:06","37.599556","-77.588890","ronaldo"
"706156855756787717","2016-03-05 16:38:08","37.033150","31.374199","ronaldo"
"706156863893667840","2016-03-05 16:38:10","-22.342632","24.684408","ronaldo"
"706156875771990016","2016-03-05 16:38:13","52.678070","4.842745","ronaldo"
"706156891492196352","2016-03-05 16:38:17","41.021320","29.005222","ronaldo"
"706156893409038336","2016-03-05 16:38:17","30.674721","31.719513","ronaldo"
"706156900430311424","2016-03-05 16:38:19","58.602379","16.579006","ronaldo"
"706156929123524608","2016-03-05 16:38:26","48.313328","1.334739","ronaldo"
"706156930612518912","2016-03-05 16:38:26","53.909306","102.047188","ronaldo"
"706156940850798595","2016-03-05 16:38:29","-32.532928","-55.781277","ronaldo"
"706156949482708992","2016-03-05 16:38:31","52.796791","-0.838055","ronaldo"
"706156975609024512","2016-03-05 16:38:37","51.804768","-2.450970","ronaldo"
"706156978373005312","2016-03-05 16:38:38","41.164021","-8.385074","ronaldo"
"706156980965138432","2016-03-05 16:38:38","-25.495249","-49.288460","ronaldo"
"706156993749393408","2016-03-05 16:38:41","-30.099836","-51.159309","ronaldo"
"706157006634221568","2016-03-05 16:38:44","-31.561390","-52.333897","ronaldo"
"706157008056143873","2016-03-05 16:38:45","21.585711","39.254128","ronaldo"
"706157010362892288","2016-03-05 16:38:45","13.189300","-59.535496","ronaldo"
"706157014737670144","2016-03-05 16:38:46","6.625896","3.505413","ronaldo"
"706157055393013760","2016-03-05 16:38:56","-34.604317","-58.442642","ronaldo"
"706157058903572480","2016-03-05 16:38:57","35.482845","-97.552162","ronaldo"
"706157066046611456","2016-03-05 16:38:58","38.722466","-9.397333","ronaldo"
"706157069787750400","2016-03-05 16:38:59","45.687851","-111.082932","ronaldo"
"706157091342385152","2016-03-05 16:39:04","26.636480","-81.986832","ronaldo"
"706157118131298304","2016-03-05 16:39:11","13.189300","-59.535496","ronaldo"
"706157119087767552","2016-03-05 16:39:11","40.153481","47.685474","ronaldo"
"706157123848310785","2016-03-05 16:39:12","-12.875335","-38.502647","ronaldo"
"706157137156825088","2016-03-05 16:39:15","-26.019720","27.957458","ronaldo"
"706157137744027648","2016-03-05 16:39:16","48.863705","2.448988","ronaldo"
"706157151149035520","2016-03-05 16:39:19","10.390449","-75.549637","ronaldo"
"706157173508808704","2016-03-05 16:39:24","48.871868","2.769732","ronaldo"
"706157186511183872","2016-03-05 16:39:27","43.317810","3.290810","ronaldo"
"706157236901511169","2016-03-05 16:39:39","49.509754","0.079176","ronaldo"
"706157246070194177","2016-03-05 16:39:41","45.530781","-122.935532","ronaldo"
"706157290852777984","2016-03-05 16:39:52","25.676603","-100.196136","ronaldo"
"706157298763235328","2016-03-05 16:39:54","25.021984","75.859741","ronaldo"
"706157326894497793","2016-03-05 16:40:01","37.002316","35.387894","ronaldo"
"706157328328998912","2016-03-05 16:40:01","9.073664","7.424094","ronaldo"
"706157334544977920","2016-03-05 16:40:02","-25.300264","-57.606018","ronaldo"
"706157355646455810","2016-03-05 16:40:08","9.000050","7.519940","ronaldo"
"706157355919081472","2016-03-05 16:40:08","51.364338","0.518546","ronaldo"
"706157376886460416","2016-03-05 16:40:13","29.335546","48.019859","ronaldo"
"706157400177385472","2016-03-05 16:40:18","48.940845","2.617563","ronaldo"
"706157406024241153","2016-03-05 16:40:20","-22.752464","-43.422371","ronaldo"
"706157412391190529","2016-03-05 16:40:21","50.966984","5.489892","ronaldo"
"706157415188680704","2016-03-05 16:40:22","33.972515","-117.721764","ronaldo"
"706157428690309125","2016-03-05 16:40:25","29.417501","-98.540649","ronaldo"
"706157442946764804","2016-03-05 16:40:28","-22.737225","-42.043358","ronaldo"
"706157444439908353","2016-03-05 16:40:29","38.729267","35.458450","ronaldo"
"706157467860930560","2016-03-05 16:40:34","48.960407","2.363615","ronaldo"
"706157485976133632","2016-03-05 16:40:39","-34.604317","-58.442642","ronaldo"
"706157491512582146","2016-03-05 16:40:40","-30.099836","-51.159309","ronaldo"
"706157508168179712","2016-03-05 16:40:44","10.958073","-74.849930","ronaldo"
"706157511892557825","2016-03-05 16:40:45","36.232914","-115.223122","ronaldo"
"706157514400858113","2016-03-05 16:40:45","51.668079","-0.392275","ronaldo"
"706157523003383809","2016-03-05 16:40:47","-25.300264","-57.606018","ronaldo"
"706157523645145088","2016-03-05 16:40:48","53.273502","-6.399521","ronaldo"
"706157538862100480","2016-03-05 16:40:51","50.908947","4.219984","ronaldo"
"706157570789085184","2016-03-05 16:40:59","39.439907","-8.147510","ronaldo"
"706157583048966145","2016-03-05 16:41:02","19.201180","-70.488358","ronaldo"
"706157611696197632","2016-03-05 16:41:09","41.803749","-71.356087","ronaldo"
"706157616796307457","2016-03-05 16:41:10","28.529140","-81.185066","ronaldo"
"706157642129887232","2016-03-05 16:41:16","25.836567","-98.362534","ronaldo"
"706157650241781764","2016-03-05 16:41:18","5.623198","-0.184294","ronaldo"
"706157655019008000","2016-03-05 16:41:19","18.366262","-66.074806","ronaldo"
"706157685901754369","2016-03-05 16:41:26","-34.702805","-58.748463","ronaldo"
"706157747478331397","2016-03-05 16:41:41","40.787365","-74.010887","ronaldo"
"706157751777501184","2016-03-05 16:41:42","41.164021","-8.385074","ronaldo"
"706157753446875136","2016-03-05 16:41:42","9.073664","7.424094","ronaldo"
"706157810200014848","2016-03-05 16:41:56","53.257282","-6.174398","ronaldo"
"706157831565746177","2016-03-05 16:42:01","40.004868","-75.117996","ronaldo"
"706157858925182978","2016-03-05 16:42:08","-14.239565","-53.184834","ronaldo"
"706157871940157440","2016-03-05 16:42:11","30.864107","72.355499","ronaldo"
"706157905108672512","2016-03-05 16:42:19","-34.311028","-56.747894","ronaldo"
"706157944790843392","2016-03-05 16:42:28","45.248791","-75.800140","ronaldo"
"706157960498712576","2016-03-05 16:42:32","56.476952","-2.955045","ronaldo"
"706158009232265216","2016-03-05 16:42:43","41.719833","-71.258194","ronaldo"
"706158030505811973","2016-03-05 16:42:48","41.380123","2.089052","ronaldo"
"706158038948954112","2016-03-05 16:42:50","51.535374","-3.453546","ronaldo"
"706158046683201536","2016-03-05 16:42:52","6.559809","3.361868","ronaldo"
"706158050982404096","2016-03-05 16:42:53","-8.217101","-35.547977","ronaldo"
"706158058334867456","2016-03-05 16:42:55","-8.648649","115.238297","ronaldo"
"706158089217646592","2016-03-05 16:43:02","-31.189112","-60.880020","ronaldo"
"706158096385708032","2016-03-05 16:43:04","-19.918692","-43.959824","ronaldo"
"706158241416400896","2016-03-05 16:43:39","4.262284","-74.243668","ronaldo"
"706158244352430080","2016-03-05 16:43:39","43.543442","4.945827","ronaldo"
"706158247024193536","2016-03-05 16:43:40","-17.866636","31.064211","ronaldo"
"706158270738780167","2016-03-05 16:43:46","52.626263","-1.130670","ronaldo"
"706158319942107136","2016-03-05 16:43:57","-43.270435","-65.295815","ronaldo"
"706158327743553537","2016-03-05 16:43:59","18.466499","-66.118301","ronaldo"
"706158359947419648","2016-03-05 16:44:07","51.497002","-3.179800","ronaldo"
"706158426716409856","2016-03-05 16:44:23","18.291262","-93.341606","ronaldo"
"706158463857119234","2016-03-05 16:44:32","48.154881","11.541753","ronaldo"
"706158466390298624","2016-03-05 16:44:32","-22.644558","-43.296871","ronaldo"
"706158499441594369","2016-03-05 16:44:40","-22.911423","-43.441578","ronaldo"
"706158502868160512","2016-03-05 16:44:41","13.189300","-59.535496","ronaldo"
"706158512984989696","2016-03-05 16:44:43","49.128010","6.709010","ronaldo"
"706158544114962433","2016-03-05 16:44:51","29.417501","-98.540649","ronaldo"
"706158546786906112","2016-03-05 16:44:52","34.878395","-1.318384","ronaldo"
"706158547902582788","2016-03-05 16:44:52","8.585497","8.285245","ronaldo"
"706158638268878848","2016-03-05 16:45:13","6.590611","3.318066","ronaldo"
"706158655087849472","2016-03-05 16:45:17","34.177311","-118.131966","ronaldo"
"706158686478209024","2016-03-05 16:45:25","49.152138","-0.395106","ronaldo"
"706158704895381504","2016-03-05 16:45:29","30.864107","72.355499","ronaldo"
"706158710637400064","2016-03-05 16:45:31","40.524723","-3.816153","ronaldo"
"706158744820961280","2016-03-05 16:45:39","14.499677","-14.438230","ronaldo"
"706158747593412612","2016-03-05 16:45:39","49.847664","3.279205","ronaldo"
"706158824860872704","2016-03-05 16:45:58","3.570429","-76.348625","ronaldo"
"706158926845255680","2016-03-05 16:46:22","2.668607","101.677315","ronaldo"
"706158981283233792","2016-03-05 16:46:35","-21.708015","-43.422867","ronaldo"
"706158982201741312","2016-03-05 16:46:35","40.670879","-73.831184","ronaldo"
"706159006700707840","2016-03-05 16:46:41","49.307014","6.149063","ronaldo"
"706159017404436481","2016-03-05 16:46:44","47.119286","-122.296280","ronaldo"
"706159028024569858","2016-03-05 16:46:46","41.021320","29.005222","ronaldo"
"706159322263322625","2016-03-05 16:47:56","43.708832","-72.276756","ronaldo"
"706159328001134592","2016-03-05 16:47:58","-21.569939","-45.761356","ronaldo"
"706159334825316352","2016-03-05 16:47:59","26.687613","-80.662460","ronaldo"
"706159340563124224","2016-03-05 16:48:01","-22.879410","-43.803104","ronaldo"
"706159342828044289","2016-03-05 16:48:01","41.898415","12.545145","ronaldo"
"706159345034199040","2016-03-05 16:48:02","41.044090","37.491184","ronaldo"
"706159359655546881","2016-03-05 16:48:05","53.257282","-6.174398","ronaldo"
"706159374637645824","2016-03-05 16:48:09","-22.785471","-43.369762","ronaldo"
"706159410553364480","2016-03-05 16:48:17","30.323345","-97.754723","ronaldo"
"706159492824743936","2016-03-05 16:48:37","-30.099836","-51.159309","ronaldo"
"706159495668432896","2016-03-05 16:48:38","12.005000","8.527467","ronaldo"
"706159499405598720","2016-03-05 16:48:39","-6.781891","39.253986","ronaldo"
"706159514584805376","2016-03-05 16:48:42","-22.911423","-43.441578","ronaldo"
"706159516673576961","2016-03-05 16:48:43","35.170498","-79.861031","ronaldo"
"706159518842019844","2016-03-05 16:48:43","6.422820","-66.578926","ronaldo"
"706159527649943552","2016-03-05 16:48:45","13.189300","-59.535496","ronaldo"
"706159528753111042","2016-03-05 16:48:46","6.422820","-66.578926","ronaldo"
"706159538773336064","2016-03-05 16:48:48","41.021320","29.005222","ronaldo"
"706159581572042752","2016-03-05 16:48:58","55.131416","-1.739619","ronaldo"
"706159584415760384","2016-03-05 16:48:59","10.900633","-74.657829","ronaldo"
"706159584537239553","2016-03-05 16:48:59","-6.241740","106.806374","ronaldo"
"706159693459234816","2016-03-05 16:49:25","-32.532928","-55.781277","ronaldo"
"706159722953572353","2016-03-05 16:49:32","-34.604317","-58.442642","ronaldo"
"706159735939178497","2016-03-05 16:49:35","48.642933","2.327103","ronaldo"
"706159772152807426","2016-03-05 16:49:44","53.456951","-2.233480","ronaldo"
"706159790842576897","2016-03-05 16:49:48","-32.532928","-55.781277","ronaldo"
"706159817279275009","2016-03-05 16:49:54","-22.894995","-47.030216","ronaldo"
"706159841216208896","2016-03-05 16:50:00","41.021320","29.005222","ronaldo"
"706159864511336452","2016-03-05 16:50:06","38.300610","-3.605601","ronaldo"
"706159864658190340","2016-03-05 16:50:06","-20.022915","-44.069447","ronaldo"
"706159874179256320","2016-03-05 16:50:08","-23.682802","-46.595547","ronaldo"
"706159908807430146","2016-03-05 16:50:16","-15.776254","-47.796623","ronaldo"
"706159913249218560","2016-03-05 16:50:17","16.173254","-61.405891","ronaldo"
"706159945515814913","2016-03-05 16:50:25","21.098061","-101.601402","ronaldo"
"706159958195306498","2016-03-05 16:50:28","39.422485","-0.352529","ronaldo"
"706159958589612032","2016-03-05 16:50:28","39.800957","-8.795592","ronaldo"
"706159968479813632","2016-03-05 16:50:30","55.939201","-4.755876","ronaldo"
"706159971826688001","2016-03-05 16:50:31","-6.330649","106.911118","ronaldo"
"706160012356354048","2016-03-05 16:50:41","32.678207","-83.173866","ronaldo"
"706160073781936128","2016-03-05 16:50:56","53.231865","-2.518934","ronaldo"
"706160084972347393","2016-03-05 16:50:58","52.029613","5.097002","ronaldo"
"706160105990000641","2016-03-05 16:51:03","41.021320","29.005222","ronaldo"
"706160108997210112","2016-03-05 16:51:04","19.032228","-98.154266","ronaldo"
"706160116005867520","2016-03-05 16:51:06","13.032478","5.229247","ronaldo"
"706160125778796544","2016-03-05 16:51:08","40.226212","28.954342","ronaldo"
"706160177687298048","2016-03-05 16:51:20","13.189300","-59.535496","ronaldo"
"706160188844285952","2016-03-05 16:51:23","42.863518","-112.434830","ronaldo"
"706160203595579392","2016-03-05 16:51:27","32.774937","-96.602142","ronaldo"
"706160206749835265","2016-03-05 16:51:27","38.347485","-81.633705","ronaldo"
"706160219978596352","2016-03-05 16:51:30","-22.911423","-43.441578","ronaldo"
"706160223287910400","2016-03-05 16:51:31","12.866726","-85.168175","ronaldo"
"706160235317047296","2016-03-05 16:51:34","33.966976","-118.220718","ronaldo"
"706160250030833664","2016-03-05 16:51:38","40.477795","-3.703508","ronaldo"
"706160255781072897","2016-03-05 16:51:39","29.634806","-95.722084","ronaldo"
"706160286571601920","2016-03-05 16:51:46","51.754059","-0.230739","ronaldo"
"706160296591814656","2016-03-05 16:51:49","3.364182","-76.496078","ronaldo"
"706160307106922496","2016-03-05 16:51:51","-29.616400","30.353783","ronaldo"
"706160325289230338","2016-03-05 16:51:56","-14.239565","-53.184834","ronaldo"
"706160336462864384","2016-03-05 16:51:58","-22.911423","-43.441578","ronaldo"
"706160356394139648","2016-03-05 16:52:03","48.180492","2.249941","ronaldo"
"706160393727688705","2016-03-05 16:52:12","-22.911423","-43.441578","ronaldo"
"706160403085139968","2016-03-05 16:52:14","41.117935","-77.604683","ronaldo"
"706160418431963136","2016-03-05 16:52:18","19.652723","-101.275772","ronaldo"
"706160452800290821","2016-03-05 16:52:26","-15.776254","-47.796623","ronaldo"
"706160494990602240","2016-03-05 16:52:36","-6.460886","106.781464","ronaldo"
"706160502230163456","2016-03-05 16:52:38","40.004868","-75.117996","ronaldo"
"706160526297079812","2016-03-05 16:52:43","40.687260","-73.372932","ronaldo"
"706160536593928192","2016-03-05 16:52:46","37.331158","-121.873734","ronaldo"
"706160542050680833","2016-03-05 16:52:47","-6.054336","106.654999","ronaldo"
"706160596295614465","2016-03-05 16:53:00","17.388649","78.465096","ronaldo"
"706160607943389184","2016-03-05 16:53:03","8.595297","-75.955406","ronaldo"
"706160614847205376","2016-03-05 16:53:05","6.727342","3.414039","ronaldo"
"706160685307322369","2016-03-05 16:53:21","43.345661","-8.422813","ronaldo"
"706160702894055424","2016-03-05 16:53:26","40.934811","-73.781303","ronaldo"
"706160703250505728","2016-03-05 16:53:26","4.262284","-74.243668","ronaldo"
"706160717641089024","2016-03-05 16:53:29","43.056721","-87.967293","ronaldo"
"706160727904690177","2016-03-05 16:53:32","15.201132","-86.243195","ronaldo"
"706160760288727040","2016-03-05 16:53:39","41.650227","-71.003181","ronaldo"
"706160791024766980","2016-03-05 16:53:47","48.858833","2.347003","ronaldo"
"706160793352540161","2016-03-05 16:53:47","48.597206","2.464343","ronaldo"
"706160826365911040","2016-03-05 16:53:55","40.073040","-74.724319","ronaldo"
"706160828626673665","2016-03-05 16:53:56","49.256001","2.484037","ronaldo"
"706160866773901312","2016-03-05 16:54:05","-34.819748","-56.229889","ronaldo"
"706160899384549376","2016-03-05 16:54:12","10.958073","-74.849930","ronaldo"
"706160911082516480","2016-03-05 16:54:15","42.562580","20.902069","ronaldo"
"706160939956101121","2016-03-05 16:54:22","31.061111","31.646103","ronaldo"
"706160957630746624","2016-03-05 16:54:26","33.888081","-118.129044","ronaldo"
"706160970100506624","2016-03-05 16:54:29","-34.936317","-58.013023","ronaldo"
"706160974613467137","2016-03-05 16:54:30","15.772468","-90.224220","ronaldo"
"706161042125168640","2016-03-05 16:54:46","21.585711","39.254128","ronaldo"
"706161072059846656","2016-03-05 16:54:54","6.625896","3.505413","ronaldo"
"706161084458262532","2016-03-05 16:54:57","31.672701","36.464874","ronaldo"
"706161101004607488","2016-03-05 16:55:00","-1.594378","103.618904","ronaldo"
"706161141437886464","2016-03-05 16:55:10","49.071266","2.603774","ronaldo"
"706161165798400003","2016-03-05 16:55:16","46.251656","7.083810","ronaldo"
"706161168868626433","2016-03-05 16:55:17","47.557632","-1.883080","ronaldo"
"706161174468018176","2016-03-05 16:55:18","-31.189112","-60.880020","ronaldo"
"706161242214440964","2016-03-05 16:55:34","43.563759","-5.915135","ronaldo"
"706161258765139974","2016-03-05 16:55:38","30.466146","30.798317","ronaldo"
"706161265459204096","2016-03-05 16:55:40","53.273502","-6.399521","ronaldo"
"706161276502691841","2016-03-05 16:55:42","-6.232960","106.834450","ronaldo"
"706161276507070465","2016-03-05 16:55:42","47.394218","0.695126","ronaldo"
"706161305024126977","2016-03-05 16:55:49","51.853092","-2.229418","ronaldo"
"706161309897908224","2016-03-05 16:55:50","50.921329","-1.396467","ronaldo"
"706161358501314560","2016-03-05 16:56:02","34.249107","-118.610741","ronaldo"
"706161423634845696","2016-03-05 16:56:17","3.364182","-76.496078","ronaldo"
"706161479658115072","2016-03-05 16:56:31","51.414875","21.155823","ronaldo"
"706161479813206017","2016-03-05 16:56:31","13.288242","-87.896309","ronaldo"
"706161502684880896","2016-03-05 16:56:36","6.270883","-75.619209","ronaldo"
"706161505079840768","2016-03-05 16:56:37","51.489262","-0.088161","ronaldo"
"706161507617394688","2016-03-05 16:56:37","-8.043603","-34.939350","ronaldo"
"706161586877165568","2016-03-05 16:56:56","29.634340","32.347420","ronaldo"
"706161635849850880","2016-03-05 16:57:08","-22.644558","-43.296871","ronaldo"
"706161636998918144","2016-03-05 16:57:08","-8.596200","116.093170","ronaldo"
"706161657114923008","2016-03-05 16:57:13","39.778343","3.039087","ronaldo"
"706161665486823424","2016-03-05 16:57:15","43.574440","7.001024","ronaldo"
"706161668900913152","2016-03-05 16:57:16","-38.952888","-68.095718","ronaldo"
"706161670377189376","2016-03-05 16:57:16","20.673542","-101.340393","ronaldo"
"706161675980947456","2016-03-05 16:57:18","-29.753084","-53.824203","ronaldo"
"706161692682616832","2016-03-05 16:57:22","24.905075","67.042191","ronaldo"
"706161709065629696","2016-03-05 16:57:25","-22.911423","-43.441578","ronaldo"
"706161756532576256","2016-03-05 16:57:37","40.655136","-73.948776","ronaldo"
"706161762811383809","2016-03-05 16:57:38","48.863705","2.448988","ronaldo"
"706161768960233473","2016-03-05 16:57:40","-22.911423","-43.441578","ronaldo"
"706161772714205184","2016-03-05 16:57:41","4.262284","-74.243668","ronaldo"
"706161773599178752","2016-03-05 16:57:41","47.799068","-4.286918","ronaldo"
"706161809636597760","2016-03-05 16:57:49","-22.911423","-43.441578","ronaldo"
"706161829475655680","2016-03-05 16:57:54","9.073664","7.424094","ronaldo"
"706161841920155648","2016-03-05 16:57:57","10.483539","-66.930641","ronaldo"
"706161847016296448","2016-03-05 16:57:58","-34.702450","-58.402618","ronaldo"
"706161900904513536","2016-03-05 16:58:11","25.736715","-100.270477","ronaldo"
"706161912334131200","2016-03-05 16:58:14","39.910038","41.265587","ronaldo"
"706161940398284800","2016-03-05 16:58:21","-5.598869","-40.744858","ronaldo"
"706161946807177216","2016-03-05 16:58:22","3.570429","-76.348625","ronaldo"
"706161953530650626","2016-03-05 16:58:24","-11.207939","17.835707","ronaldo"
"706161958127587328","2016-03-05 16:58:25","-25.495249","-49.288460","ronaldo"
"706161971314495488","2016-03-05 16:58:28","28.501678","-81.367775","ronaldo"
"706161992722210817","2016-03-05 16:58:33","43.563759","-5.915135","ronaldo"
"706161993292627968","2016-03-05 16:58:33","51.514481","-0.092911","ronaldo"
"706161996895420416","2016-03-05 16:58:34","23.685934","-99.187904","ronaldo"
"706162018336829440","2016-03-05 16:58:39","40.050297","-86.011650","ronaldo"
"706162023567122432","2016-03-05 16:58:40","56.107647","-3.933591","ronaldo"
"706162043804631042","2016-03-05 16:58:45","35.738678","-77.931358","ronaldo"
"706162071243776000","2016-03-05 16:58:52","41.392658","2.141227","ronaldo"
"706162125450952705","2016-03-05 16:59:05","42.197056","-8.771557","ronaldo"
"706162140118388736","2016-03-05 16:59:08","6.590611","3.318066","ronaldo"
"706162190374449155","2016-03-05 16:59:20","32.573547","-97.116783","ronaldo"
"706162208451891200","2016-03-05 16:59:25","2.237814","102.244354","ronaldo"
"706162221731213312","2016-03-05 16:59:28","6.334955","5.641288","ronaldo"
"706162237027827713","2016-03-05 16:59:31","43.780708","11.244817","ronaldo"
"706162319399714818","2016-03-05 16:59:51","24.905075","67.042191","ronaldo"
"706162364199133187","2016-03-05 17:00:02","-22.911423","-43.441578","ronaldo"
"706162473435570177","2016-03-05 17:00:28","-38.011585","-57.581429","ronaldo"
"706162488363118592","2016-03-05 17:00:31","-39.793453","-67.350525","ronaldo"
"706162522051768321","2016-03-05 17:00:39","9.073664","7.424094","ronaldo"
"706162524568162304","2016-03-05 17:00:40","39.039833","-77.020393","ronaldo"
"706162526917152768","2016-03-05 17:00:40","50.921329","-1.396467","ronaldo"
"706162543845351424","2016-03-05 17:00:44","8.595297","-75.955406","ronaldo"
"706162632521355264","2016-03-05 17:01:06","30.864107","72.355499","ronaldo"
"706162663064256513","2016-03-05 17:01:13","53.546616","-1.310520","ronaldo"
"706162715060998144","2016-03-05 17:01:25","-23.682802","-46.595547","ronaldo"
"706162744605560838","2016-03-05 17:01:32","24.098381","90.328712","ronaldo"
"706162756500631552","2016-03-05 17:01:35","-6.391887","107.299271","ronaldo"
"706162803959173120","2016-03-05 17:01:46","22.311119","-100.955513","ronaldo"
"706162811915751424","2016-03-05 17:01:48","14.622291","-90.531837","ronaldo"
"706162826453319680","2016-03-05 17:01:52","11.231201","-72.994965","ronaldo"
"706162860422922240","2016-03-05 17:02:00","29.668301","-95.158936","ronaldo"
"706162874448814080","2016-03-05 17:02:03","-22.966417","18.432152","ronaldo"
"706162895692824576","2016-03-05 17:02:08","39.432037","-77.417999","ronaldo"
"706162906660909056","2016-03-05 17:02:11","28.959309","77.003769","ronaldo"
"706162909919977472","2016-03-05 17:02:12","41.078392","-8.561306","ronaldo"
"706162915490062336","2016-03-05 17:02:13","-19.918692","-43.959824","ronaldo"
"706162917796941824","2016-03-05 17:02:14","47.879841","1.843390","ronaldo"
"706162995177656321","2016-03-05 17:02:32","-2.512995","-80.091194","ronaldo"
"706163018934124545","2016-03-05 17:02:38","59.350071","17.061625","ronaldo"
"706163043923861504","2016-03-05 17:02:44","47.481789","-0.563019","ronaldo"
"706163122478977024","2016-03-05 17:03:02","51.599255","-0.018734","ronaldo"
"706163135879778306","2016-03-05 17:03:06","-26.102098","28.104973","ronaldo"
"706163151033737216","2016-03-05 17:03:09","51.103500","17.010635","ronaldo"
"706163155676897281","2016-03-05 17:03:10","6.590611","3.318066","ronaldo"
"706163202019581953","2016-03-05 17:03:21","44.041965","-75.765160","ronaldo"
"706163386971758592","2016-03-05 17:04:05","49.356255","0.108827","ronaldo"
"706163399751802880","2016-03-05 17:04:09","38.898602","-77.014397","ronaldo"
"706163445163565057","2016-03-05 17:04:19","4.581609","-74.291306","ronaldo"
"706163453606699008","2016-03-05 17:04:21","-1.274863","36.863621","ronaldo"
"706163484153610242","2016-03-05 17:04:29","-6.221742","106.562645","ronaldo"
"706163509835337728","2016-03-05 17:04:35","-6.330649","106.911118","ronaldo"
"706163526893613057","2016-03-05 17:04:39","25.924477","118.278992","ronaldo"
"706163534225383424","2016-03-05 17:04:41","-22.421047","-43.916702","ronaldo"
"706163582023573506","2016-03-05 17:04:52","34.038017","-84.192070","ronaldo"
"706163614692970496","2016-03-05 17:05:00","-6.054336","106.654999","ronaldo"
"706163618312822785","2016-03-05 17:05:01","29.596249","31.570606","ronaldo"
"706163636645994500","2016-03-05 17:05:05","3.309653","101.550407","ronaldo"
"706163702047907841","2016-03-05 17:05:21","36.786953","28.202181","ronaldo"
"706163757421096960","2016-03-05 17:05:34","-34.682686","-58.674183","ronaldo"
"706163786881830912","2016-03-05 17:05:41","53.739597","-1.590952","ronaldo"
"706163797199872000","2016-03-05 17:05:43","16.173254","-61.405891","ronaldo"
"706163818062217216","2016-03-05 17:05:48","-6.579030","106.813370","ronaldo"
"706163818100031489","2016-03-05 17:05:48","48.957241","2.903443","ronaldo"
"706163839906152448","2016-03-05 17:05:53","30.323345","-97.754723","ronaldo"
"706163891701620737","2016-03-05 17:06:06","13.636331","-89.136986","ronaldo"
"706163908936073216","2016-03-05 17:06:10","42.906921","-8.511146","ronaldo"
"706163943522308096","2016-03-05 17:06:18","48.795731","2.251869","ronaldo"
"706163973931069440","2016-03-05 17:06:25","-17.866636","31.064211","ronaldo"
"706163982227210240","2016-03-05 17:06:27","15.772468","-90.224220","ronaldo"
"706163988812398593","2016-03-05 17:06:29","38.498196","-98.319923","ronaldo"
"706164154382602240","2016-03-05 17:07:08","48.795731","2.251869","ronaldo"
"706164256488726528","2016-03-05 17:07:33","40.969200","39.714027","ronaldo"
"706164287606267904","2016-03-05 17:07:40","-34.604317","-58.442642","ronaldo"
"706164331973636100","2016-03-05 17:07:51","4.262284","-74.243668","ronaldo"
"706164473376202752","2016-03-05 17:08:25","-23.682802","-46.595547","ronaldo"
"706164477453017092","2016-03-05 17:08:25","-34.604317","-58.442642","ronaldo"
"706164499762565124","2016-03-05 17:08:31","52.969719","-1.172266","ronaldo"
"706164518515249152","2016-03-05 17:08:35","48.848537","2.593995","ronaldo"
"706164566732857344","2016-03-05 17:08:47","-7.751713","113.220337","ronaldo"
"706164585687023616","2016-03-05 17:08:51","-22.644558","-43.296871","ronaldo"
"706164656117776384","2016-03-05 17:09:08","4.929526","-1.756256","ronaldo"
"706164747989868546","2016-03-05 17:09:30","-22.911423","-43.441578","ronaldo"
"706164831632683008","2016-03-05 17:09:50","55.466068","-4.624917","ronaldo"
"706164853770031109","2016-03-05 17:09:55","25.736715","-100.270477","ronaldo"
"706164870417412097","2016-03-05 17:09:59","5.623198","-0.184294","ronaldo"
"706165101657772033","2016-03-05 17:10:54","43.260696","-79.913521","ronaldo"
"706165113410027521","2016-03-05 17:10:57","-7.751713","113.220337","ronaldo"
"706165121274486784","2016-03-05 17:10:59","51.364338","0.518546","ronaldo"
"706165136638275585","2016-03-05 17:11:03","21.585711","39.254128","ronaldo"
"706165141939814400","2016-03-05 17:11:04","40.524723","-3.816153","ronaldo"
"706165198948683776","2016-03-05 17:11:18","34.134926","-117.294098","ronaldo"
"706165220964638720","2016-03-05 17:11:23","33.061241","-96.734901","ronaldo"
"706165278573518848","2016-03-05 17:11:36","4.929526","-1.756256","ronaldo"
"706165308491337728","2016-03-05 17:11:44","52.233299","21.016701","ronaldo"
"706165321124548608","2016-03-05 17:11:47","-5.558010","119.993317","ronaldo"
"706165344268849152","2016-03-05 17:11:52","-14.239565","-53.184834","ronaldo"
"706165348391895040","2016-03-05 17:11:53","41.898415","12.545145","ronaldo"
"706165405124050946","2016-03-05 17:12:07","-23.254971","-52.655464","ronaldo"
"706165433548861440","2016-03-05 17:12:13","6.422820","-66.578926","ronaldo"
"706165669231009793","2016-03-05 17:13:10","-33.901199","18.590097","ronaldo"
"706165703917838337","2016-03-05 17:13:18","4.824630","7.031276","ronaldo"
"706165719264862208","2016-03-05 17:13:22","6.422820","-66.578926","ronaldo"
"706165721798152193","2016-03-05 17:13:22","40.757889","29.920418","ronaldo"
"706165750516428801","2016-03-05 17:13:29","19.432837","-99.153366","ronaldo"
"706165771764891648","2016-03-05 17:13:34","-34.543934","-55.943630","ronaldo"
"706165849154048001","2016-03-05 17:13:53","51.599255","-0.018734","ronaldo"
"706165921459650560","2016-03-05 17:14:10","41.080875","-81.516754","ronaldo"
"706166003781210112","2016-03-05 17:14:29","43.703022","7.253022","ronaldo"
"706166153652129792","2016-03-05 17:15:05","6.693627","-1.612222","ronaldo"
"706166274741690369","2016-03-05 17:15:34","6.693627","-1.612222","ronaldo"
"706166291057537025","2016-03-05 17:15:38","-30.164915","-51.443970","ronaldo"
"706166394614890496","2016-03-05 17:16:03","43.629311","-79.272568","ronaldo"
"706166480384212992","2016-03-05 17:16:23","-23.086016","-45.506657","ronaldo"
"706166526123053056","2016-03-05 17:16:34","45.749870","9.133820","ronaldo"
"706166600496517120","2016-03-05 17:16:52","6.737777","-1.725759","ronaldo"
"706166638551416832","2016-03-05 17:17:01","48.992512","2.385621","ronaldo"
"706166696625758209","2016-03-05 17:17:15","38.722466","-9.397333","ronaldo"
"706166878624829440","2016-03-05 17:17:58","-26.204399","28.045601","ronaldo"
"706166889605677056","2016-03-05 17:18:01","45.461346","9.159337","ronaldo"
"706166945549144064","2016-03-05 17:18:14","15.772468","-90.224220","ronaldo"
"706166967842029568","2016-03-05 17:18:19","9.070820","7.458720","ronaldo"
"706166995524395010","2016-03-05 17:18:26","-2.629285","-44.302551","ronaldo"
"706166997437030401","2016-03-05 17:18:26","48.915119","2.268826","ronaldo"
"706167034766352385","2016-03-05 17:18:35","55.858303","-4.241751","ronaldo"
"706167068983320578","2016-03-05 17:18:43","18.975000","72.825798","ronaldo"
"706167121747824640","2016-03-05 17:18:56","-8.001542","-34.872639","ronaldo"
"706167201993203712","2016-03-05 17:19:15","41.160252","-81.350433","ronaldo"
"706167223421767680","2016-03-05 17:19:20","35.670471","139.686203","ronaldo"
"706167252937220096","2016-03-05 17:19:27","36.664005","-4.578426","ronaldo"
"706167284075794432","2016-03-05 17:19:35","46.204758","6.143025","ronaldo"
"706167305810616320","2016-03-05 17:19:40","-7.425040","109.228439","ronaldo"
"706167800839204864","2016-03-05 17:21:38","39.422485","-0.352529","ronaldo"
"706167915263954944","2016-03-05 17:22:05","-34.797539","-58.200630","ronaldo"
"706167957383221248","2016-03-05 17:22:15","-34.604317","-58.442642","ronaldo"
"706168002534903812","2016-03-05 17:22:26","32.401104","-81.760391","ronaldo"
"706168048613511168","2016-03-05 17:22:37","38.207279","21.799742","ronaldo"
"706168098123079680","2016-03-05 17:22:49","-31.764910","-52.333473","ronaldo"
"706168131912384513","2016-03-05 17:22:57","-34.604317","-58.442642","ronaldo"
"706168224308572160","2016-03-05 17:23:19","34.024097","-118.728897","ronaldo"
"706168257892319233","2016-03-05 17:23:27","41.331139","-87.793854","ronaldo"
"706168498150465536","2016-03-05 17:24:24","38.792217","-77.627365","ronaldo"
"706168580664995840","2016-03-05 17:24:44","30.323345","-97.754723","ronaldo"
"706168623363203074","2016-03-05 17:24:54","15.201132","-86.243195","ronaldo"
"706168654375870464","2016-03-05 17:25:01","7.144793","-73.132698","ronaldo"
"706168677884940289","2016-03-05 17:25:07","40.050297","-86.011650","ronaldo"
"706168808881463297","2016-03-05 17:25:38","6.422820","-66.578926","ronaldo"
"706168826405249025","2016-03-05 17:25:42","-32.532928","-55.781277","ronaldo"
"706168840640552960","2016-03-05 17:25:46","-7.751713","113.220337","ronaldo"
"706168923746639872","2016-03-05 17:26:06","-34.772369","-58.589306","ronaldo"
"706168979815923714","2016-03-05 17:26:19","6.493112","3.338605","ronaldo"
"706168983054118912","2016-03-05 17:26:20","25.825644","-80.369156","ronaldo"
"706169058530631680","2016-03-05 17:26:38","-19.891169","-44.083855","ronaldo"
"706169081985155072","2016-03-05 17:26:43","41.477005","2.117234","ronaldo"
"706169213501751296","2016-03-05 17:27:15","48.597206","2.464343","ronaldo"
"706169291230552064","2016-03-05 17:27:33","-9.194284","-75.000618","ronaldo"
"706169301170917376","2016-03-05 17:27:36","41.833584","-87.732010","ronaldo"
"706169307105878016","2016-03-05 17:27:37","20.249107","85.853409","ronaldo"
"706169328979349507","2016-03-05 17:27:42","29.287575","-94.822777","ronaldo"
"706169483115663361","2016-03-05 17:28:19","45.517769","-123.046822","ronaldo"
"706169491626049536","2016-03-05 17:28:21","53.257282","-6.174398","ronaldo"
"706169635243233280","2016-03-05 17:28:55","41.545532","-8.756018","ronaldo"
"706169974851825664","2016-03-05 17:30:16","4.295153","10.204143","ronaldo"
"706170448392880128","2016-03-05 17:32:09","-38.721722","-62.255100","ronaldo"
"706170506140057601","2016-03-05 17:32:23","7.549950","-5.548938","ronaldo"
"706170523798077442","2016-03-05 17:32:27","41.164021","-8.385074","ronaldo"
"706170548133486592","2016-03-05 17:32:33","53.401035","-8.307638","ronaldo"
"706170649929240577","2016-03-05 17:32:57","43.251900","-2.933167","ronaldo"
"706170663988494336","2016-03-05 17:33:00","-31.764910","-52.333473","ronaldo"
"706170699828871168","2016-03-05 17:33:09","-1.665726","-83.600800","ronaldo"
"706170706137104385","2016-03-05 17:33:11","29.000368","29.273024","ronaldo"
"706170732208898049","2016-03-05 17:33:17","-1.274360","36.813099","ronaldo"
"706170799640735744","2016-03-05 17:33:33","-22.821465","-43.018208","ronaldo"
"706170924706435072","2016-03-05 17:34:03","40.903568","14.481507","ronaldo"
"706170997959856128","2016-03-05 17:34:20","8.421673","-80.095413","ronaldo"
"706171032877580289","2016-03-05 17:34:28","37.470417","-1.586894","ronaldo"
"706171043631775746","2016-03-05 17:34:31","48.250374","7.458886","ronaldo"
"706171059721150466","2016-03-05 17:34:35","38.275276","24.508862","ronaldo"
"706171080680075268","2016-03-05 17:34:40","4.262284","-74.243668","ronaldo"
"706171148472492032","2016-03-05 17:34:56","19.429934","-99.211510","ronaldo"
"706171233247862784","2016-03-05 17:35:16","28.224503","-82.324699","ronaldo"
"706171496528531457","2016-03-05 17:36:19","-25.495249","-49.288460","ronaldo"
"706171574253133824","2016-03-05 17:36:37","30.864107","72.355499","ronaldo"
"706171662115274756","2016-03-05 17:36:58","28.959309","77.003769","ronaldo"
"706171719569035264","2016-03-05 17:37:12","55.466068","-4.624917","ronaldo"
"706171803433971713","2016-03-05 17:37:32","34.851658","-118.192253","ronaldo"
"706171872879185920","2016-03-05 17:37:49","-2.572425","-59.980324","ronaldo"
"706171955930656769","2016-03-05 17:38:08","46.226715","2.209119","ronaldo"
"706171989044629505","2016-03-05 17:38:16","41.162144","-8.621914","ronaldo"
"706172106573275136","2016-03-05 17:38:44","28.224503","-82.324699","ronaldo"
"706172368763424772","2016-03-05 17:39:47","15.201132","-86.243195","ronaldo"
"706172680274210816","2016-03-05 17:41:01","43.629311","-79.272568","ronaldo"
"706172704609599489","2016-03-05 17:41:07","38.747517","-9.099043","ronaldo"
"706173005483872256","2016-03-05 17:42:19","50.624584","5.599342","ronaldo"
"706173020834902018","2016-03-05 17:42:22","28.959309","77.003769","ronaldo"
"706173041634627588","2016-03-05 17:42:27","10.958073","-74.849930","ronaldo"
"706173241333776384","2016-03-05 17:43:15","48.858833","2.347003","ronaldo"
"706173333944057856","2016-03-05 17:43:37","41.021320","29.005222","ronaldo"
"706173373764800512","2016-03-05 17:43:47","40.328899","-3.769587","ronaldo"
"706173390630068224","2016-03-05 17:43:51","-25.689133","28.409979","ronaldo"
"706173656536391682","2016-03-05 17:44:54","-31.764910","-52.333473","ronaldo"
"706173713520074752","2016-03-05 17:45:08","41.153297","-8.607410","ronaldo"
"706173966134743041","2016-03-05 17:46:08","15.201132","-86.243195","ronaldo"
"706174033264582656","2016-03-05 17:46:24","-44.001659","-67.884041","ronaldo"
"706174211962736641","2016-03-05 17:47:06","41.153198","-8.608976","ronaldo"
"706174244686852096","2016-03-05 17:47:14","6.693627","-1.612222","ronaldo"
"706174424526020608","2016-03-05 17:47:57","38.743614","-9.159995","ronaldo"
"706174550610993153","2016-03-05 17:48:27","36.113262","-5.486559","ronaldo"
"706174657477615616","2016-03-05 17:48:53","4.262284","-74.243668","ronaldo"
"706174665895575553","2016-03-05 17:48:55","37.251751","-77.332359","ronaldo"
"706174925149749248","2016-03-05 17:49:56","36.554398","-4.613120","ronaldo"
"706174952337186817","2016-03-05 17:50:03","55.466068","-4.624917","ronaldo"
"706174999476961280","2016-03-05 17:50:14","45.402100","9.128856","ronaldo"
"706175049636511744","2016-03-05 17:50:26","1.463302","103.575676","ronaldo"
"706175230763528192","2016-03-05 17:51:09","4.445262","-75.241119","ronaldo"
"706175231694651392","2016-03-05 17:51:09","28.605604","-81.571182","ronaldo"
"706175251827261445","2016-03-05 17:51:14","41.162144","-8.621914","ronaldo"
"706175378512060416","2016-03-05 17:51:44","-3.797675","-49.863255","ronaldo"
"706175838316703744","2016-03-05 17:53:34","28.638489","77.095085","ronaldo"
"706175898131767296","2016-03-05 17:53:48","46.759445","2.824283","ronaldo"
"706175944147472384","2016-03-05 17:53:59","-19.918692","-43.959824","ronaldo"
"706176095415099392","2016-03-05 17:54:35","53.354900","-6.247621","ronaldo"
"706176196233601024","2016-03-05 17:54:59","-31.764910","-52.333473","ronaldo"
"706176363842117632","2016-03-05 17:55:39","40.452778","-3.688056","ronaldo"
"706176635482054658","2016-03-05 17:56:44","40.780708","-73.968544","ronaldo"
"706176671456612354","2016-03-05 17:56:53","6.590611","3.318066","ronaldo"
"706176852189126662","2016-03-05 17:57:36","43.294308","5.405274","ronaldo"
"706177036826648577","2016-03-05 17:58:20","47.035774","-0.874798","ronaldo"
"706177187720798209","2016-03-05 17:58:56","43.662609","0.566598","ronaldo"
"706177257459605505","2016-03-05 17:59:12","44.051022","10.151403","ronaldo"
"706177309930364928","2016-03-05 17:59:25","6.493112","3.338605","ronaldo"
"706177378398117888","2016-03-05 17:59:41","8.839850","3.756660","ronaldo"
"706177448908611584","2016-03-05 17:59:58","39.422485","-0.352529","ronaldo"
"706177491237412864","2016-03-05 18:00:08","33.873367","35.849514","ronaldo"
"706177542609313792","2016-03-05 18:00:20","40.477795","-3.703508","ronaldo"
"706177812470894593","2016-03-05 18:01:25","42.990627","-7.570631","ronaldo"
"706177871304388608","2016-03-05 18:01:39","40.169746","-8.804489","ronaldo"
"706178068923224064","2016-03-05 18:02:26","48.837456","2.242931","ronaldo"
"706178130701000705","2016-03-05 18:02:41","-3.450201","115.450882","ronaldo"
"706178368606089217","2016-03-05 18:03:37","28.959309","77.003769","ronaldo"
"706178726631964673","2016-03-05 18:05:03","-14.239565","-53.184834","ronaldo"
"706178885537370112","2016-03-05 18:05:41","-22.778070","-45.047577","ronaldo"
"706179065628254208","2016-03-05 18:06:24","38.624123","-8.819115","ronaldo"
"706179071105998852","2016-03-05 18:06:25","38.743614","-9.159995","ronaldo"
"706179109928493056","2016-03-05 18:06:34","50.346333","3.547631","ronaldo"
"706179173925187584","2016-03-05 18:06:49","-31.764910","-52.333473","ronaldo"
"706179212424716288","2016-03-05 18:06:59","-33.425400","-70.518913","ronaldo"
"706179324370669568","2016-03-05 18:07:25","42.295067","-83.002083","ronaldo"
"706179329777131520","2016-03-05 18:07:27","37.542801","-5.099570","ronaldo"
"706179385393594368","2016-03-05 18:07:40","38.712536","-9.270438","ronaldo"
"706179523889405952","2016-03-05 18:08:13","18.966801","73.113831","ronaldo"
"706179548740771840","2016-03-05 18:08:19","-22.911423","-43.441578","ronaldo"
"706179555451604992","2016-03-05 18:08:20","45.799747","12.728187","ronaldo"
"706179855595864064","2016-03-05 18:09:32","15.201132","-86.243195","ronaldo"
"706180076912709632","2016-03-05 18:10:25","-7.169409","-34.871120","ronaldo"
"706180275655614464","2016-03-05 18:11:12","40.524723","-3.816153","ronaldo"
"706180412519874560","2016-03-05 18:11:45","-22.911423","-43.441578","ronaldo"
"706180449400446976","2016-03-05 18:11:53","41.162144","-8.621914","ronaldo"
"706180658956279812","2016-03-05 18:12:43","-22.911423","-43.441578","ronaldo"
"706180691080380416","2016-03-05 18:12:51","-14.239565","-53.184834","ronaldo"
"706180869564854273","2016-03-05 18:13:34","37.214363","-8.055147","ronaldo"
"706180885704531969","2016-03-05 18:13:38","-6.720950","39.229568","ronaldo"
"706180991375826944","2016-03-05 18:14:03","-27.609692","-48.478897","ronaldo"
"706181065921077248","2016-03-05 18:14:20","-6.328316","106.865677","ronaldo"
"706181316191068162","2016-03-05 18:15:20","15.201132","-86.243195","ronaldo"
"706181510248996867","2016-03-05 18:16:06","38.743614","-9.159995","ronaldo"
"706181572538593280","2016-03-05 18:16:21","-21.657848","-41.431885","ronaldo"
"706181774922158082","2016-03-05 18:17:10","-16.642782","-49.261299","ronaldo"
"706181844937678848","2016-03-05 18:17:26","53.257282","-6.174398","ronaldo"
"706181894933778432","2016-03-05 18:17:38","-31.764910","-52.333473","ronaldo"
"706182154837950464","2016-03-05 18:18:40","40.225452","-8.452306","ronaldo"
"706182279505154048","2016-03-05 18:19:10","39.090454","-77.007477","ronaldo"
"706182378570571778","2016-03-05 18:19:33","48.858833","2.347003","ronaldo"
"706182854351450112","2016-03-05 18:21:27","-34.604317","-58.442642","ronaldo"
"706183012418002945","2016-03-05 18:22:05","6.030371","-63.853596","ronaldo"
"706183032726802432","2016-03-05 18:22:09","40.477795","-3.703508","ronaldo"
"706183055594135554","2016-03-05 18:22:15","41.021320","29.005222","ronaldo"
"706183404228890624","2016-03-05 18:23:38","54.972664","-1.514735","ronaldo"
"706183742130397184","2016-03-05 18:24:59","48.802765","2.228814","ronaldo"
"706183881637109760","2016-03-05 18:25:32","-38.447655","-63.606926","ronaldo"
"706183991485992961","2016-03-05 18:25:58","47.481789","-0.563019","ronaldo"
"706184025501736962","2016-03-05 18:26:06","37.194260","-8.584932","ronaldo"
"706184441547399169","2016-03-05 18:27:45","48.115776","-1.688331","ronaldo"
"706184449755484160","2016-03-05 18:27:47","28.638489","77.095085","ronaldo"
"706184487655378945","2016-03-05 18:27:56","38.858276","-8.979993","ronaldo"
"706184582605860864","2016-03-05 18:28:19","6.422820","-66.578926","ronaldo"
"706184642697797636","2016-03-05 18:28:33","40.225452","-8.452306","ronaldo"
"706184655054237696","2016-03-05 18:28:36","-20.669617","-43.804424","ronaldo"
"706184709336862720","2016-03-05 18:28:49","-31.764910","-52.333473","ronaldo"
"706184771920068609","2016-03-05 18:29:04","-23.682802","-46.595547","ronaldo"
"706184788235980801","2016-03-05 18:29:08","-20.789818","-41.196693","ronaldo"
"706184892263112704","2016-03-05 18:29:33","42.474518","-2.441854","ronaldo"
"706184951658618880","2016-03-05 18:29:47","48.858833","2.347003","ronaldo"
"706185142436569088","2016-03-05 18:30:32","45.557831","-73.723022","ronaldo"
"706185296161980420","2016-03-05 18:31:09","33.603096","73.037949","ronaldo"
"706185302679748608","2016-03-05 18:31:11","15.201132","-86.243195","ronaldo"
"706185377141248002","2016-03-05 18:31:28","4.694195","-74.073006","ronaldo"
"706185723397931008","2016-03-05 18:32:51","50.346333","3.547631","ronaldo"
"706185877458964480","2016-03-05 18:33:28","10.958073","-74.849930","ronaldo"
"706185955531747328","2016-03-05 18:33:46","50.346333","3.547631","ronaldo"
"706186076851986432","2016-03-05 18:34:15","6.534780","3.391968","ronaldo"
"706186118501408771","2016-03-05 18:34:25","48.975075","1.709981","ronaldo"
"706186134339067905","2016-03-05 18:34:29","-33.298344","26.519739","ronaldo"
"706186177632665600","2016-03-05 18:34:39","9.073664","7.424094","ronaldo"
"706186202249035776","2016-03-05 18:34:45","-7.268911","-48.661572","ronaldo"
"706186286596530177","2016-03-05 18:35:05","4.956269","8.332228","ronaldo"
"706186298449592320","2016-03-05 18:35:08","50.720978","3.157688","ronaldo"
"706186387809312771","2016-03-05 18:35:29","48.677181","2.502664","ronaldo"
"706186602830290944","2016-03-05 18:36:21","-20.789818","-41.196693","ronaldo"
"706186718257487872","2016-03-05 18:36:48","-23.682802","-46.595547","ronaldo"
"706186730047672320","2016-03-05 18:36:51","-33.298344","26.519739","ronaldo"
"706186741326020608","2016-03-05 18:36:54","1.472844","103.630394","ronaldo"
"706186769637765120","2016-03-05 18:37:00","41.534206","-8.620215","ronaldo"
"706186847374983169","2016-03-05 18:37:19","-6.720026","39.229195","ronaldo"
"706187440915156992","2016-03-05 18:39:40","-12.875335","-38.502647","ronaldo"
"706187833116135424","2016-03-05 18:41:14","55.385345","10.376285","ronaldo"
"706187941190705152","2016-03-05 18:41:40","45.461346","9.159337","ronaldo"
"706187974250274816","2016-03-05 18:41:48","52.233299","21.016701","ronaldo"
"706188230798999552","2016-03-05 18:42:49","41.021320","29.005222","ronaldo"
"706188301229760512","2016-03-05 18:43:06","50.346333","3.547631","ronaldo"
"706188590682763264","2016-03-05 18:44:15","8.421673","-80.095413","ronaldo"
"706188871764148225","2016-03-05 18:45:22","-34.604317","-58.442642","ronaldo"
"706188976298700805","2016-03-05 18:45:46","34.168255","-111.931709","ronaldo"
"706189039137763328","2016-03-05 18:46:01","-3.802085","-40.263844","ronaldo"
"706189294105395201","2016-03-05 18:47:02","-19.918692","-43.959824","ronaldo"
"706189336572604416","2016-03-05 18:47:12","20.522692","-100.772209","ronaldo"
"706189385298014209","2016-03-05 18:47:24","38.498768","-1.674806","ronaldo"
"706189430294495232","2016-03-05 18:47:35","41.668175","26.572273","ronaldo"
"706189492705742848","2016-03-05 18:47:50","51.497002","-3.179800","ronaldo"
"706189614831243265","2016-03-05 18:48:19","-14.239565","-53.184834","ronaldo"
"706189845056528384","2016-03-05 18:49:14","29.299999","48.083332","ronaldo"
"706189929185849345","2016-03-05 18:49:34","40.452816","-3.688962","ronaldo"
"706190111160049664","2016-03-05 18:50:17","40.477795","-3.703508","ronaldo"
"706190419596595200","2016-03-05 18:51:31","-32.532928","-55.781277","ronaldo"
"706190454778413056","2016-03-05 18:51:39","40.477795","-3.703508","ronaldo"
"706191433116446720","2016-03-05 18:55:32","46.674377","-120.536469","ronaldo"
"706192668846649344","2016-03-05 19:00:27","37.246902","28.438892","ronaldo"
"706192704821039104","2016-03-05 19:00:35","38.822433","-94.917809","ronaldo"
"706192740745400321","2016-03-05 19:00:44","-34.752796","-58.418858","ronaldo"
"706192939228098560","2016-03-05 19:01:31","31.547449","-97.169159","ronaldo"
"706193027258302466","2016-03-05 19:01:52","-25.546591","-57.485180","ronaldo"
"706193143079825409","2016-03-05 19:02:20","-22.911423","-43.441578","ronaldo"
"706193185748426753","2016-03-05 19:02:30","39.679092","-75.756096","ronaldo"
"706193276739719169","2016-03-05 19:02:52","-22.911423","-43.441578","ronaldo"
"706193478263427072","2016-03-05 19:03:40","-22.644558","-43.296871","ronaldo"
"706193497636913152","2016-03-05 19:03:44","42.666489","-8.889572","ronaldo"
"706193631787544576","2016-03-05 19:04:16","48.884369","2.595388","ronaldo"
"706193691845726210","2016-03-05 19:04:31","-19.918692","-43.959824","ronaldo"
"706193723256745985","2016-03-05 19:04:38","30.323345","-97.754723","ronaldo"
"706194079747592192","2016-03-05 19:06:03","-34.604317","-58.442642","ronaldo"
"706194124836368384","2016-03-05 19:06:14","43.629311","-79.272568","ronaldo"
"706195069351698432","2016-03-05 19:09:59","48.827847","2.547821","ronaldo"
