"704144841400303617","2016-02-29 03:23:07","40.388596","-80.092361","super bowl"
"704144843585495042","2016-02-29 03:23:07","39.043205","-76.060501","super bowl"
"704144850262732800","2016-02-29 03:23:09","36.232914","-115.223122","super bowl"
"704144875038445568","2016-02-29 03:23:15","37.128857","-121.641739","super bowl"
"704144885880856576","2016-02-29 03:23:17","39.284714","-76.620483","super bowl"
"704144931686895616","2016-02-29 03:23:28","32.848816","-83.654076","super bowl"
"704144982488305668","2016-02-29 03:23:40","41.748497","-88.161324","super bowl"
"704145003774279680","2016-02-29 03:23:45","38.653770","-90.247826","super bowl"
"704145015589613568","2016-02-29 03:23:48","37.153206","-8.736368","super bowl"
"704145066009317376","2016-02-29 03:24:00","32.810013","-117.104988","super bowl"
"704145116508741632","2016-02-29 03:24:12","47.614819","-122.330605","super bowl"
"704145473972649984","2016-02-29 03:25:38","35.410351","-80.883980","super bowl"
"704145649239855104","2016-02-29 03:26:19","41.486271","-87.442917","super bowl"
"704146103189438465","2016-02-29 03:28:08","46.199291","-119.175941","super bowl"
"704146111003500544","2016-02-29 03:28:09","39.026989","-77.417068","super bowl"
"704146383234846720","2016-02-29 03:29:14","-20.525204","-45.537952","super bowl"
"704146503246348288","2016-02-29 03:29:43","44.065620","-123.122398","super bowl"
"704146617276825601","2016-02-29 03:30:10","38.498196","-98.319923","super bowl"
"704147364928483328","2016-02-29 03:33:08","40.783539","-77.858109","super bowl"
"704147691463417857","2016-02-29 03:34:26","28.600185","-81.341728","super bowl"
"704147720714321920","2016-02-29 03:34:33","39.100048","-94.559280","super bowl"
"704147770030972928","2016-02-29 03:34:45","45.630589","-122.588974","super bowl"
"704147813928734720","2016-02-29 03:34:55","39.194050","-77.171761","super bowl"
"704148308399357952","2016-02-29 03:36:53","35.830521","-85.978600","super bowl"
"704148523361693697","2016-02-29 03:37:45","40.542229","-74.594048","super bowl"
"704149231884505088","2016-02-29 03:40:33","39.145023","-75.386459","super bowl"
"704149398226378752","2016-02-29 03:41:13","41.117935","-77.604683","super bowl"
"704149475628023808","2016-02-29 03:41:32","40.780708","-73.968544","super bowl"
"704150104127750144","2016-02-29 03:44:01","35.170498","-79.861031","super bowl"
"704150883622236160","2016-02-29 03:47:07","34.020790","-118.411903","super bowl"
"704151116460761088","2016-02-29 03:48:03","39.953918","-82.049217","super bowl"
"704151138212315137","2016-02-29 03:48:08","49.239655","-122.958344","super bowl"
"704151217438662656","2016-02-29 03:48:27","40.655136","-73.948776","super bowl"
"704151589959790592","2016-02-29 03:49:56","37.770657","-122.435982","super bowl"
"704152058056843264","2016-02-29 03:51:47","42.803135","-73.938141","super bowl"
"704152311002583040","2016-02-29 03:52:48","51.030933","-114.106461","super bowl"
"704154362403123200","2016-02-29 04:00:57","47.614819","-122.330605","super bowl"
"704154615047024640","2016-02-29 04:01:57","33.779236","-116.420845","super bowl"
"704155059613904896","2016-02-29 04:03:43","47.614819","-122.330605","super bowl"
"704155308487094272","2016-02-29 04:04:42","34.087009","-118.369644","super bowl"
"704155855252385795","2016-02-29 04:06:53","32.678207","-83.173866","super bowl"
"704156498973167616","2016-02-29 04:09:26","39.713562","-104.922096","super bowl"
"704157180279140352","2016-02-29 04:12:09","20.715275","-100.440598","super bowl"
"704157217373687808","2016-02-29 04:12:17","-25.631002","-49.462322","super bowl"
"704157329156079616","2016-02-29 04:12:44","32.999977","-80.172409","super bowl"
"704157364455399424","2016-02-29 04:12:52","35.209061","-80.846786","super bowl"
"704157454033149952","2016-02-29 04:13:14","-26.261688","-48.966473","super bowl"
"704157493866303488","2016-02-29 04:13:23","19.518656","-99.115891","super bowl"
"704157510169731072","2016-02-29 04:13:27","41.360840","-82.114380","super bowl"
"704157546727284740","2016-02-29 04:13:36","40.655136","-73.948776","super bowl"
"704157565387583488","2016-02-29 04:13:40","25.608332","-100.118881","super bowl"
"704157572169908224","2016-02-29 04:13:42","40.650757","-73.972969","super bowl"
"704157669414866948","2016-02-29 04:14:05","4.262284","-74.243668","super bowl"
"704157671105044480","2016-02-29 04:14:06","52.150078","-106.664322","super bowl"
"704157681951612933","2016-02-29 04:14:08","-29.749832","-75.748543","super bowl"
"704157704349212675","2016-02-29 04:14:13","41.833584","-87.732010","super bowl"
"704157799631065088","2016-02-29 04:14:36","31.994301","-102.104630","super bowl"
"704157817956134912","2016-02-29 04:14:41","40.780708","-73.968544","super bowl"
"704157820715798528","2016-02-29 04:14:41","43.629311","-79.272568","super bowl"
"704157898067341312","2016-02-29 04:15:00","54.063301","-2.884240","super bowl"
"704157959845089280","2016-02-29 04:15:14","33.859093","-117.585655","super bowl"
"704157981504512000","2016-02-29 04:15:20","28.969862","-111.498184","super bowl"
"704157997019197440","2016-02-29 04:15:23","44.941517","-93.105652","super bowl"
"704158034101190656","2016-02-29 04:15:32","42.395401","-71.103722","super bowl"
"704158034897952769","2016-02-29 04:15:32","40.655136","-73.948776","super bowl"
"704158111318151168","2016-02-29 04:15:51","44.212509","-100.247162","super bowl"
"704158112081534978","2016-02-29 04:15:51","19.432837","-99.153366","super bowl"
"704158118628864000","2016-02-29 04:15:52","37.349514","-122.099152","super bowl"
"704158148412583936","2016-02-29 04:15:59","53.555820","-113.492615","super bowl"
"704158184987082752","2016-02-29 04:16:08","1.325975","103.725136","super bowl"
"704158205878759424","2016-02-29 04:16:13","37.791992","-122.228683","super bowl"
"704158222551224320","2016-02-29 04:16:17","7.769494","-72.219765","super bowl"
"704158233162682368","2016-02-29 04:16:20","47.751545","-122.247108","super bowl"
"704158235037704194","2016-02-29 04:16:20","-23.682802","-46.595547","super bowl"
"704158273688117250","2016-02-29 04:16:29","14.546499","121.033211","super bowl"
"704158338473447425","2016-02-29 04:16:45","35.003181","-80.562698","super bowl"
"704158345486159872","2016-02-29 04:16:46","45.683105","-122.524330","super bowl"
"704158348703236097","2016-02-29 04:16:47","32.678207","-83.173866","super bowl"
"704158370123526145","2016-02-29 04:16:52","43.007759","-89.440956","super bowl"
"704158386473066497","2016-02-29 04:16:56","40.780708","-73.968544","super bowl"
"704158408551833601","2016-02-29 04:17:01","37.999523","-85.695930","super bowl"
"704158422669905920","2016-02-29 04:17:05","32.999977","-80.172409","super bowl"
"704158511702347776","2016-02-29 04:17:26","-20.731346","-43.887123","super bowl"
"704158526021603328","2016-02-29 04:17:29","30.323345","-97.754723","super bowl"
"704158550541488128","2016-02-29 04:17:35","10.763039","106.684601","super bowl"
"704158566987464708","2016-02-29 04:17:39","39.323109","-77.628242","super bowl"
"704158597190516736","2016-02-29 04:17:46","19.165623","-99.565575","super bowl"
"704158608091705344","2016-02-29 04:17:49","42.256123","-71.021339","super bowl"
"704158687535845376","2016-02-29 04:18:08","45.443066","-122.622086","super bowl"
"704158745828265984","2016-02-29 04:18:22","35.756187","-78.837021","super bowl"
"704158814682087424","2016-02-29 04:18:38","38.898602","-77.014397","super bowl"
"704158815814549504","2016-02-29 04:18:38","39.994682","-82.985771","super bowl"
"704158842649759744","2016-02-29 04:18:45","-34.615944","-58.433449","super bowl"
"704158852867072000","2016-02-29 04:18:47","-1.344336","-48.381069","super bowl"
"704158857283575808","2016-02-29 04:18:48","32.474319","-90.133675","super bowl"
"704158930570760192","2016-02-29 04:19:06","40.323391","-80.035332","super bowl"
"704159028344176640","2016-02-29 04:19:29","42.223385","-71.924118","super bowl"
"704159037294645248","2016-02-29 04:19:31","29.838495","-95.446487","super bowl"
"704159081938993154","2016-02-29 04:19:42","33.629890","-86.597862","super bowl"
"704159104189632512","2016-02-29 04:19:47","34.775448","-96.667686","super bowl"
"704159107985440768","2016-02-29 04:19:48","31.440523","-100.453087","super bowl"
"704159122690805760","2016-02-29 04:19:52","38.916759","-77.230881","super bowl"
"704159142441820160","2016-02-29 04:19:56","39.117756","-90.335999","super bowl"
"704159170019233792","2016-02-29 04:20:03","39.204445","-94.561592","super bowl"
"704159180173787136","2016-02-29 04:20:05","40.803234","-96.696564","super bowl"
"704159263329914882","2016-02-29 04:20:25","34.168255","-111.931709","super bowl"
"704159314290708480","2016-02-29 04:20:37","33.121483","-117.287926","super bowl"
"704159345748025344","2016-02-29 04:20:45","47.751545","-122.247108","super bowl"
"704159426777747456","2016-02-29 04:21:04","43.541016","-96.731140","super bowl"
"704159561494597632","2016-02-29 04:21:36","44.665920","-90.169487","super bowl"
"704159619879317504","2016-02-29 04:21:50","33.226315","-117.320877","super bowl"
"704159657472819200","2016-02-29 04:21:59","14.504111","121.065239","super bowl"
"704159739660251136","2016-02-29 04:22:19","44.900818","-89.569489","super bowl"
"704159796979736576","2016-02-29 04:22:32","41.022068","-74.331650","super bowl"
"704159801878577152","2016-02-29 04:22:34","19.380613","-99.161484","super bowl"
"704159932719824896","2016-02-29 04:23:05","47.614819","-122.330605","super bowl"
"704159967176097793","2016-02-29 04:23:13","46.730824","-117.154266","super bowl"
"704160027007791104","2016-02-29 04:23:27","38.931549","-94.675095","super bowl"
"704160034192658432","2016-02-29 04:23:29","36.830799","-119.636192","super bowl"
"704160186840133632","2016-02-29 04:24:05","44.165138","-93.999283","super bowl"
"704160476503134208","2016-02-29 04:25:14","35.843983","-78.657837","super bowl"
"704160812588527616","2016-02-29 04:26:35","41.117935","-77.604683","super bowl"
"704160842623881216","2016-02-29 04:26:42","40.780708","-73.968544","super bowl"
"704161029014433792","2016-02-29 04:27:26","41.806774","-87.780235","super bowl"
"704161323068870656","2016-02-29 04:28:36","40.431389","-79.980690","super bowl"
"704161819963715585","2016-02-29 04:30:35","38.763161","-121.300728","super bowl"
"704162228405035009","2016-02-29 04:32:12","33.646652","-112.379448","super bowl"
"704162290644480000","2016-02-29 04:32:27","41.203510","-73.989761","super bowl"
"704162531267448833","2016-02-29 04:33:24","41.117935","-77.604683","super bowl"
"704162543925747712","2016-02-29 04:33:27","46.441860","-93.361320","super bowl"
"704162607595257856","2016-02-29 04:33:43","34.020790","-118.411903","super bowl"
"704162686796480512","2016-02-29 04:34:01","25.782354","-80.233330","super bowl"
"704162723597160449","2016-02-29 04:34:10","40.653282","-111.499153","super bowl"
"704162882523516928","2016-02-29 04:34:48","15.331505","75.236351","super bowl"
"704163053101826049","2016-02-29 04:35:29","40.302750","-79.993759","super bowl"
"704163070499643392","2016-02-29 04:35:33","39.713562","-104.922096","super bowl"
"704163132567064576","2016-02-29 04:35:48","39.008350","-77.017853","super bowl"
"704163150380331008","2016-02-29 04:35:52","41.117935","-77.604683","super bowl"
"704163205380186112","2016-02-29 04:36:05","14.534104","120.982468","super bowl"
"704163262577954817","2016-02-29 04:36:19","40.780708","-73.968544","super bowl"
"704163380316114944","2016-02-29 04:36:47","32.760826","-116.918442","super bowl"
"704163519009153024","2016-02-29 04:37:20","38.561722","-121.469666","super bowl"
"704163715696865281","2016-02-29 04:38:07","39.713562","-104.922096","super bowl"
"704164117641195521","2016-02-29 04:39:43","32.189392","-110.915573","super bowl"
"704164332872015872","2016-02-29 04:40:34","40.780708","-73.968544","super bowl"
"704164570068156417","2016-02-29 04:41:30","40.765804","-111.917023","super bowl"
"704164600560885762","2016-02-29 04:41:38","41.303104","-72.858917","super bowl"
"704164676624584704","2016-02-29 04:41:56","35.133522","-89.922028","super bowl"
"704164754168807425","2016-02-29 04:42:14","36.232914","-115.223122","super bowl"
"704164885773598720","2016-02-29 04:42:46","40.780708","-73.968544","super bowl"
"704164976085352448","2016-02-29 04:43:07","-23.173384","-47.293064","super bowl"
"704164985509974017","2016-02-29 04:43:09","40.004868","-75.117996","super bowl"
"704165001490075648","2016-02-29 04:43:13","37.683895","-97.343918","super bowl"
"704165131517861888","2016-02-29 04:43:44","40.477795","-3.703508","super bowl"
"704165394068668416","2016-02-29 04:44:47","40.659492","-73.530861","super bowl"
"704165432593412097","2016-02-29 04:44:56","43.056721","-87.967293","super bowl"
"704165736357433345","2016-02-29 04:46:08","-18.778572","46.837761","super bowl"
"704165758532612097","2016-02-29 04:46:14","32.819859","-96.761749","super bowl"
"704166734941417473","2016-02-29 04:50:07","34.020790","-118.411903","super bowl"
"704166929628577792","2016-02-29 04:50:53","40.744118","-74.151703","super bowl"
"704166996250894336","2016-02-29 04:51:09","43.593853","-84.772179","super bowl"
"704167104589594624","2016-02-29 04:51:35","29.417501","-98.540649","super bowl"
"704167180305354753","2016-02-29 04:51:53","35.982471","-83.963844","super bowl"
"704167391857668096","2016-02-29 04:52:43","40.780708","-73.968544","super bowl"
"704167773878902784","2016-02-29 04:54:14","36.239944","-93.108292","super bowl"
"704168180525240320","2016-02-29 04:55:51","28.352158","-81.651337","super bowl"
"704168233394446336","2016-02-29 04:56:04","40.734493","-74.184845","super bowl"
"704168366584549376","2016-02-29 04:56:36","35.847420","-86.409607","super bowl"
"704168489435660289","2016-02-29 04:57:05","41.881531","-87.843918","super bowl"
"704168492438650881","2016-02-29 04:57:06","34.163177","-118.666298","super bowl"
"704168624328540161","2016-02-29 04:57:37","32.647125","-96.913055","super bowl"
"704168652510253056","2016-02-29 04:57:44","41.876614","-80.128746","super bowl"
"704168769673785347","2016-02-29 04:58:12","33.552864","-112.124680","super bowl"
"704168772144238592","2016-02-29 04:58:12","33.631142","-80.926628","super bowl"
"704168785352265728","2016-02-29 04:58:15","-7.033530","-37.347115","super bowl"
"704168905904779264","2016-02-29 04:58:44","38.997936","-105.550888","super bowl"
"704169189045620736","2016-02-29 04:59:52","38.805115","-77.236969","super bowl"
"704169199015362560","2016-02-29 04:59:54","31.168894","-100.076889","super bowl"
"704169224474914816","2016-02-29 05:00:00","42.649235","-71.165497","super bowl"
"704169559280984064","2016-02-29 05:01:20","39.994682","-82.985771","super bowl"
"704169651413127169","2016-02-29 05:01:42","24.993462","55.551170","super bowl"
"704169840483786753","2016-02-29 05:02:27","29.596249","31.570606","super bowl"
"704169962538192896","2016-02-29 05:02:56","39.407242","-76.456650","super bowl"
"704169990900031488","2016-02-29 05:03:03","38.003376","-79.420868","super bowl"
"704170109242310656","2016-02-29 05:03:31","42.669888","-83.034363","super bowl"
"704170348644794369","2016-02-29 05:04:28","38.805115","-77.236969","super bowl"
"704170420723822594","2016-02-29 05:04:45","47.273022","-120.882484","super bowl"
"704170510603706369","2016-02-29 05:05:07","38.907913","-77.047661","super bowl"
"704170919304892416","2016-02-29 05:06:44","29.417501","-98.540649","super bowl"
"704171009901854720","2016-02-29 05:07:06","31.168894","-100.076889","super bowl"
"704171328786571264","2016-02-29 05:08:22","42.746616","-75.770042","super bowl"
"704171693032378368","2016-02-29 05:09:49","37.269176","-119.306610","super bowl"
"704171847995269120","2016-02-29 05:10:26","35.133522","-89.922028","super bowl"
"704171988181331968","2016-02-29 05:10:59","40.874947","-124.082329","super bowl"
"704172129957249024","2016-02-29 05:11:33","35.377869","-119.005501","super bowl"
"704172133279203330","2016-02-29 05:11:34","40.780708","-73.968544","super bowl"
"704172206474063873","2016-02-29 05:11:51","-23.804049","-46.530655","super bowl"
"704172348195229696","2016-02-29 05:12:25","53.555820","-113.492615","super bowl"
"704172382223728641","2016-02-29 05:12:33","31.168894","-100.076889","super bowl"
"704172580689711104","2016-02-29 05:13:20","34.020790","-118.411903","super bowl"
"704172719269617664","2016-02-29 05:13:53","52.085155","-0.251592","super bowl"
"704172814446804992","2016-02-29 05:14:16","35.954330","-86.541603","super bowl"
"704172911435776000","2016-02-29 05:14:39","29.895605","-97.935188","super bowl"
"704172983091265536","2016-02-29 05:14:56","31.168894","-100.076889","super bowl"
"704173704016691200","2016-02-29 05:17:48","39.284714","-76.620483","super bowl"
"704173927547981824","2016-02-29 05:18:41","27.698683","-83.804474","super bowl"
"704173945042305024","2016-02-29 05:18:46","39.947250","-105.072227","super bowl"
"704174702860886016","2016-02-29 05:21:46","39.346931","-84.550064","super bowl"
"704175049272524801","2016-02-29 05:23:09","9.632359","-84.010704","super bowl"
"704175913534029828","2016-02-29 05:26:35","32.779968","-97.285912","super bowl"
"704176029816983552","2016-02-29 05:27:03","41.938229","-93.389862","super bowl"
"704176140991201281","2016-02-29 05:27:29","35.843983","-78.657837","super bowl"
"704176913242202112","2016-02-29 05:30:33","37.331158","-121.873734","super bowl"
"704176951251095552","2016-02-29 05:30:42","35.141396","-78.987877","super bowl"
"704177705147699200","2016-02-29 05:33:42","34.020790","-118.411903","super bowl"
"704179099799986176","2016-02-29 05:39:15","13.682032","121.102936","super bowl"
"704180220878786560","2016-02-29 05:43:42","27.698683","-83.804474","super bowl"
"704180283856146432","2016-02-29 05:43:57","47.614819","-122.330605","super bowl"
"704181451865133056","2016-02-29 05:48:35","39.994682","-82.985771","super bowl"
"704181826206765056","2016-02-29 05:50:05","39.607372","-0.544596","super bowl"
"704182310799859712","2016-02-29 05:52:00","35.474285","-79.163727","super bowl"
"704183012368338944","2016-02-29 05:54:47","41.275723","-96.053429","super bowl"
"704184198425239552","2016-02-29 05:59:30","34.402939","-118.913658","super bowl"
"704187280622157824","2016-02-29 06:11:45","32.633766","-117.022461","super bowl"
"704187425564700674","2016-02-29 06:12:20","35.211117","-101.816093","super bowl"
"704187552866013185","2016-02-29 06:12:50","33.552864","-112.124680","super bowl"
"704188903062949888","2016-02-29 06:18:12","35.474285","-79.163727","super bowl"
"704189823502823424","2016-02-29 06:21:51","37.843304","-122.123718","super bowl"
"704191652601077760","2016-02-29 06:29:07","1.290529","103.834190","super bowl"
"704191868842676224","2016-02-29 06:29:59","40.670879","-73.831184","super bowl"
"704192286490501120","2016-02-29 06:31:39","54.941544","-1.568596","super bowl"
"704194004489908224","2016-02-29 06:38:28","32.779968","-97.285912","super bowl"
"704194758986506241","2016-02-29 06:41:28","34.020790","-118.411903","super bowl"
"704200330456784896","2016-02-29 07:03:36","27.698683","-83.804474","super bowl"
"704204249912250368","2016-02-29 07:19:11","35.934250","14.380054","super bowl"
"704204929401946112","2016-02-29 07:21:53","34.020790","-118.411903","super bowl"
"704210695336755200","2016-02-29 07:44:48","47.119286","-122.296280","super bowl"
"704211480636493824","2016-02-29 07:47:55","40.004868","-75.117996","super bowl"
"704213471403986946","2016-02-29 07:55:49","39.685852","-105.123322","super bowl"
"704236585286569984","2016-02-29 09:27:40","39.434334","-81.448730","super bowl"
"704239939714682880","2016-02-29 09:41:00","4.670067","101.075264","super bowl"
"704240478833627136","2016-02-29 09:43:08","51.619995","0.300257","super bowl"
"704255090706784256","2016-02-29 10:41:12","51.352345","-0.498892","super bowl"
"704269610900692992","2016-02-29 11:38:54","40.354061","-83.751831","super bowl"
"704272801356771328","2016-02-29 11:51:35","38.884281","-77.171997","super bowl"
"704272921267707904","2016-02-29 11:52:03","40.125820","-89.373779","super bowl"
"704285177036578816","2016-02-29 12:40:45","1.325975","103.725136","super bowl"
"704288862223216640","2016-02-29 12:55:24","32.230988","-90.158020","super bowl"
"704297222725373952","2016-02-29 13:28:37","38.360420","-75.600578","super bowl"
"704297407362801665","2016-02-29 13:29:21","-34.682640","-58.351765","super bowl"
"704297455194652673","2016-02-29 13:29:33","40.331928","-80.117050","super bowl"
"704297524820119552","2016-02-29 13:29:49","5.614363","100.487991","super bowl"
"704299004562112512","2016-02-29 13:35:42","4.262284","-74.243668","super bowl"
"704300622141587457","2016-02-29 13:42:08","27.795719","-82.672905","super bowl"
"704300918754426880","2016-02-29 13:43:18","-0.166571","-78.556679","super bowl"
"704304044370698244","2016-02-29 13:55:44","3.043993","101.517555","super bowl"
"704308755262009345","2016-02-29 14:14:27","53.354900","-6.247621","super bowl"
"704311314085117952","2016-02-29 14:24:37","35.482845","-97.552162","super bowl"
"704313209277194240","2016-02-29 14:32:09","29.634806","-95.722084","super bowl"
"704313276235120640","2016-02-29 14:32:25","38.884281","-77.171997","super bowl"
"704316418997690368","2016-02-29 14:44:54","46.441860","-93.361320","super bowl"
"704322207451910144","2016-02-29 15:07:54","27.368006","-80.334213","super bowl"
"704323536974774272","2016-02-29 15:13:11","45.536404","-122.630905","super bowl"
"704326668962414592","2016-02-29 15:25:38","-23.682802","-46.595547","super bowl"
"704326904300642305","2016-02-29 15:26:34","40.073040","-74.724319","super bowl"
"704327248644427776","2016-02-29 15:27:56","40.603069","-111.992317","super bowl"
"704327293305495553","2016-02-29 15:28:07","42.636250","-71.326859","super bowl"
"704328343261487105","2016-02-29 15:32:17","32.678207","-83.173866","super bowl"
"704329379741093889","2016-02-29 15:36:24","39.404060","-84.560905","super bowl"
"704330218950017024","2016-02-29 15:39:44","32.819859","-96.761749","super bowl"
"704330627198423040","2016-02-29 15:41:22","39.849026","-75.375916","super bowl"
"704331632472399872","2016-02-29 15:45:21","42.313671","-71.088715","super bowl"
"704331739137597440","2016-02-29 15:45:47","39.713562","-104.922096","super bowl"
"704333777619828736","2016-02-29 15:53:53","29.758410","-95.364166","super bowl"
"704334771078430720","2016-02-29 15:57:49","40.110264","-77.185806","super bowl"
"704334837847437312","2016-02-29 15:58:05","29.758734","-95.363838","super bowl"
"704335150960738304","2016-02-29 15:59:20","41.731232","-72.835587","super bowl"
"704336099640913921","2016-02-29 16:03:06","32.931835","-97.079651","super bowl"
"704336407226130433","2016-02-29 16:04:20","41.160252","-81.350433","super bowl"
"704338345032155137","2016-02-29 16:12:02","34.020790","-118.411903","super bowl"
"704339866402697217","2016-02-29 16:18:04","43.598034","-116.237999","super bowl"
"704340518960918528","2016-02-29 16:20:40","41.663837","-87.857109","super bowl"
"704340852957696001","2016-02-29 16:22:00","-38.953323","-68.237526","super bowl"
"704341790703411201","2016-02-29 16:25:43","40.279472","-75.915573","super bowl"
"704341793765265416","2016-02-29 16:25:44","55.934517","-3.477731","super bowl"
"704344042667048961","2016-02-29 16:34:40","32.819859","-96.761749","super bowl"
"704345559906328577","2016-02-29 16:40:42","38.407665","-82.439835","super bowl"
"704346982219915265","2016-02-29 16:46:21","-38.447655","-63.606926","super bowl"
"704347045260300288","2016-02-29 16:46:36","29.758410","-95.364166","super bowl"
"704351441469743104","2016-02-29 17:04:04","40.780743","-73.779549","super bowl"
"704351863177506816","2016-02-29 17:05:45","47.597855","-122.149765","super bowl"
"704354346255982593","2016-02-29 17:15:37","39.697472","-105.009163","super bowl"
"704357485474398208","2016-02-29 17:28:05","36.090397","-79.857361","super bowl"
"704360781576433669","2016-02-29 17:41:11","3.138874","101.686966","super bowl"
"704362723287498754","2016-02-29 17:48:54","45.728931","-122.666740","super bowl"
"704362844075139072","2016-02-29 17:49:23","37.396854","-122.081444","super bowl"
"704364050843619330","2016-02-29 17:54:10","40.365162","-82.669464","super bowl"
"704364147656495105","2016-02-29 17:54:33","40.365162","-82.669464","super bowl"
"704364776961544193","2016-02-29 17:57:03","36.215092","-81.657898","super bowl"
"704364897103060992","2016-02-29 17:57:32","33.552864","-112.124680","super bowl"
"704366546911682560","2016-02-29 18:04:05","37.403141","-121.971085","super bowl"
"704367100156968960","2016-02-29 18:06:17","36.232914","-115.223122","super bowl"
"704367855270121473","2016-02-29 18:09:17","37.396854","-122.081444","super bowl"
"704368187383504896","2016-02-29 18:10:37","36.200008","-86.791550","super bowl"
"704368391197315072","2016-02-29 18:11:25","40.765804","-111.917023","super bowl"
"704368504259153924","2016-02-29 18:11:52","-14.239565","-53.184834","super bowl"
"704369308894261248","2016-02-29 18:15:04","37.396854","-122.081444","super bowl"
"704369469393514496","2016-02-29 18:15:42","37.396854","-122.081444","super bowl"
"704369654047883264","2016-02-29 18:16:26","35.091953","-85.242561","super bowl"
"704370066993729537","2016-02-29 18:18:05","47.614819","-122.330605","super bowl"
"704370670235353088","2016-02-29 18:20:29","44.900818","-89.569489","super bowl"
"704373198192668672","2016-02-29 18:30:31","49.288235","-123.072517","super bowl"
"704374208017489920","2016-02-29 18:34:32","37.396854","-122.081444","super bowl"
"704378050155163648","2016-02-29 18:49:48","31.168894","-100.076889","super bowl"
"704378578775859200","2016-02-29 18:51:54","38.763161","-121.300728","super bowl"
"704378881344675840","2016-02-29 18:53:06","27.300764","-80.345261","super bowl"
"704381461500186628","2016-02-29 19:03:21","44.389942","-88.745911","super bowl"
"704381951554293762","2016-02-29 19:05:18","41.117935","-77.604683","super bowl"
"704383488032509952","2016-02-29 19:11:25","36.304249","-95.602066","super bowl"
"704385899296137216","2016-02-29 19:20:59","6.422820","-66.578926","super bowl"
"704388462053560320","2016-02-29 19:31:10","55.934517","-3.477731","super bowl"
"704389044814422017","2016-02-29 19:33:29","51.668079","-0.392275","super bowl"
"704397409791696896","2016-02-29 20:06:44","55.672775","12.552633","super bowl"
"704401849206575104","2016-02-29 20:24:22","-29.068624","-51.035027","super bowl"
"704403402906701824","2016-02-29 20:30:33","34.413780","-117.427200","super bowl"
"704407751888388104","2016-02-29 20:47:49","41.791584","-88.040001","super bowl"
"704408267624157185","2016-02-29 20:49:52","41.655579","-81.411804","super bowl"
"704411360575234048","2016-02-29 21:02:10","40.943058","-74.657639","super bowl"
"704413406661636096","2016-02-29 21:10:18","39.779564","-86.142921","super bowl"
"704414789326479360","2016-02-29 21:15:47","-15.776254","-47.796623","super bowl"
"704417935100612608","2016-02-29 21:28:17","33.298027","-86.779610","super bowl"
"704418854538182661","2016-02-29 21:31:57","55.943195","-3.203008","super bowl"
"704422123511619585","2016-02-29 21:44:56","40.780708","-73.968544","super bowl"
"704423601290682368","2016-02-29 21:50:48","37.715530","-121.914528","super bowl"
"704424546670141445","2016-02-29 21:54:34","38.335136","-85.698189","super bowl"
"704433284143513600","2016-02-29 22:29:17","35.209061","-80.846786","super bowl"
"704434151852642304","2016-02-29 22:32:44","34.020790","-118.411903","super bowl"
"704435327012724736","2016-02-29 22:37:24","34.087009","-118.369644","super bowl"
"704436466240331776","2016-02-29 22:41:56","39.958271","-74.896355","super bowl"
"704440162680492033","2016-02-29 22:56:37","45.001179","-86.270538","super bowl"
"704443258236215297","2016-02-29 23:08:55","37.774929","-122.419418","super bowl"
"704443636646330369","2016-02-29 23:10:25","55.858303","-4.241751","super bowl"
"704443883527258113","2016-02-29 23:11:24","54.063301","-2.884240","super bowl"
"704445341341339648","2016-02-29 23:17:11","40.716698","-74.000015","super bowl"
"704445673253408768","2016-02-29 23:18:31","25.972107","-97.477425","super bowl"
"704446948032393216","2016-02-29 23:23:35","41.086918","-85.170052","super bowl"
"704447798213791745","2016-02-29 23:26:57","41.279556","-73.032806","super bowl"
"704448575896309762","2016-02-29 23:30:03","46.730824","-117.154266","super bowl"
"704449769465315328","2016-02-29 23:34:47","42.078873","-71.407745","super bowl"
"704455043055906816","2016-02-29 23:55:45","38.997936","-105.550888","super bowl"
"704455358090244096","2016-02-29 23:57:00","40.004868","-75.117996","super bowl"
"704455366583709697","2016-02-29 23:57:02","40.073040","-74.724319","super bowl"
"704460048181944321","2016-03-01 00:15:38","-16.305136","-48.972519","super bowl"
"704462494408900608","2016-03-01 00:25:21","34.040741","-118.001297","super bowl"
"704464163012284416","2016-03-01 00:31:59","42.970184","-88.128181","super bowl"
"704465253208293376","2016-03-01 00:36:19","41.279556","-73.032806","super bowl"
"704465489876131842","2016-03-01 00:37:15","33.631142","-80.926628","super bowl"
"704466326308270081","2016-03-01 00:40:35","26.721895","-80.122620","super bowl"
"704467362007949316","2016-03-01 00:44:42","42.352787","-83.099289","super bowl"
"704468379889856512","2016-03-01 00:48:44","39.523533","-104.760864","super bowl"
"704474073431060480","2016-03-01 01:11:22","31.168894","-100.076889","super bowl"
"704474363941273600","2016-03-01 01:12:31","41.595562","-81.438812","super bowl"
"704476117407653888","2016-03-01 01:19:29","40.431389","-79.980690","super bowl"
"704476670204325888","2016-03-01 01:21:41","38.499168","-90.371040","super bowl"
"704478195131686912","2016-03-01 01:27:44","33.202496","-97.114769","super bowl"
"704482181016645632","2016-03-01 01:43:35","40.717499","-73.449150","super bowl"
"704482524781797376","2016-03-01 01:44:57","42.378197","-71.112373","super bowl"
"704483446433947648","2016-03-01 01:48:36","4.262284","-74.243668","super bowl"
"704483764311826432","2016-03-01 01:49:52","42.910892","-78.708466","super bowl"
"704486374678925312","2016-03-01 02:00:15","33.554409","-86.869637","super bowl"
"704487737123053569","2016-03-01 02:05:39","38.462601","-81.812553","super bowl"
"704490145697796096","2016-03-01 02:15:14","32.678207","-83.173866","super bowl"
"704492675635003392","2016-03-01 02:25:17","36.965672","-86.435509","super bowl"
"704493678815907840","2016-03-01 02:29:16","30.505959","-97.813644","super bowl"
"704494717824851969","2016-03-01 02:33:24","42.257145","-89.017570","super bowl"
"704496639533309952","2016-03-01 02:41:02","42.434616","-82.900307","super bowl"
"704501858921005057","2016-03-01 03:01:46","30.476215","-84.266174","super bowl"
"704502791599988737","2016-03-01 03:05:29","38.304558","-92.436775","super bowl"
"704503547098828800","2016-03-01 03:08:29","38.360420","-75.600578","super bowl"
"704505884282499072","2016-03-01 03:17:46","33.552864","-112.124680","super bowl"
"704508896564662272","2016-03-01 03:29:44","36.076130","-79.771347","super bowl"
"704509108536250368","2016-03-01 03:30:35","43.879642","-116.997353","super bowl"
"704509231429500928","2016-03-01 03:31:04","32.842342","-80.054932","super bowl"
"704510410481930241","2016-03-01 03:35:45","43.462765","-84.005745","super bowl"
"704512516974448640","2016-03-01 03:44:07","37.683895","-97.343918","super bowl"
"704512985247715328","2016-03-01 03:45:59","42.399090","-71.112366","super bowl"
"704513155393843200","2016-03-01 03:46:40","33.751671","-84.355896","super bowl"
"704513892718813184","2016-03-01 03:49:35","38.888519","-104.789330","super bowl"
"704515900678864896","2016-03-01 03:57:34","41.833584","-87.732010","super bowl"
"704517339606228992","2016-03-01 04:03:17","41.833584","-87.732010","super bowl"
"704517403242164224","2016-03-01 04:03:32","31.168894","-100.076889","super bowl"
"704518442947317760","2016-03-01 04:07:40","42.036938","-71.683502","super bowl"
"704518620123017216","2016-03-01 04:08:23","47.859325","-122.206894","super bowl"
"704518830823972864","2016-03-01 04:09:13","18.115408","-77.275955","super bowl"
"704523660711890944","2016-03-01 04:28:24","32.536900","-92.633835","super bowl"
"704525934846681089","2016-03-01 04:37:26","14.534104","120.982468","super bowl"
"704527773491007489","2016-03-01 04:44:45","39.523533","-104.760864","super bowl"
"704527811172667392","2016-03-01 04:44:54","38.997936","-105.550888","super bowl"
"704528508173815810","2016-03-01 04:47:40","39.145023","-75.386459","super bowl"
"704531351240884224","2016-03-01 04:58:58","28.546120","-81.590347","super bowl"
"704534210112057344","2016-03-01 05:10:19","-19.626348","-43.889038","super bowl"
"704534847973367808","2016-03-01 05:12:52","40.670879","-73.831184","super bowl"
"704536466433679360","2016-03-01 05:19:17","41.927807","-88.753708","super bowl"
"704537114889695232","2016-03-01 05:21:52","37.354401","-121.969002","super bowl"
"704542176575762432","2016-03-01 05:41:59","41.938229","-93.389862","super bowl"
"704542352937848833","2016-03-01 05:42:41","36.979374","-122.031189","super bowl"
"704544643011223552","2016-03-01 05:51:47","30.180117","-85.679016","super bowl"
"704547117390557184","2016-03-01 06:01:37","39.588413","-75.694550","super bowl"
"704547134918533120","2016-03-01 06:01:41","35.830521","-85.978600","super bowl"
"704554815934873600","2016-03-01 06:32:12","4.355365","100.970505","super bowl"
"704554923036266496","2016-03-01 06:32:38","37.770657","-122.435982","super bowl"
"704557734604185600","2016-03-01 06:43:48","41.437435","-88.285027","super bowl"
"704569690438258688","2016-03-01 07:31:19","38.003376","-79.420868","super bowl"
"704574659178713089","2016-03-01 07:51:03","3.043779","101.517387","super bowl"
"704579332006477824","2016-03-01 08:09:37","29.696556","-98.662415","super bowl"
"704582965024559105","2016-03-01 08:24:04","3.138874","101.686966","super bowl"
"704594344825778176","2016-03-01 09:09:17","44.546715","-69.649704","super bowl"
"704611435343716352","2016-03-01 10:17:11","42.118504","-70.959396","super bowl"
"704612614429659136","2016-03-01 10:21:53","4.355365","100.970505","super bowl"
"704626515686920192","2016-03-01 11:17:07","-0.146639","-78.456055","super bowl"
"704629319319076864","2016-03-01 11:28:15","-19.918692","-43.959824","super bowl"
"704629448843399168","2016-03-01 11:28:46","-19.918692","-43.959824","super bowl"
"704630110561763330","2016-03-01 11:31:24","10.483539","-66.930641","super bowl"
"704632815707676672","2016-03-01 11:42:09","-29.915337","-51.177200","super bowl"
"704633068519292929","2016-03-01 11:43:09","53.966206","-1.085325","super bowl"
"704635324111032320","2016-03-01 11:52:07","40.716698","-74.000015","super bowl"
"704642008841887744","2016-03-01 12:18:41","26.251896","-80.138641","super bowl"
"704644691699109888","2016-03-01 12:29:20","39.779564","-86.142921","super bowl"
"704651255466037248","2016-03-01 12:55:25","30.285051","-90.945732","super bowl"
"704653562060607488","2016-03-01 13:04:35","5.614363","100.487991","super bowl"
"704653819465080832","2016-03-01 13:05:37","40.780708","-73.968544","super bowl"
"704657413199130624","2016-03-01 13:19:53","40.194935","-92.577446","super bowl"
"704658843389849600","2016-03-01 13:25:34","41.970848","-71.180099","super bowl"
"704666184461844480","2016-03-01 13:54:45","37.274490","-79.957909","super bowl"
"704674173847638016","2016-03-01 14:26:29","37.403000","-121.971001","super bowl"
"704674727802118144","2016-03-01 14:28:41","40.756084","-73.989517","super bowl"
"704674769673830400","2016-03-01 14:28:51","40.828716","-74.067062","super bowl"
"704678000185356289","2016-03-01 14:41:42","38.304558","-92.436775","super bowl"
"704678205639135234","2016-03-01 14:42:31","38.888519","-104.789330","super bowl"
"704685162341093378","2016-03-01 15:10:09","45.630589","-122.588974","super bowl"
"704686909029818368","2016-03-01 15:17:06","35.995052","-79.995361","super bowl"
"704691409048223748","2016-03-01 15:34:59","39.387714","-76.444969","super bowl"
"704691914935771136","2016-03-01 15:36:59","41.021320","29.005222","super bowl"
"704692079188942848","2016-03-01 15:37:38","44.900818","-89.569489","super bowl"
"704694664566145024","2016-03-01 15:47:55","38.997936","-105.550888","super bowl"
"704696556084031489","2016-03-01 15:55:26","51.027664","-114.087852","super bowl"
"704696974738661377","2016-03-01 15:57:06","31.310637","-89.338036","super bowl"
"704697085606514688","2016-03-01 15:57:32","36.006256","-115.038338","super bowl"
"704698305108959232","2016-03-01 16:02:23","43.660053","-79.360397","super bowl"
"704702059518361600","2016-03-01 16:17:18","42.191647","-122.693665","super bowl"
"704702801243447300","2016-03-01 16:20:15","41.996632","-72.456490","super bowl"
"704704259732971520","2016-03-01 16:26:02","39.453140","-80.158089","super bowl"
"704708715417567232","2016-03-01 16:43:45","32.678207","-83.173866","super bowl"
"704710457999953920","2016-03-01 16:50:40","40.373020","-79.975685","super bowl"
"704712767174021120","2016-03-01 16:59:51","41.279556","-73.032806","super bowl"
"704714742175125504","2016-03-01 17:07:42","29.838495","-95.446487","super bowl"
"704714967744847873","2016-03-01 17:08:35","51.619995","0.300257","super bowl"
"704715263644704768","2016-03-01 17:09:46","40.365162","-82.669464","super bowl"
"704717959541837824","2016-03-01 17:20:29","36.018806","-115.234436","super bowl"
"704720345077522434","2016-03-01 17:29:57","33.196602","-87.533409","super bowl"
"704720652008345600","2016-03-01 17:31:11","40.802837","-77.904655","super bowl"
"704720785810677760","2016-03-01 17:31:43","40.780708","-73.968544","super bowl"
"704721578408353792","2016-03-01 17:34:52","39.581635","-107.527016","super bowl"
"704722272611774464","2016-03-01 17:37:37","33.196602","-87.533409","super bowl"
"704723319027687424","2016-03-01 17:41:47","26.373976","-80.134987","super bowl"
"704724787403362304","2016-03-01 17:47:37","42.313671","-71.088715","super bowl"
"704725466498740224","2016-03-01 17:50:19","39.713562","-104.922096","super bowl"
"704727599788879873","2016-03-01 17:58:47","35.346901","-119.025162","super bowl"
"704728873729179648","2016-03-01 18:03:51","41.508286","-72.897339","super bowl"
"704731783238184960","2016-03-01 18:15:25","40.004868","-75.117996","super bowl"
"704732654739001350","2016-03-01 18:18:52","38.003376","-79.420868","super bowl"
"704733580199464960","2016-03-01 18:22:33","45.536404","-122.630905","super bowl"
"704735220759711745","2016-03-01 18:29:04","35.990982","-78.895439","super bowl"
"704735871132573696","2016-03-01 18:31:39","38.343445","-122.699417","super bowl"
"704736484998451200","2016-03-01 18:34:06","-1.272930","-48.459797","super bowl"
"704737509746454528","2016-03-01 18:38:10","42.757847","-78.614548","super bowl"
"704737563467059200","2016-03-01 18:38:23","35.482742","-86.435585","super bowl"
"704737713082261504","2016-03-01 18:38:58","40.431389","-79.980690","super bowl"
"704742772499210242","2016-03-01 18:59:05","39.137039","-84.539810","super bowl"
"704748029623009281","2016-03-01 19:19:58","-34.682640","-58.351765","super bowl"
"704752299311304705","2016-03-01 19:36:56","40.197239","-85.391350","super bowl"
"704756612557357056","2016-03-01 19:54:04","42.435966","-79.328789","super bowl"
"704757027558531072","2016-03-01 19:55:43","40.629719","-75.484566","super bowl"
"704758044186517505","2016-03-01 19:59:46","42.223667","-72.647522","super bowl"
"704758194699022336","2016-03-01 20:00:22","41.275723","-96.053429","super bowl"
"704758870133051397","2016-03-01 20:03:03","44.900818","-89.569489","super bowl"
"704759083220348930","2016-03-01 20:03:53","41.444588","-81.921577","super bowl"
"704764603889274882","2016-03-01 20:25:50","44.879208","-68.670883","super bowl"
"704765256485068800","2016-03-01 20:28:25","29.982601","-90.011009","super bowl"
"704766561811374081","2016-03-01 20:33:36","42.746616","-75.770042","super bowl"
"704767876000047105","2016-03-01 20:38:50","40.780708","-73.968544","super bowl"
"704768718039961600","2016-03-01 20:42:11","33.320404","-117.317390","super bowl"
"704768809471754240","2016-03-01 20:42:32","42.313671","-71.088715","super bowl"
"704770159517396992","2016-03-01 20:47:54","33.412872","-112.424973","super bowl"
"704771080691564545","2016-03-01 20:51:34","37.975510","23.669773","super bowl"
"704772776700289025","2016-03-01 20:58:18","43.058346","-83.326988","super bowl"
"704774077148487680","2016-03-01 21:03:28","44.041965","-75.765160","super bowl"
"704777211748823040","2016-03-01 21:15:56","39.145023","-75.386459","super bowl"
"704779715031203840","2016-03-01 21:25:52","39.432037","-77.417999","super bowl"
"704779984699793408","2016-03-01 21:26:57","41.117935","-77.604683","super bowl"
"704780193035112449","2016-03-01 21:27:46","39.432037","-77.417999","super bowl"
"704780552667148288","2016-03-01 21:29:12","35.843983","-78.657837","super bowl"
"704780554969980929","2016-03-01 21:29:13","39.145023","-75.386459","super bowl"
"704780719021752320","2016-03-01 21:29:52","44.791416","-68.742104","super bowl"
"704781486801682434","2016-03-01 21:32:55","40.004868","-75.117996","super bowl"
"704782655561326592","2016-03-01 21:37:33","40.004868","-75.117996","super bowl"
"704785074668105729","2016-03-01 21:47:10","38.304558","-92.436775","super bowl"
"704785657202343936","2016-03-01 21:49:29","41.207829","-73.126205","super bowl"
"704785866955341824","2016-03-01 21:50:19","39.929359","-75.295853","super bowl"
"704786091858108416","2016-03-01 21:51:13","52.804157","-2.104833","super bowl"
"704786335425437696","2016-03-01 21:52:11","40.524776","-88.991531","super bowl"
"704787483482038272","2016-03-01 21:56:45","54.667202","-6.813510","super bowl"
"704787680463331330","2016-03-01 21:57:32","54.667202","-6.813510","super bowl"
"704790357062635521","2016-03-01 22:08:10","43.085117","-83.622482","super bowl"
"704790696474107905","2016-03-01 22:09:31","37.822243","-85.768242","super bowl"
"704790849822003200","2016-03-01 22:10:07","39.411701","-76.533791","super bowl"
"704790932504354816","2016-03-01 22:10:27","25.699448","-80.271088","super bowl"
"704791076112977924","2016-03-01 22:11:01","36.232914","-115.223122","super bowl"
"704791195931705344","2016-03-01 22:11:30","37.842304","-121.962448","super bowl"
"704791410977865728","2016-03-01 22:12:21","21.319944","-157.799591","super bowl"
"704792912140304384","2016-03-01 22:18:19","41.719273","-71.874496","super bowl"
"704794262228094977","2016-03-01 22:23:41","35.170498","-79.861031","super bowl"
"704794366804697088","2016-03-01 22:24:06","43.056721","-87.967293","super bowl"
"704794781281611776","2016-03-01 22:25:44","51.528320","-3.297141","super bowl"
"704795337039319040","2016-03-01 22:27:57","37.791992","-122.228683","super bowl"
"704795429104443392","2016-03-01 22:28:19","44.819523","-91.509720","super bowl"
"704796037807017985","2016-03-01 22:30:44","38.664711","-90.331879","super bowl"
"704796299309260800","2016-03-01 22:31:46","45.057411","-93.068359","super bowl"
"704797616911986688","2016-03-01 22:37:01","38.997936","-105.550888","super bowl"
"704799251432341504","2016-03-01 22:43:30","38.996971","-76.934486","super bowl"
"704801774662770693","2016-03-01 22:53:32","33.196602","-87.533409","super bowl"
"704802080947638273","2016-03-01 22:54:45","42.579002","-83.148041","super bowl"
"704802757853749251","2016-03-01 22:57:26","38.996971","-76.934486","super bowl"
"704804413194571777","2016-03-01 23:04:01","40.004868","-75.117996","super bowl"
"704804692484825088","2016-03-01 23:05:07","42.843227","-71.739052","super bowl"
"704804947980779520","2016-03-01 23:06:08","34.053123","-118.419601","super bowl"
"704806626474131456","2016-03-01 23:12:49","39.905476","-104.949844","super bowl"
"704806848399056896","2016-03-01 23:13:41","38.996971","-76.934486","super bowl"
"704806952551972864","2016-03-01 23:14:06","44.902500","-93.565742","super bowl"
"704809357880532992","2016-03-01 23:23:40","38.898602","-77.014397","super bowl"
"704809776170078210","2016-03-01 23:25:20","40.780708","-73.968544","super bowl"
"704812073998553088","2016-03-01 23:34:27","28.501678","-81.367775","super bowl"
"704814292084912131","2016-03-01 23:43:16","40.705597","-73.977715","super bowl"
"704815203846737920","2016-03-01 23:46:54","27.698683","-83.804474","super bowl"
"704815781528236032","2016-03-01 23:49:11","29.838495","-95.446487","super bowl"
"704818609478979585","2016-03-02 00:00:26","32.678207","-83.173866","super bowl"
"704821558401847300","2016-03-02 00:12:09","33.392883","-111.928139","super bowl"
"704821731941343232","2016-03-02 00:12:50","30.415840","-91.182808","super bowl"
"704824651831222273","2016-03-02 00:24:26","-15.776254","-47.796623","super bowl"
"704825420638588929","2016-03-02 00:27:29","32.779968","-97.285912","super bowl"
"704825693415149568","2016-03-02 00:28:34","23.150549","120.345276","super bowl"
"704826997361537024","2016-03-02 00:33:45","35.209061","-80.846786","super bowl"
"704827876424568832","2016-03-02 00:37:15","41.537945","-90.597443","super bowl"
"704828049536102400","2016-03-02 00:37:56","26.721895","-80.122620","super bowl"
"704828053445152768","2016-03-02 00:37:57","33.061241","-96.734901","super bowl"
"704832344956411904","2016-03-02 00:55:00","38.269550","-104.622772","super bowl"
"704832937150140418","2016-03-02 00:57:22","34.751938","-92.131271","super bowl"
"704836205448450048","2016-03-02 01:10:21","40.783539","-77.858109","super bowl"
"704836337216651265","2016-03-02 01:10:52","40.365162","-82.669464","super bowl"
"704839969106436098","2016-03-02 01:25:18","41.833584","-87.732010","super bowl"
"704841451675500544","2016-03-02 01:31:12","53.679199","-1.508545","super bowl"
"704841858640285696","2016-03-02 01:32:49","38.477970","-90.532219","super bowl"
"704842203743580160","2016-03-02 01:34:11","41.817085","-71.421829","super bowl"
"704843137160712192","2016-03-02 01:37:53","39.994682","-82.985771","super bowl"
"704844672745775105","2016-03-02 01:44:00","40.004868","-75.117996","super bowl"
"704847916926689281","2016-03-02 01:56:53","41.283096","-75.867661","super bowl"
"704848331693006848","2016-03-02 01:58:32","40.004868","-75.117996","super bowl"
"704848624975376384","2016-03-02 01:59:42","45.586449","-122.592323","super bowl"
"704850679135805440","2016-03-02 02:07:52","21.390697","-157.735840","super bowl"
"704851153964699649","2016-03-02 02:09:45","33.631142","-80.926628","super bowl"
"704852756662714368","2016-03-02 02:16:07","32.440510","-81.800575","super bowl"
"704852762467704832","2016-03-02 02:16:08","35.568436","-80.864555","super bowl"
"704853263758311428","2016-03-02 02:18:08","42.896229","-78.853561","super bowl"
"704853334507839488","2016-03-02 02:18:25","41.407429","-80.381477","super bowl"
"704854561517760513","2016-03-02 02:23:17","29.603464","-95.631691","super bowl"
"704857962385281024","2016-03-02 02:36:48","36.200008","-86.791550","super bowl"
"704859768591147009","2016-03-02 02:43:59","43.056721","-87.967293","super bowl"
"704861723619041280","2016-03-02 02:51:45","37.994133","-122.281609","super bowl"
"704863798532947969","2016-03-02 02:59:59","35.133522","-89.922028","super bowl"
"704864652891652101","2016-03-02 03:03:23","32.678207","-83.173866","super bowl"
"704867628024733696","2016-03-02 03:15:12","26.636480","-81.986832","super bowl"
"704867729526755328","2016-03-02 03:15:37","36.392281","-97.900284","super bowl"
"704868039276236800","2016-03-02 03:16:51","38.748356","-77.487022","super bowl"
"704869160380043264","2016-03-02 03:21:18","32.342709","-111.032310","super bowl"
"704870303592222720","2016-03-02 03:25:50","-9.533330","-35.687111","super bowl"
"704870732648587265","2016-03-02 03:27:33","-23.804049","-46.530655","super bowl"
"704871415380582400","2016-03-02 03:30:15","42.780777","-71.091400","super bowl"
"704871843463831552","2016-03-02 03:31:58","39.209930","-96.574593","super bowl"
"704871909977104384","2016-03-02 03:32:13","40.790512","-74.024506","super bowl"
"704872530008547329","2016-03-02 03:34:41","-29.915337","-51.177200","super bowl"
"704872692617359360","2016-03-02 03:35:20","38.304558","-92.436775","super bowl"
"704873023191572480","2016-03-02 03:36:39","32.678207","-83.173866","super bowl"
"704873800454660097","2016-03-02 03:39:44","37.683594","-121.760078","super bowl"
"704873844297830401","2016-03-02 03:39:55","10.958073","-74.849930","super bowl"
"704874146572967936","2016-03-02 03:41:07","41.487740","-74.374733","super bowl"
"704876259822538753","2016-03-02 03:49:30","37.813778","-121.959534","super bowl"
"704878822571704320","2016-03-02 03:59:41","33.889488","-118.400887","super bowl"
"704880906570481664","2016-03-02 04:07:58","36.200008","-86.791550","super bowl"
"704880997662208000","2016-03-02 04:08:20","33.125046","-95.607079","super bowl"
"704881169901477889","2016-03-02 04:09:01","35.209061","-80.846786","super bowl"
"704883661787648001","2016-03-02 04:18:55","29.982601","-90.011009","super bowl"
"704884452887900160","2016-03-02 04:22:04","39.389771","-74.612244","super bowl"
"704884898453069825","2016-03-02 04:23:50","47.614819","-122.330605","super bowl"
"704885141815103488","2016-03-02 04:24:48","40.655136","-73.948776","super bowl"
"704886960712654848","2016-03-02 04:32:02","33.972515","-117.721764","super bowl"
"704887589958918144","2016-03-02 04:34:32","34.101212","-118.113297","super bowl"
"704892031584378880","2016-03-02 04:52:11","4.355365","100.970505","super bowl"
"704894296143560705","2016-03-02 05:01:11","29.957359","-95.424271","super bowl"
"704894453341884416","2016-03-02 05:01:48","29.838495","-95.446487","super bowl"
"704899275612889088","2016-03-02 05:20:58","29.838495","-95.446487","super bowl"
"704900199563587584","2016-03-02 05:24:38","4.355365","100.970505","super bowl"
"704900234548277249","2016-03-02 05:24:46","4.355365","100.970505","super bowl"
"704905425494401025","2016-03-02 05:45:24","37.331158","-121.873734","super bowl"
"704906221959122945","2016-03-02 05:48:34","40.670879","-73.831184","super bowl"
"704914206596976641","2016-03-02 06:20:18","45.510139","-122.433197","super bowl"
"704919639348928512","2016-03-02 06:41:53","41.914154","-87.625214","super bowl"
"704920509595652096","2016-03-02 06:45:20","44.970612","-93.262047","super bowl"
"704923317078265856","2016-03-02 06:56:30","41.510952","-87.966118","super bowl"
"704923384937902080","2016-03-02 06:56:46","32.189392","-110.915573","super bowl"
"704930348757557248","2016-03-02 07:24:26","27.737150","-97.432426","super bowl"
"704942583148105729","2016-03-02 08:13:03","37.641270","-122.085777","super bowl"
"704948507317280768","2016-03-02 08:36:36","40.360909","-79.905701","super bowl"
"704956523986984960","2016-03-02 09:08:27","40.004868","-75.117996","super bowl"
"704966053940465665","2016-03-02 09:46:19","34.020790","-118.411903","super bowl"
"704975519960293376","2016-03-02 10:23:56","34.418774","-117.319092","super bowl"
"704979460660051968","2016-03-02 10:39:35","44.546715","-69.649704","super bowl"
"704980481301991424","2016-03-02 10:43:39","51.539146","-0.077571","super bowl"
"704994600876904448","2016-03-02 11:39:45","4.355365","100.970505","super bowl"
"704997870404050944","2016-03-02 11:52:45","48.858833","2.347003","super bowl"
"705000004646121473","2016-03-02 12:01:14","-37.972569","145.053131","super bowl"
"705002480938164225","2016-03-02 12:11:04","-15.776254","-47.796623","super bowl"
"705027143579934721","2016-03-02 13:49:04","40.750347","-86.352165","super bowl"
"705031732018282496","2016-03-02 14:07:18","38.997936","-105.550888","super bowl"
"705033837605220352","2016-03-02 14:15:40","25.816965","-80.132965","super bowl"
"705033979108462592","2016-03-02 14:16:14","40.752457","-84.114021","super bowl"
"705035311487852544","2016-03-02 14:21:31","39.739300","-89.266510","super bowl"
"705035370719801344","2016-03-02 14:21:45","1.360371","103.888107","super bowl"
"705036451407380480","2016-03-02 14:26:03","41.117935","-77.604683","super bowl"
"705036960679616514","2016-03-02 14:28:05","37.705044","-122.162292","super bowl"
"705037913977786368","2016-03-02 14:31:52","37.705044","-122.162292","super bowl"
"705039865168039936","2016-03-02 14:39:37","32.984253","-97.195351","super bowl"
"705047244521603073","2016-03-02 15:08:56","32.335323","-96.101395","super bowl"
"705047760383270912","2016-03-02 15:10:59","30.083158","-95.990173","super bowl"
"705048676293550081","2016-03-02 15:14:38","41.495941","-81.705467","super bowl"
"705048698720538624","2016-03-02 15:14:43","40.000027","-74.993927","super bowl"
"705049916306038784","2016-03-02 15:19:33","47.377468","8.536762","super bowl"
"705056154448175104","2016-03-02 15:44:21","40.055042","-79.901695","super bowl"
"705056479775055873","2016-03-02 15:45:38","29.982601","-90.011009","super bowl"
"705057397459587072","2016-03-02 15:49:17","41.403507","-81.832970","super bowl"
"705057505471283200","2016-03-02 15:49:43","40.670784","-74.106369","super bowl"
"705057514967212032","2016-03-02 15:49:45","42.815739","-1.649601","super bowl"
"705057710966857728","2016-03-02 15:50:32","29.838495","-95.446487","super bowl"
"705058211582185472","2016-03-02 15:52:31","35.309048","-98.716995","super bowl"
"705058988065312768","2016-03-02 15:55:36","34.415630","-118.503258","super bowl"
"705062748095451136","2016-03-02 16:10:33","40.813885","-72.643829","super bowl"
"705064226755362817","2016-03-02 16:16:25","33.767193","-84.433105","super bowl"
"705065584535474176","2016-03-02 16:21:49","37.229290","-80.428864","super bowl"
"705066747846598656","2016-03-02 16:26:26","8.421673","-80.095413","super bowl"
"705070995619627008","2016-03-02 16:43:19","37.455143","-76.808769","super bowl"
"705071274280804352","2016-03-02 16:44:26","39.791679","-75.149269","super bowl"
"705074934163349506","2016-03-02 16:58:58","33.631142","-80.926628","super bowl"
"705075125448671232","2016-03-02 16:59:44","38.003376","-79.420868","super bowl"
"705075140569206785","2016-03-02 16:59:47","38.996971","-76.934486","super bowl"
"705077447536947200","2016-03-02 17:08:57","47.743504","-122.074875","super bowl"
"705079620283060224","2016-03-02 17:17:35","33.295216","-111.738564","super bowl"
"705082053587554304","2016-03-02 17:27:16","36.200008","-86.791550","super bowl"
"705082513203580929","2016-03-02 17:29:05","42.197968","-85.569870","super bowl"
"705082548628627456","2016-03-02 17:29:14","37.794842","-122.395439","super bowl"
"705082811863207936","2016-03-02 17:30:16","51.514481","-0.092911","super bowl"
"705083264600580096","2016-03-02 17:32:04","40.780708","-73.968544","super bowl"
"705087497861206016","2016-03-02 17:48:54","29.779970","-95.457222","super bowl"
"705088051903664128","2016-03-02 17:51:06","33.767193","-84.433105","super bowl"
"705088539147542528","2016-03-02 17:53:02","40.176304","-75.545425","super bowl"
"705090158585057280","2016-03-02 17:59:28","35.843983","-78.657837","super bowl"
"705090413091282944","2016-03-02 18:00:29","39.959930","-75.605774","super bowl"
"705091371703672832","2016-03-02 18:04:17","42.610901","-71.230675","super bowl"
"705092023255060480","2016-03-02 18:06:52","40.023983","-105.242683","super bowl"
"705093316547891200","2016-03-02 18:12:01","35.209061","-80.846786","super bowl"
"705093928647700480","2016-03-02 18:14:27","34.125771","-117.767357","super bowl"
"705095692885364737","2016-03-02 18:21:27","41.495941","-81.705467","super bowl"
"705096492223172608","2016-03-02 18:24:38","42.110703","-80.087029","super bowl"
"705096669092835330","2016-03-02 18:25:20","41.918568","-87.667847","super bowl"
"705096987847168001","2016-03-02 18:26:36","44.546925","-95.108826","super bowl"
"705097171494903810","2016-03-02 18:27:20","35.346901","-119.025162","super bowl"
"705103645151465473","2016-03-02 18:53:03","27.698683","-83.804474","super bowl"
"705104418019082241","2016-03-02 18:56:08","10.035431","-67.491852","super bowl"
"705104684927684608","2016-03-02 18:57:11","29.972668","-95.192680","super bowl"
"705104748375052288","2016-03-02 18:57:26","38.195557","-85.722343","super bowl"
"705106170491568128","2016-03-02 19:03:05","41.833584","-87.732010","super bowl"
"705106635010629632","2016-03-02 19:04:56","30.585470","-96.291649","super bowl"
"705108769374654464","2016-03-02 19:13:25","42.581306","-83.030571","super bowl"
"705110673940873217","2016-03-02 19:20:59","32.779968","-97.285912","super bowl"
"705112365214392320","2016-03-02 19:27:42","27.817240","-82.718407","super bowl"
"705112455714746370","2016-03-02 19:28:04","45.630589","-122.588974","super bowl"
"705113336774422528","2016-03-02 19:31:34","32.860386","-97.224319","super bowl"
"705113634033242112","2016-03-02 19:32:45","-25.752605","28.184067","super bowl"
"705115366649892864","2016-03-02 19:39:38","-14.239565","-53.184834","super bowl"
"705116199445733376","2016-03-02 19:42:57","40.073040","-74.724319","super bowl"
"705116485006598144","2016-03-02 19:44:05","44.900818","-89.569489","super bowl"
"705120899226161152","2016-03-02 20:01:37","41.663837","-87.857109","super bowl"
"705121279402242049","2016-03-02 20:03:08","32.848816","-83.654076","super bowl"
"705121302906974208","2016-03-02 20:03:13","29.497156","-95.087029","super bowl"
"705122153272770560","2016-03-02 20:06:36","35.222301","-97.445175","super bowl"
"705124171320332288","2016-03-02 20:14:37","35.110130","-81.068779","super bowl"
"705125641348390913","2016-03-02 20:20:28","40.176304","-75.545425","super bowl"
"705127519859707906","2016-03-02 20:27:56","27.300686","-80.300232","super bowl"
"705127911720886273","2016-03-02 20:29:29","45.108097","-93.340759","super bowl"
"705128803920556032","2016-03-02 20:33:02","45.504711","-122.804726","super bowl"
"705129009034764291","2016-03-02 20:33:51","36.200008","-86.791550","super bowl"
"705129321938161664","2016-03-02 20:35:05","42.746613","-73.825287","super bowl"
"705129656626753536","2016-03-02 20:36:25","45.504711","-122.804726","super bowl"
"705130000157171712","2016-03-02 20:37:47","36.200008","-86.791550","super bowl"
"705130906302812161","2016-03-02 20:41:23","32.811768","-98.093124","super bowl"
"705131018546577408","2016-03-02 20:41:50","39.713562","-104.922096","super bowl"
"705132596104142848","2016-03-02 20:48:06","38.003376","-79.420868","super bowl"
"705133252265160704","2016-03-02 20:50:42","37.791992","-122.228683","super bowl"
"705135745476927488","2016-03-02 21:00:37","39.473484","-76.545547","super bowl"
"705137366755893250","2016-03-02 21:07:03","34.579681","-118.083397","super bowl"
"705137673506193408","2016-03-02 21:08:16","38.304558","-92.436775","super bowl"
"705139899398094849","2016-03-02 21:17:07","34.020790","-118.411903","super bowl"
"705140924834258944","2016-03-02 21:21:12","28.017012","-82.506287","super bowl"
"705143644945195009","2016-03-02 21:32:00","29.838495","-95.446487","super bowl"
"705144779890429952","2016-03-02 21:36:31","38.793621","-77.277153","super bowl"
"705147121880723456","2016-03-02 21:45:49","28.501678","-81.367775","super bowl"
"705148139829854208","2016-03-02 21:49:52","-1.665726","-83.600800","super bowl"
"705148537634328576","2016-03-02 21:51:27","32.819859","-96.761749","super bowl"
"705148721416282113","2016-03-02 21:52:10","39.955276","-75.275284","super bowl"
"705152727785959424","2016-03-02 22:08:06","30.585470","-96.291649","super bowl"
"705152824758427648","2016-03-02 22:08:29","39.911053","-75.326546","super bowl"
"705153859702882309","2016-03-02 22:12:35","39.154152","-76.704628","super bowl"
"705155166199279616","2016-03-02 22:17:47","44.846199","-93.459427","super bowl"
"705155510157369345","2016-03-02 22:19:09","33.767193","-84.433105","super bowl"
"705155983652331521","2016-03-02 22:21:02","33.767193","-84.433105","super bowl"
"705156362544750595","2016-03-02 22:22:32","28.904591","-81.220009","super bowl"
"705157122099695616","2016-03-02 22:25:33","42.313671","-71.088715","super bowl"
"705157541618122752","2016-03-02 22:27:13","42.036938","-71.683502","super bowl"
"705157786120822784","2016-03-02 22:28:12","33.552864","-112.124680","super bowl"
"705158842775113728","2016-03-02 22:32:23","40.670879","-73.831184","super bowl"
"705161044180799488","2016-03-02 22:41:08","42.313671","-71.088715","super bowl"
"705161334820839425","2016-03-02 22:42:18","39.701584","-75.795197","super bowl"
"705163618187243520","2016-03-02 22:51:22","38.997936","-105.550888","super bowl"
"705164848028581890","2016-03-02 22:56:15","33.802811","-84.286469","super bowl"
"705165387051077632","2016-03-02 22:58:24","41.190868","-80.759415","super bowl"
"705167356419379201","2016-03-02 23:06:13","32.863918","-96.961479","super bowl"
"705169198440288256","2016-03-02 23:13:32","34.834290","-87.651047","super bowl"
"705169317227315200","2016-03-02 23:14:01","53.774090","-2.701638","super bowl"
"705173288624848896","2016-03-02 23:29:48","39.713562","-104.922096","super bowl"
"705173441339482112","2016-03-02 23:30:24","33.045010","-117.253906","super bowl"
"705175997469949953","2016-03-02 23:40:33","37.770657","-122.435982","super bowl"
"705176925833039872","2016-03-02 23:44:15","35.309048","-98.716995","super bowl"
"705177076614066176","2016-03-02 23:44:51","40.050297","-86.011650","super bowl"
"705177235385241600","2016-03-02 23:45:29","43.629311","-79.272568","super bowl"
"705177405472636932","2016-03-02 23:46:09","29.417501","-98.540649","super bowl"
"705177988665577473","2016-03-02 23:48:28","-33.863361","151.217026","super bowl"
"705178175492399104","2016-03-02 23:49:13","31.168894","-100.076889","super bowl"
"705180468862394372","2016-03-02 23:58:20","39.583038","-86.145317","super bowl"
"705536777994571776","2016-03-03 23:34:10","34.354671","-89.533768","super bowl"
"705536895481049088","2016-03-03 23:34:38","34.415630","-118.503258","super bowl"
"705537304966918144","2016-03-03 23:36:16","39.022247","-84.435936","super bowl"
"705540710485913600","2016-03-03 23:49:48","40.044109","-75.444664","super bowl"
"705540956066607105","2016-03-03 23:50:46","39.208344","-84.375832","super bowl"
"705541498268459009","2016-03-03 23:52:56","41.393471","-72.920914","super bowl"
"705545850240413697","2016-03-04 00:10:13","37.791992","-122.228683","super bowl"
"705546099671478272","2016-03-04 00:11:13","37.331158","-121.873734","super bowl"
"705547043889090560","2016-03-04 00:14:58","39.065006","-76.848068","super bowl"
"705547449822285824","2016-03-04 00:16:35","-8.043603","-34.939350","super bowl"
"705549407807213569","2016-03-04 00:24:21","-33.014362","-58.527782","super bowl"
"705550680585596928","2016-03-04 00:29:25","35.230488","-89.814880","super bowl"
"705551241292591104","2016-03-04 00:31:39","42.712048","-84.557899","super bowl"
"705551779732312064","2016-03-04 00:33:47","40.004868","-75.117996","super bowl"
"705551788523433984","2016-03-04 00:33:49","33.030083","-97.103142","super bowl"
"705554928371113987","2016-03-04 00:46:18","37.822243","-85.768242","super bowl"
"705555762450448384","2016-03-04 00:49:37","34.529190","-82.627937","super bowl"
"705556342430310400","2016-03-04 00:51:55","40.035744","-86.136612","super bowl"
"705561985618804736","2016-03-04 01:14:20","34.020790","-118.411903","super bowl"
"705565688635723776","2016-03-04 01:29:03","40.859833","-74.158127","super bowl"
"705566424102645760","2016-03-04 01:31:58","41.938229","-93.389862","super bowl"
"705567790409846784","2016-03-04 01:37:24","39.239666","-94.434517","super bowl"
"705570317469495296","2016-03-04 01:47:27","41.938229","-93.389862","super bowl"
"705571107999457280","2016-03-04 01:50:35","-22.911423","-43.441578","super bowl"
"705573617665355777","2016-03-04 02:00:34","39.284714","-76.620483","super bowl"
"705576407917830144","2016-03-04 02:11:39","3.043993","101.517555","super bowl"
"705576438674620416","2016-03-04 02:11:46","40.696175","-74.267242","super bowl"
"705578577547411456","2016-03-04 02:20:16","35.209061","-80.846786","super bowl"
"705579827391303680","2016-03-04 02:25:14","25.711706","-80.295883","super bowl"
"705582649017028608","2016-03-04 02:36:27","39.625027","-75.836723","super bowl"
"705583280767152129","2016-03-04 02:38:57","32.678207","-83.173866","super bowl"
"705583534648463360","2016-03-04 02:39:58","39.994682","-82.985771","super bowl"
"705585945509289984","2016-03-04 02:49:33","35.170498","-79.861031","super bowl"
"705586297696432128","2016-03-04 02:50:57","34.020790","-118.411903","super bowl"
"705588752035373057","2016-03-04 03:00:42","29.424826","-95.275993","super bowl"
"705589285437591552","2016-03-04 03:02:49","42.783455","-96.172432","super bowl"
"705591806805803013","2016-03-04 03:12:50","40.639702","-74.366409","super bowl"
"705592822972321793","2016-03-04 03:16:52","35.209061","-80.846786","super bowl"
"705594745666576384","2016-03-04 03:24:31","37.794842","-122.395439","super bowl"
"705595350795419648","2016-03-04 03:26:55","45.536404","-122.630905","super bowl"
"705595491615019009","2016-03-04 03:27:29","30.323345","-97.754723","super bowl"
"705599816567496704","2016-03-04 03:44:40","36.965672","-86.435509","super bowl"
"705600987222781952","2016-03-04 03:49:19","39.624409","-104.900162","super bowl"
"705603161445109760","2016-03-04 03:57:57","34.020790","-118.411903","super bowl"
"705604097852854272","2016-03-04 04:01:41","47.667439","-117.434547","super bowl"
"705607572372459520","2016-03-04 04:15:29","41.152512","-81.840904","super bowl"
"705608800125001729","2016-03-04 04:20:22","41.833584","-87.732010","super bowl"
"705612048810442752","2016-03-04 04:33:16","37.414371","-122.144028","super bowl"
"705616158188183553","2016-03-04 04:49:36","-33.848244","150.931976","super bowl"
"705617035175170048","2016-03-04 04:53:05","34.181957","-119.165390","super bowl"
"705618454825537536","2016-03-04 04:58:44","29.684158","-95.410622","super bowl"
"705619417061859328","2016-03-04 05:02:33","30.683649","-88.161552","super bowl"
"705619735719751680","2016-03-04 05:03:49","38.498196","-98.319923","super bowl"
"705619973373210624","2016-03-04 05:04:46","38.888519","-104.789330","super bowl"
"705621358827347969","2016-03-04 05:10:16","-30.099836","-51.159309","super bowl"
"705621653712076800","2016-03-04 05:11:26","27.795719","-82.672905","super bowl"
"705622714979987456","2016-03-04 05:15:39","39.375072","-104.859573","super bowl"
"705624499849277440","2016-03-04 05:22:45","40.734493","-74.184845","super bowl"
"705627606729633792","2016-03-04 05:35:06","44.145435","-120.583405","super bowl"
"705631421373677568","2016-03-04 05:50:15","42.570557","-83.499977","super bowl"
"705632434008645632","2016-03-04 05:54:16","39.136097","-77.207932","super bowl"
"705632497678184448","2016-03-04 05:54:32","34.020790","-118.411903","super bowl"
"705632797491265537","2016-03-04 05:55:43","38.888519","-104.789330","super bowl"
"705633232570576899","2016-03-04 05:57:27","40.655136","-73.948776","super bowl"
"705645099871416324","2016-03-04 06:44:36","4.355365","100.970505","super bowl"
"705645553917382656","2016-03-04 06:46:24","44.970612","-93.262047","super bowl"
"705648130373472256","2016-03-04 06:56:39","33.552864","-112.124680","super bowl"
"705652303450152960","2016-03-04 07:13:14","49.247509","-123.073502","super bowl"
"705652468546273280","2016-03-04 07:13:53","40.004868","-75.117996","super bowl"
"705652863268048897","2016-03-04 07:15:27","40.004868","-75.117996","super bowl"
"705657485319753728","2016-03-04 07:33:49","36.699474","-119.560890","super bowl"
"705661500074041344","2016-03-04 07:49:46","45.526962","-122.649742","super bowl"
"705664849590816768","2016-03-04 08:03:05","27.997009","-81.692337","super bowl"
"705675282791858176","2016-03-04 08:44:32","34.020790","-118.411903","super bowl"
"705691901761069056","2016-03-04 09:50:35","4.828516","7.003183","super bowl"
"705693686282096640","2016-03-04 09:57:40","14.625680","121.033302","super bowl"
"705719669018267648","2016-03-04 11:40:55","27.698683","-83.804474","super bowl"
"705722660366524416","2016-03-04 11:52:48","30.476215","-84.266174","super bowl"
"705724189341315072","2016-03-04 11:58:53","43.052608","-76.128815","super bowl"
"705726920445587456","2016-03-04 12:09:44","27.996595","-82.442696","super bowl"
"705728264644468736","2016-03-04 12:15:04","-18.636639","-46.417168","super bowl"
"705728913482375169","2016-03-04 12:17:39","48.858833","2.347003","super bowl"
"705730189544824832","2016-03-04 12:22:43","45.683105","-122.524330","super bowl"
"705734107012186112","2016-03-04 12:38:17","38.710686","-77.148079","super bowl"
"705751010359287808","2016-03-04 13:45:27","42.424953","-71.110817","super bowl"
"705754779872583680","2016-03-04 14:00:26","38.792461","-77.335777","super bowl"
"705755582939029505","2016-03-04 14:03:37","47.094826","-122.357574","super bowl"
"705755685322170377","2016-03-04 14:04:02","35.436592","-88.645790","super bowl"
"705757400981229569","2016-03-04 14:10:51","38.805115","-77.236969","super bowl"
"705758720802824192","2016-03-04 14:16:06","48.858833","2.347003","super bowl"
"705759565053337600","2016-03-04 14:19:27","38.805115","-77.236969","super bowl"
"705765198825713670","2016-03-04 14:41:50","34.073345","-84.280197","super bowl"
"705766989676093441","2016-03-04 14:48:57","38.003376","-79.420868","super bowl"
"705767381470191616","2016-03-04 14:50:30","37.789646","-81.181198","super bowl"
"705774082583711744","2016-03-04 15:17:08","33.439297","-112.315208","super bowl"
"705774866511880193","2016-03-04 15:20:15","54.063301","-2.884240","super bowl"
"705776252313972736","2016-03-04 15:25:45","34.020790","-118.411903","super bowl"
"705777511569948672","2016-03-04 15:30:46","-22.911423","-43.441578","super bowl"
"705777751874142209","2016-03-04 15:31:43","47.701786","-116.793747","super bowl"
"705777976718262273","2016-03-04 15:32:37","33.631142","-80.926628","super bowl"
"705778713162555392","2016-03-04 15:35:32","40.662479","-74.196526","super bowl"
"705780451491901441","2016-03-04 15:42:27","40.572376","-74.153946","super bowl"
"705786322451992577","2016-03-04 16:05:46","37.770657","-122.435982","super bowl"
"705788115785539585","2016-03-04 16:12:54","45.484829","-73.599510","super bowl"
"705788785401815040","2016-03-04 16:15:34","39.739300","-89.266510","super bowl"
"705788886018985984","2016-03-04 16:15:58","29.838495","-95.446487","super bowl"
"705789195982209024","2016-03-04 16:17:11","30.323345","-97.754723","super bowl"
"705790347541155840","2016-03-04 16:21:46","42.725231","25.481745","super bowl"
"705793511141015553","2016-03-04 16:34:20","45.535275","10.223814","super bowl"
"705793721657225216","2016-03-04 16:35:10","40.564190","-105.063942","super bowl"
"705795035007164420","2016-03-04 16:40:24","39.697472","-105.009163","super bowl"
"705797679004012544","2016-03-04 16:50:54","39.100048","-94.559280","super bowl"
"705798931595325440","2016-03-04 16:55:53","41.659481","-83.453491","super bowl"
"705799102995505153","2016-03-04 16:56:33","42.593647","-5.582537","super bowl"
"705801065392959488","2016-03-04 17:04:21","29.838495","-95.446487","super bowl"
"705801168857878528","2016-03-04 17:04:46","37.705044","-122.162292","super bowl"
"705801533615529984","2016-03-04 17:06:13","38.003376","-79.420868","super bowl"
"705804102509338624","2016-03-04 17:16:25","36.654839","-93.266251","super bowl"
"705804978368049152","2016-03-04 17:19:54","36.654839","-93.266251","super bowl"
"705807472146014208","2016-03-04 17:29:49","46.734707","-117.000732","super bowl"
"705807692112113665","2016-03-04 17:30:41","31.168894","-100.076889","super bowl"
"705807926863257600","2016-03-04 17:31:37","39.008350","-77.017853","super bowl"
"705808631745216513","2016-03-04 17:34:25","39.713562","-104.922096","super bowl"
"705810126041694209","2016-03-04 17:40:22","40.655136","-73.948776","super bowl"
"705811858876440576","2016-03-04 17:47:15","37.090302","-76.507812","super bowl"
"705815739782053888","2016-03-04 18:02:40","36.736191","-84.170052","super bowl"
"705815871659184128","2016-03-04 18:03:11","40.803234","-96.696564","super bowl"
"705816097778368512","2016-03-04 18:04:05","40.803234","-96.696564","super bowl"
"705816299931246592","2016-03-04 18:04:53","40.803234","-96.696564","super bowl"
"705822094895005696","2016-03-04 18:27:55","41.160252","-81.350433","super bowl"
"705822216391360512","2016-03-04 18:28:24","40.224861","-74.650742","super bowl"
"705823007672045568","2016-03-04 18:31:33","42.515053","-70.907524","super bowl"
"705828654866104320","2016-03-04 18:53:59","38.965553","-76.977119","super bowl"
"705828858491064320","2016-03-04 18:54:48","38.498196","-98.319923","super bowl"
"705829764171501569","2016-03-04 18:58:24","44.927631","-93.400139","super bowl"
"705830023446577153","2016-03-04 18:59:25","41.833584","-87.732010","super bowl"
"705830831722532864","2016-03-04 19:02:38","42.839409","-78.749336","super bowl"
"705831066754355200","2016-03-04 19:03:34","32.527725","-92.701942","super bowl"
"705831821552947203","2016-03-04 19:06:34","33.202496","-97.114769","super bowl"
"705835398510022657","2016-03-04 19:20:47","4.828516","7.003183","super bowl"
"705835504521060356","2016-03-04 19:21:12","35.209061","-80.846786","super bowl"
"705837198759874560","2016-03-04 19:27:56","40.459534","-90.674210","super bowl"
"705837238911950848","2016-03-04 19:28:06","40.001339","-74.188034","super bowl"
"705839571955613696","2016-03-04 19:37:22","36.331345","-119.637154","super bowl"
"705839781389840385","2016-03-04 19:38:12","49.264168","-123.114456","super bowl"
"705842322664194049","2016-03-04 19:48:18","40.752457","-84.114021","super bowl"
"705846746761568257","2016-03-04 20:05:53","33.442425","-84.151146","super bowl"
"705850444703100928","2016-03-04 20:20:34","40.655136","-73.948776","super bowl"
"705850779836538880","2016-03-04 20:21:54","34.020790","-118.411903","super bowl"
"705856542277550080","2016-03-04 20:44:48","55.943195","-3.203008","super bowl"
"705856964190810112","2016-03-04 20:46:29","37.770657","-122.435982","super bowl"
"705857636835708929","2016-03-04 20:49:09","54.341805","10.125753","super bowl"
"705858700628647936","2016-03-04 20:53:23","15.201132","-86.243195","super bowl"
"705861269623083013","2016-03-04 21:03:35","51.500092","-0.148936","super bowl"
"705861296013643776","2016-03-04 21:03:41","40.244835","-75.342293","super bowl"
"705863063652732929","2016-03-04 21:10:43","42.078873","-71.407745","super bowl"
"705863417836523520","2016-03-04 21:12:07","47.436897","12.424699","super bowl"
"705867450840174593","2016-03-04 21:28:09","51.544342","-3.201069","super bowl"
"705868504071692288","2016-03-04 21:32:20","38.997936","-105.550888","super bowl"
"705868671118413824","2016-03-04 21:33:00","51.260250","-0.717210","super bowl"
"705871347281469440","2016-03-04 21:43:38","41.446056","-85.260605","super bowl"
"705874014418378752","2016-03-04 21:54:14","40.655136","-73.948776","super bowl"
"705875638498889730","2016-03-04 22:00:41","41.656944","-87.613510","super bowl"
"705876955284049920","2016-03-04 22:05:55","38.003376","-79.420868","super bowl"
"705878139839197184","2016-03-04 22:10:37","41.833584","-87.732010","super bowl"
"705878452293992448","2016-03-04 22:11:52","36.625931","-4.518098","super bowl"
"705880295640174593","2016-03-04 22:19:11","26.240690","-98.245674","super bowl"
"705880588713127936","2016-03-04 22:20:21","44.900818","-89.569489","super bowl"
"705881638396411906","2016-03-04 22:24:31","40.573849","-74.667885","super bowl"
"705885789738004483","2016-03-04 22:41:01","30.403261","-91.106735","super bowl"
"705890607097647105","2016-03-04 23:00:10","54.063301","-2.884240","super bowl"
"705891181872283649","2016-03-04 23:02:27","29.903835","-90.026039","super bowl"
"705891561767178240","2016-03-04 23:03:57","45.243752","-93.659813","super bowl"
"705894546018795521","2016-03-04 23:15:49","41.080875","-81.516754","super bowl"
"705894895802818560","2016-03-04 23:17:12","42.912769","-85.604965","super bowl"
"705902700899209216","2016-03-04 23:48:13","37.615608","-122.389542","super bowl"
"705905901526503424","2016-03-05 00:00:56","35.401981","-80.631134","super bowl"
"705906788915355648","2016-03-05 00:04:28","44.001228","-71.566170","super bowl"
"705908736871817216","2016-03-05 00:12:12","42.257145","-89.017570","super bowl"
"705910369030529024","2016-03-05 00:18:41","29.749254","-95.466469","super bowl"
"705915117209264129","2016-03-05 00:37:33","41.060963","-74.740509","super bowl"
"705918300312604672","2016-03-05 00:50:12","35.309048","-98.716995","super bowl"
"705918331136507905","2016-03-05 00:50:20","30.471376","-87.252235","super bowl"
"705922586203529216","2016-03-05 01:07:14","39.963249","-86.132446","super bowl"
"705922834904674306","2016-03-05 01:08:13","37.986542","-122.520729","super bowl"
"705929925669187584","2016-03-05 01:36:24","32.405582","-96.839577","super bowl"
"705933263668379648","2016-03-05 01:49:40","-30.099836","-51.159309","super bowl"
"705933291384209409","2016-03-05 01:49:46","47.614819","-122.330605","super bowl"
"705936395588599809","2016-03-05 02:02:07","36.060963","-115.135162","super bowl"
"705937303676526593","2016-03-05 02:05:43","38.387806","-75.070236","super bowl"
"705938945452982273","2016-03-05 02:12:14","39.779564","-86.142921","super bowl"
"705940096994775040","2016-03-05 02:16:49","35.064854","-90.147842","super bowl"
"705945834626662400","2016-03-05 02:39:37","33.033890","-96.700027","super bowl"
"705946319458689024","2016-03-05 02:41:33","45.165745","-93.320129","super bowl"
"705946901955387392","2016-03-05 02:43:51","3.043993","101.517555","super bowl"
"705947930746855426","2016-03-05 02:47:57","41.160252","-81.350433","super bowl"
"705969134270451712","2016-03-05 04:12:12","29.982601","-90.011009","super bowl"
"705970078467031040","2016-03-05 04:15:57","45.536404","-122.630905","super bowl"
"705972269869195265","2016-03-05 04:24:40","39.899288","-105.068352","super bowl"
"705977738558099456","2016-03-05 04:46:23","33.631142","-80.926628","super bowl"
"705978242763608064","2016-03-05 04:48:24","47.614819","-122.330605","super bowl"
"705979280459763712","2016-03-05 04:52:31","39.959930","-75.605774","super bowl"
"705981576018993152","2016-03-05 05:01:38","41.275723","-96.053429","super bowl"
"705987336585089024","2016-03-05 05:24:32","32.196812","-95.850845","super bowl"
"705987777125601280","2016-03-05 05:26:17","37.873875","-90.527878","super bowl"
"705991045725757440","2016-03-05 05:39:16","40.302197","-74.188545","super bowl"
"705992573689602048","2016-03-05 05:45:20","41.679653","-86.290863","super bowl"
"705992621316022272","2016-03-05 05:45:32","42.891235","-71.276505","super bowl"
"705992717352865792","2016-03-05 05:45:55","41.679653","-86.290863","super bowl"
"705995576689569792","2016-03-05 05:57:16","33.061241","-96.734901","super bowl"
"705995910514393088","2016-03-05 05:58:36","14.584430","121.057289","super bowl"
"705997862467821570","2016-03-05 06:06:21","34.020790","-118.411903","super bowl"
"705998802428121089","2016-03-05 06:10:05","29.755238","-95.361847","super bowl"
"706005250247942145","2016-03-05 06:35:43","4.355201","100.970474","super bowl"
"706007082919727104","2016-03-05 06:43:00","4.355201","100.970474","super bowl"
"706010999313330176","2016-03-05 06:58:33","39.404060","-84.560905","super bowl"
"706011021622833154","2016-03-05 06:58:39","40.967247","-81.396797","super bowl"
"706017887266467840","2016-03-05 07:25:56","39.786800","-74.207161","super bowl"
"706018071174053888","2016-03-05 07:26:40","4.355365","100.970505","super bowl"
"706018519133990912","2016-03-05 07:28:26","34.020790","-118.411903","super bowl"
"706040256215306240","2016-03-05 08:54:49","4.670067","101.075264","super bowl"
"706066642606886914","2016-03-05 10:39:40","32.925201","-96.622498","super bowl"
"706067890730987520","2016-03-05 10:44:37","36.979374","-122.031189","super bowl"
"706068203361841152","2016-03-05 10:45:52","39.971592","-83.001785","super bowl"
"706068241639153664","2016-03-05 10:46:01","32.968201","-96.583298","super bowl"
"706074844245307392","2016-03-05 11:12:15","14.532882","121.006950","super bowl"
"706097829660528640","2016-03-05 12:43:35","4.355365","100.970505","super bowl"
"706110929528819712","2016-03-05 13:35:39","41.833584","-87.732010","super bowl"
"706118429061689344","2016-03-05 14:05:27","9.042760","8.671616","super bowl"
"706124572014329856","2016-03-05 14:29:51","3.043993","101.517555","super bowl"
"706131439067082753","2016-03-05 14:57:09","32.727913","-97.319473","super bowl"
"706133030025433088","2016-03-05 15:03:28","38.552399","-92.191818","super bowl"
"706134374446665728","2016-03-05 15:08:48","-2.629285","-44.302551","super bowl"
"706136847664226304","2016-03-05 15:18:38","38.194744","-85.557617","super bowl"
"706138339565383684","2016-03-05 15:24:34","35.750015","-80.354218","super bowl"
"706143013391564800","2016-03-05 15:43:08","30.323345","-97.754723","super bowl"
"706149044926570496","2016-03-05 16:07:06","34.020790","-118.411903","super bowl"
"706149668552630272","2016-03-05 16:09:35","41.279556","-73.032806","super bowl"
"706153457850458112","2016-03-05 16:24:38","-34.604317","-58.442642","super bowl"
"706154837746974720","2016-03-05 16:30:07","49.853806","-97.152679","super bowl"
"706155169218752512","2016-03-05 16:31:26","40.850346","-73.849442","super bowl"
"706155598719684610","2016-03-05 16:33:09","27.698683","-83.804474","super bowl"
"706156040501530624","2016-03-05 16:34:54","40.850346","-73.849442","super bowl"
"706156954285010944","2016-03-05 16:38:32","34.020790","-118.411903","super bowl"
"706159321705553922","2016-03-05 16:47:56","-23.682802","-46.595547","super bowl"
"706160268469002241","2016-03-05 16:51:42","40.004868","-75.117996","super bowl"
"706161147288932352","2016-03-05 16:55:12","36.372562","-86.464844","super bowl"
"706164234690801665","2016-03-05 17:07:28","36.200008","-86.791550","super bowl"
"706169532868464640","2016-03-05 17:28:31","46.441860","-93.361320","super bowl"
"706170461575651328","2016-03-05 17:32:12","39.101189","-75.554474","super bowl"
"706172330314219520","2016-03-05 17:39:38","-7.914292","-34.925732","super bowl"
"706172925540376576","2016-03-05 17:42:00","44.679379","-93.237328","super bowl"
"706176147671883776","2016-03-05 17:54:48","41.931595","-70.683830","super bowl"
"706177402594922497","2016-03-05 17:59:47","32.571033","-89.876450","super bowl"
"706184370374086656","2016-03-05 18:27:28","47.614819","-122.330605","super bowl"
"706185722240196608","2016-03-05 18:32:51","30.181252","-95.539848","super bowl"
"706185753651388416","2016-03-05 18:32:58","43.147396","-95.161140","super bowl"
"706189952481099777","2016-03-05 18:49:39","40.808887","-72.988335","super bowl"
"706193533628092416","2016-03-05 19:03:53","40.155457","-76.599335","super bowl"
"706195376064204800","2016-03-05 19:11:12","37.969311","-121.340576","super bowl"
"706199546301444096","2016-03-05 19:27:47","51.015591","-4.219043","super bowl"
"706200134242013184","2016-03-05 19:30:07","33.884968","-118.222015","super bowl"
"706206194478616576","2016-03-05 19:54:12","40.783539","-77.858109","super bowl"
"706206661950709761","2016-03-05 19:56:03","41.604576","-87.851204","super bowl"
"706207918874632196","2016-03-05 20:01:03","-2.629285","-44.302551","super bowl"
"706208375168700416","2016-03-05 20:02:52","52.526054","-2.203868","super bowl"
"706209018834976769","2016-03-05 20:05:25","41.327141","-73.081467","super bowl"
"706210416830128131","2016-03-05 20:10:58","41.327141","-73.081467","super bowl"
"706210750180667392","2016-03-05 20:12:18","40.023983","-105.242683","super bowl"
