"705543009694306305","2016-03-03 23:58:56","40.850346","-73.849442","twitter"
"705543009794809856","2016-03-03 23:58:56","34.168255","-111.931709","twitter"
"705543010013069312","2016-03-03 23:58:56","43.174423","2.788975","twitter"
"705543010193281024","2016-03-03 23:58:56","15.201132","-86.243195","twitter"
"705543011170582529","2016-03-03 23:58:56","37.705044","-122.162292","twitter"
"705543011632021504","2016-03-03 23:58:56","51.484467","-0.811810","twitter"
"705543011736887296","2016-03-03 23:58:57","-29.105827","-51.536476","twitter"
"705543013473320961","2016-03-03 23:58:57","-23.682802","-46.595547","twitter"
"705543013477449729","2016-03-03 23:58:57","38.561722","-121.469666","twitter"
"705543013628518403","2016-03-03 23:58:57","6.422820","-66.578926","twitter"
"705543013771169792","2016-03-03 23:58:57","-34.702244","-58.390118","twitter"
"705543013985030145","2016-03-03 23:58:57","40.765587","-73.919731","twitter"
"705543014865833984","2016-03-03 23:58:57","41.624184","-83.735115","twitter"
"705543015159500804","2016-03-03 23:58:57","47.614819","-122.330605","twitter"
"705543015323070464","2016-03-03 23:58:57","-28.577959","31.399740","twitter"
"705543016329715712","2016-03-03 23:58:58","38.576103","-90.130775","twitter"
"705543016589697024","2016-03-03 23:58:58","32.678207","-83.173866","twitter"
"705543016665239552","2016-03-03 23:58:58","-33.425400","-70.518913","twitter"
"705543016799473664","2016-03-03 23:58:58","26.423084","-81.797539","twitter"
"705543017009188865","2016-03-03 23:58:58","-8.054958","-78.992821","twitter"
"705543017151614976","2016-03-03 23:58:58","37.770657","-122.435982","twitter"
"705543017453764613","2016-03-03 23:58:58","51.896313","-2.087775","twitter"
"705543017764093953","2016-03-03 23:58:58","-38.011585","-57.581429","twitter"
"705543017957081089","2016-03-03 23:58:58","39.994682","-82.985771","twitter"
"705543018347151360","2016-03-03 23:58:58","-12.119845","-77.025528","twitter"
"705543019529777152","2016-03-03 23:58:58","7.317583","125.443260","twitter"
"705543019634806784","2016-03-03 23:58:58","40.758507","-73.986137","twitter"
"705543019718701056","2016-03-03 23:58:58","52.493965","-1.890640","twitter"
"705543019986972672","2016-03-03 23:58:58","36.249123","-115.133369","twitter"
"705543020267982848","2016-03-03 23:58:59","33.996529","-83.995384","twitter"
"705543020305891329","2016-03-03 23:58:59","-23.405823","-51.968330","twitter"
"705543020309909505","2016-03-03 23:58:59","36.662205","-79.856300","twitter"
"705543020670652416","2016-03-03 23:58:59","37.994011","-121.690193","twitter"
"705543021908074496","2016-03-03 23:58:59","27.698683","-83.804474","twitter"
"705543022025375744","2016-03-03 23:58:59","33.884968","-118.222015","twitter"
"705543022100897792","2016-03-03 23:58:59","35.701355","139.509247","twitter"
"705543022138802176","2016-03-03 23:58:59","-34.134975","-57.710716","twitter"
"705543022537125889","2016-03-03 23:58:59","48.926754","2.365844","twitter"
"705543022558187520","2016-03-03 23:58:59","-3.789768","-38.519890","twitter"
"705543022599999488","2016-03-03 23:58:59","37.269176","-119.306610","twitter"
"705543022818238464","2016-03-03 23:58:59","33.848240","132.786758","twitter"
"705543022985908226","2016-03-03 23:58:59","19.432837","-99.153366","twitter"
"705543023065747456","2016-03-03 23:58:59","25.876217","-80.347603","twitter"
"705543023342411776","2016-03-03 23:58:59","22.103859","-102.303833","twitter"
"705543023380336640","2016-03-03 23:58:59","-20.199339","-70.009087","twitter"
"705543023728275456","2016-03-03 23:58:59","44.452404","-95.791977","twitter"
"705543023904428033","2016-03-03 23:58:59","29.531874","75.027534","twitter"
"705543023933968385","2016-03-03 23:58:59","40.173985","-2.026242","twitter"
"705543025284378624","2016-03-03 23:59:00","13.909028","-60.976357","twitter"
"705543025481654274","2016-03-03 23:59:00","32.440510","-81.800575","twitter"
"705543025561358337","2016-03-03 23:59:00","-34.457363","-54.972950","twitter"
"705543025821405184","2016-03-03 23:59:00","-23.464825","-46.334400","twitter"
"705543025825550336","2016-03-03 23:59:00","27.698683","-83.804474","twitter"
"705543027050344448","2016-03-03 23:59:00","40.969200","39.714027","twitter"
"705543027083837440","2016-03-03 23:59:00","35.170498","-79.861031","twitter"
"705543027197153280","2016-03-03 23:59:00","52.796791","-0.838055","twitter"
"705543027469647872","2016-03-03 23:59:00","21.025497","-101.250137","twitter"
"705543027960516608","2016-03-03 23:59:00","32.678207","-83.173866","twitter"
"705543028090544128","2016-03-03 23:59:00","41.679871","-72.787277","twitter"
"705543028149190656","2016-03-03 23:59:00","39.779564","-86.142921","twitter"
"705543028253941760","2016-03-03 23:59:00","30.575418","-97.414543","twitter"
"705543029155872768","2016-03-03 23:59:01","37.656910","-77.618591","twitter"
"705543029218746368","2016-03-03 23:59:01","-24.494884","-47.855251","twitter"
"705543029340442625","2016-03-03 23:59:01","-26.790930","-60.436230","twitter"
"705543029487063040","2016-03-03 23:59:01","36.294369","-95.310242","twitter"
"705543029747224581","2016-03-03 23:59:01","39.284714","-76.620483","twitter"
"705543029860364289","2016-03-03 23:59:01","-7.097117","110.260948","twitter"
"705543030145568770","2016-03-03 23:59:01","-37.972569","145.053131","twitter"
"705543030271561732","2016-03-03 23:59:01","28.611403","-81.288528","twitter"
"705543031072694272","2016-03-03 23:59:01","41.185673","-73.199120","twitter"
"705543031441768449","2016-03-03 23:59:01","41.021320","29.005222","twitter"
"705543031596851200","2016-03-03 23:59:01","39.994682","-82.985771","twitter"
"705543031739576321","2016-03-03 23:59:01","-23.954817","-46.225712","twitter"
"705543031835992065","2016-03-03 23:59:01","42.795753","-87.798302","twitter"
"705543031928131584","2016-03-03 23:59:01","32.230988","-90.158020","twitter"
"705543032792289283","2016-03-03 23:59:02","-31.422970","-62.093945","twitter"
"705543034147102725","2016-03-03 23:59:02","52.969719","-1.172266","twitter"
"705543034356658176","2016-03-03 23:59:02","34.168255","-111.931709","twitter"
"705543034398593024","2016-03-03 23:59:02","34.867203","135.343872","twitter"
"705543034532810752","2016-03-03 23:59:02","29.838495","-95.446487","twitter"
"705543034591690752","2016-03-03 23:59:02","11.710884","-70.197647","twitter"
"705543034641846272","2016-03-03 23:59:02","18.508162","73.910080","twitter"
"705543034818183170","2016-03-03 23:59:02","35.830521","-85.978600","twitter"
"705543035401199616","2016-03-03 23:59:02","42.759560","-84.416916","twitter"
"705543036311175168","2016-03-03 23:59:02","40.794682","-72.876823","twitter"
"705543037062094848","2016-03-03 23:59:03","-24.017982","-46.501537","twitter"
"705543037355692032","2016-03-03 23:59:03","-22.802576","-43.446884","twitter"
"705543037557018624","2016-03-03 23:59:03","24.993462","55.551170","twitter"
"705543038165250048","2016-03-03 23:59:03","41.655579","-81.411804","twitter"
"705543038219776003","2016-03-03 23:59:03","53.743443","-2.018084","twitter"
"705543038333001728","2016-03-03 23:59:03","41.443542","-82.194534","twitter"
"705543038400143361","2016-03-03 23:59:03","40.477795","-3.703508","twitter"
"705543038492393473","2016-03-03 23:59:03","4.262284","-74.243668","twitter"
"705543038806814720","2016-03-03 23:59:03","34.101532","-118.338676","twitter"
"705543038936854529","2016-03-03 23:59:03","35.182751","-111.635147","twitter"
"705543038957973505","2016-03-03 23:59:03","30.323345","-97.754723","twitter"
"705543040123936768","2016-03-03 23:59:03","24.721943","46.685078","twitter"
"705543040233037824","2016-03-03 23:59:03","41.117935","-77.604683","twitter"
"705543040253960192","2016-03-03 23:59:03","-22.911423","-43.441578","twitter"
"705543040409202689","2016-03-03 23:59:03","40.365162","-82.669464","twitter"
"705543040413339648","2016-03-03 23:59:03","24.004532","47.045879","twitter"
"705543040610476032","2016-03-03 23:59:03","-23.682802","-46.595547","twitter"
"705543041197740032","2016-03-03 23:59:04","-6.003176","-35.593853","twitter"
"705543041407442944","2016-03-03 23:59:04","50.436962","3.102275","twitter"
"705543041742938112","2016-03-03 23:59:04","24.721943","46.685078","twitter"
"705543041822691331","2016-03-03 23:59:04","36.090397","-79.857361","twitter"
"705543042254635008","2016-03-03 23:59:04","48.382931","31.181446","twitter"
"705543042753699840","2016-03-03 23:59:04","-37.972569","145.053131","twitter"
"705543043110326273","2016-03-03 23:59:04","55.775116","-4.325842","twitter"
"705543043441680386","2016-03-03 23:59:04","32.230988","-90.158020","twitter"
"705543044351848448","2016-03-03 23:59:04","42.378197","-71.112373","twitter"
"705543044356034560","2016-03-03 23:59:04","-45.878124","-67.520172","twitter"
"705543044859232257","2016-03-03 23:59:04","47.905972","-122.274055","twitter"
"705543045387788288","2016-03-03 23:59:05","50.918468","-1.501195","twitter"
"705543045689712640","2016-03-03 23:59:05","42.360184","-83.340935","twitter"
"705543046444797954","2016-03-03 23:59:05","-22.911423","-43.441578","twitter"
"705543046998462468","2016-03-03 23:59:05","35.982471","-83.963844","twitter"
"705543047161868289","2016-03-03 23:59:05","-33.848244","150.931976","twitter"
"705543047346409472","2016-03-03 23:59:05","30.505959","-97.813644","twitter"
"705543047505960960","2016-03-03 23:59:05","38.805115","-77.236969","twitter"
"705543047539507200","2016-03-03 23:59:05","-22.911423","-43.441578","twitter"
"705543048005066752","2016-03-03 23:59:05","35.209061","-80.846786","twitter"
"705543048155963392","2016-03-03 23:59:05","43.880695","-79.299675","twitter"
"705543048160272386","2016-03-03 23:59:05","-22.904549","-43.059608","twitter"
"705543048294440960","2016-03-03 23:59:05","-53.782383","-67.706383","twitter"
"705543048302878721","2016-03-03 23:59:05","45.014088","-93.156921","twitter"
"705543048374132736","2016-03-03 23:59:05","53.383163","-1.449612","twitter"
"705543049225474048","2016-03-03 23:59:05","48.597206","2.464343","twitter"
"705543049460338689","2016-03-03 23:59:06","34.788120","138.450867","twitter"
"705543049485508609","2016-03-03 23:59:06","42.484280","-83.377182","twitter"
"705543049594667008","2016-03-03 23:59:06","56.039417","-4.372402","twitter"
"705543049632288769","2016-03-03 23:59:06","31.168894","-100.076889","twitter"
"705543049716350977","2016-03-03 23:59:06","36.764877","-4.424031","twitter"
"705543049984737280","2016-03-03 23:59:06","-22.911423","-43.441578","twitter"
"705543050546782208","2016-03-03 23:59:06","32.247478","-8.532899","twitter"
"705543050601353216","2016-03-03 23:59:06","51.316521","-0.548836","twitter"
"705543050655768576","2016-03-03 23:59:06","-24.197569","-65.456276","twitter"
"705543050739593216","2016-03-03 23:59:06","42.066666","-71.328613","twitter"
"705543051259858944","2016-03-03 23:59:06","53.801956","-1.565490","twitter"
"705543051356180480","2016-03-03 23:59:06","31.168894","-100.076889","twitter"
"705543051368730624","2016-03-03 23:59:06","34.047180","-117.896660","twitter"
"705543051993690112","2016-03-03 23:59:06","20.119785","-97.050980","twitter"
"705543052161478656","2016-03-03 23:59:06","15.772468","-90.224220","twitter"
"705543052463640576","2016-03-03 23:59:06","31.061111","31.646103","twitter"
"705543052551700482","2016-03-03 23:59:06","40.655136","-73.948776","twitter"
"705543053281521664","2016-03-03 23:59:06","44.165138","-93.999283","twitter"
"705543053591908352","2016-03-03 23:59:06","4.762179","-75.728119","twitter"
"705543053638037504","2016-03-03 23:59:07","-28.466000","-65.778191","twitter"
"705543053663199232","2016-03-03 23:59:07","40.294357","-73.993546","twitter"
"705543053692444672","2016-03-03 23:59:07","30.086918","-94.128632","twitter"
"705543054527229952","2016-03-03 23:59:07","45.482742","-75.625038","twitter"
"705543054795485184","2016-03-03 23:59:07","43.382404","-123.322021","twitter"
"705543054950735873","2016-03-03 23:59:07","37.334309","-79.523087","twitter"
"705543055047266305","2016-03-03 23:59:07","43.669643","10.493613","twitter"
"705543055080878081","2016-03-03 23:59:07","-34.747910","-58.280766","twitter"
"705543055093305344","2016-03-03 23:59:07","20.790657","-103.484772","twitter"
"705543055235940352","2016-03-03 23:59:07","29.838495","-95.446487","twitter"
"705543055328161792","2016-03-03 23:59:07","18.400696","-66.139046","twitter"
"705543055416422400","2016-03-03 23:59:07","-23.405823","-51.968330","twitter"
"705543055462539264","2016-03-03 23:59:07","42.113064","-72.545586","twitter"
"705543055655436288","2016-03-03 23:59:07","50.627438","-2.469270","twitter"
"705543055747764224","2016-03-03 23:59:07","-34.845367","-56.248947","twitter"
"705543055835860993","2016-03-03 23:59:07","-25.647161","-49.057194","twitter"
"705543055894552576","2016-03-03 23:59:07","4.976338","8.340073","twitter"
"705543055999303680","2016-03-03 23:59:07","19.568279","-99.044441","twitter"
"705543056049709056","2016-03-03 23:59:07","-37.147575","-60.029846","twitter"
"705543056595017728","2016-03-03 23:59:07","40.879379","-73.005768","twitter"
"705543056708141056","2016-03-03 23:59:07","-20.907776","165.129517","twitter"
"705543056725053440","2016-03-03 23:59:07","32.576225","-86.680740","twitter"
"705543057488388096","2016-03-03 23:59:07","4.262284","-74.243668","twitter"
"705543057584885763","2016-03-03 23:59:07","32.576225","-86.680740","twitter"
"705543058054512640","2016-03-03 23:59:08","40.839958","-84.333168","twitter"
"705543058276749312","2016-03-03 23:59:08","41.308163","-105.605820","twitter"
"705543058746679296","2016-03-03 23:59:08","41.021320","29.005222","twitter"
"705543058780090368","2016-03-03 23:59:08","39.961178","-82.998795","twitter"
"705543058964799492","2016-03-03 23:59:08","34.011078","-84.612389","twitter"
"705543059098832896","2016-03-03 23:59:08","-7.612700","111.053940","twitter"
"705543059304480770","2016-03-03 23:59:08","-22.820063","-43.430080","twitter"
"705543059472310272","2016-03-03 23:59:08","32.678207","-83.173866","twitter"
"705543059686203392","2016-03-03 23:59:08","30.391460","-86.425194","twitter"
"705543060168450048","2016-03-03 23:59:08","22.460796","-105.321976","twitter"
"705543060956917761","2016-03-03 23:59:08","29.881880","-90.110054","twitter"
"705543061003214849","2016-03-03 23:59:08","45.001179","-86.270538","twitter"
"705543061196165120","2016-03-03 23:59:08","46.528767","6.652359","twitter"
"705543061321990144","2016-03-03 23:59:08","24.721943","46.685078","twitter"
"705543061380558848","2016-03-03 23:59:08","20.390244","-102.735580","twitter"
"705543062144065536","2016-03-03 23:59:09","59.015984","16.193974","twitter"
"705543062454460416","2016-03-03 23:59:09","40.780708","-73.968544","twitter"
"705543062471237636","2016-03-03 23:59:09","-33.155151","-60.510681","twitter"
"705543062509002752","2016-03-03 23:59:09","25.782354","-80.233330","twitter"
"705543062622072832","2016-03-03 23:59:09","29.838495","-95.446487","twitter"
"705543063532408832","2016-03-03 23:59:09","33.631142","-80.926628","twitter"
"705543063788134401","2016-03-03 23:59:09","38.997936","-105.550888","twitter"
"705543063968600064","2016-03-03 23:59:09","17.880583","102.749367","twitter"
"705543064287256578","2016-03-03 23:59:09","3.754220","101.948891","twitter"
"705543064379478016","2016-03-03 23:59:09","48.355976","10.986546","twitter"
"705543064392171520","2016-03-03 23:59:09","-32.951614","-60.697407","twitter"
"705543064601956352","2016-03-03 23:59:09","36.636330","29.156509","twitter"
"705543065247809536","2016-03-03 23:59:09","-3.789768","-38.519890","twitter"
"705543066581495808","2016-03-03 23:59:10","-6.819170","107.127533","twitter"
"705543066644385795","2016-03-03 23:59:10","39.758327","-94.827682","twitter"
"705543066992648196","2016-03-03 23:59:10","10.562723","-71.645020","twitter"
"705543067093303296","2016-03-03 23:59:10","40.670879","-73.831184","twitter"
"705543067541983233","2016-03-03 23:59:10","32.543144","-96.856438","twitter"
"705543067860910081","2016-03-03 23:59:10","25.965359","-80.213905","twitter"
"705543068565544960","2016-03-03 23:59:10","39.736977","-82.596626","twitter"
"705543068607336448","2016-03-03 23:59:10","40.050297","-86.011650","twitter"
"705543068670435329","2016-03-03 23:59:10","6.270883","-75.619209","twitter"
"705543068884152320","2016-03-03 23:59:10","-27.470430","153.023056","twitter"
"705543069538455556","2016-03-03 23:59:10","36.786041","-119.782463","twitter"
"705543069744017409","2016-03-03 23:59:10","34.139172","-117.999413","twitter"
"705543070142636033","2016-03-03 23:59:10","-23.682802","-46.595547","twitter"
"705543070385901570","2016-03-03 23:59:10","51.853092","-2.229418","twitter"
"705543070549307393","2016-03-03 23:59:11","38.757839","-90.600601","twitter"
"705543070603993088","2016-03-03 23:59:11","-21.708015","-43.422867","twitter"
"705543070759038976","2016-03-03 23:59:11","10.197350","123.629684","twitter"
"705543070775910401","2016-03-03 23:59:11","-19.918692","-43.959824","twitter"
"705543071006642176","2016-03-03 23:59:11","6.422820","-66.578926","twitter"
"705543071249911808","2016-03-03 23:59:11","-22.821465","-43.018208","twitter"
"705543072348680193","2016-03-03 23:59:11","31.168894","-100.076889","twitter"
"705543072759750656","2016-03-03 23:59:11","21.048719","-87.031662","twitter"
"705543072801685504","2016-03-03 23:59:11","40.004868","-75.117996","twitter"
"705543072906481664","2016-03-03 23:59:11","39.499763","-111.547028","twitter"
"705543073212854276","2016-03-03 23:59:11","53.197350","-2.894882","twitter"
"705543073359601664","2016-03-03 23:59:11","42.948841","-81.248787","twitter"
"705543073837637632","2016-03-03 23:59:11","43.980370","-123.101677","twitter"
"705543074034933761","2016-03-03 23:59:11","38.003376","-79.420868","twitter"
"705543074173337600","2016-03-03 23:59:11","35.193336","-84.866348","twitter"
"705543074441732096","2016-03-03 23:59:11","-12.194469","-77.004974","twitter"
"705543074848620546","2016-03-03 23:59:12","41.198483","-1.769310","twitter"
"705543075397918720","2016-03-03 23:59:12","34.020790","-118.411903","twitter"
"705543075934801920","2016-03-03 23:59:12","29.417501","-98.540649","twitter"
"705543075934904320","2016-03-03 23:59:12","34.283546","-79.874443","twitter"
"705543076756873216","2016-03-03 23:59:12","30.323345","-97.754723","twitter"
"705543076790534148","2016-03-03 23:59:12","26.164864","-80.230354","twitter"
"705543076962504708","2016-03-03 23:59:12","38.996971","-76.934486","twitter"
"705543077235179520","2016-03-03 23:59:12","-32.695988","-52.798695","twitter"
"705543077809750020","2016-03-03 23:59:12","42.313671","-71.088715","twitter"
"705543077881053184","2016-03-03 23:59:12","43.703022","7.253022","twitter"
"705543078069846017","2016-03-03 23:59:12","39.766556","-86.441238","twitter"
"705543078162141188","2016-03-03 23:59:12","-34.451336","-58.857418","twitter"
"705543078199894016","2016-03-03 23:59:12","55.672775","12.552633","twitter"
"705543078539628544","2016-03-03 23:59:12","34.120632","-77.891190","twitter"
"705543078795485184","2016-03-03 23:59:12","-12.092341","-76.927979","twitter"
"705543078854139905","2016-03-03 23:59:13","40.148987","-82.914536","twitter"
"705543079089012737","2016-03-03 23:59:13","38.784851","-76.831078","twitter"
"705543079210717184","2016-03-03 23:59:13","18.894894","-96.941437","twitter"
"705543079659442176","2016-03-03 23:59:13","41.721931","-74.075798","twitter"
"705543080057896960","2016-03-03 23:59:13","-21.264238","-45.022861","twitter"
"705543080678694913","2016-03-03 23:59:13","48.843388","2.504531","twitter"
"705543081102327808","2016-03-03 23:59:13","33.767193","-84.433105","twitter"
"705543081190252544","2016-03-03 23:59:13","32.819859","-96.761749","twitter"
"705543081404272640","2016-03-03 23:59:13","21.585711","39.254128","twitter"
"705543081513324544","2016-03-03 23:59:13","39.890232","-82.741043","twitter"
"705543081899249665","2016-03-03 23:59:13","38.743614","-9.159995","twitter"
"705543082238935040","2016-03-03 23:59:13","54.559414","-1.222501","twitter"
"705543082310242305","2016-03-03 23:59:13","38.003376","-79.420868","twitter"
"705543082620674049","2016-03-03 23:59:13","-25.546591","-57.485180","twitter"
"705543083203567616","2016-03-03 23:59:14","33.842861","-117.851089","twitter"
"705543083291709441","2016-03-03 23:59:14","-22.911423","-43.441578","twitter"
"705543083304288256","2016-03-03 23:59:14","-32.366432","-54.170349","twitter"
"705543083568463872","2016-03-03 23:59:14","32.196812","-95.850845","twitter"
"705543083631316992","2016-03-03 23:59:14","-5.412854","105.238495","twitter"
"705543084084498432","2016-03-03 23:59:14","41.021320","29.005222","twitter"
"705543084751323136","2016-03-03 23:59:14","40.748482","-4.425434","twitter"
"705543084768157696","2016-03-03 23:59:14","-25.546591","-57.485180","twitter"
"705543085212745728","2016-03-03 23:59:14","-2.629285","-44.302551","twitter"
"705543085418090496","2016-03-03 23:59:14","32.863918","-96.961479","twitter"
"705543086127124480","2016-03-03 23:59:14","40.128815","-8.231496","twitter"
"705543086269669377","2016-03-03 23:59:14","32.678207","-83.173866","twitter"
"705543086471061504","2016-03-03 23:59:14","28.017305","-81.698883","twitter"
"705543086542352384","2016-03-03 23:59:14","-23.955463","-46.507507","twitter"
"705543087125196802","2016-03-03 23:59:14","19.543934","-99.164284","twitter"
"705543087184068609","2016-03-03 23:59:14","42.435966","-79.328789","twitter"
"705543087448334336","2016-03-03 23:59:15","39.284714","-76.620483","twitter"
"705543088089903104","2016-03-03 23:59:15","36.018806","-115.234436","twitter"
"705543088119390208","2016-03-03 23:59:15","10.176326","-67.995461","twitter"
"705543088765276160","2016-03-03 23:59:15","-15.776254","-47.796623","twitter"
"705543088933044224","2016-03-03 23:59:15","35.830521","-85.978600","twitter"
"705543090157834240","2016-03-03 23:59:15","40.065186","-82.511238","twitter"
"705543090241720320","2016-03-03 23:59:15","52.925755","-0.656052","twitter"
"705543090652581888","2016-03-03 23:59:15","-6.272509","106.908722","twitter"
"705543091755819008","2016-03-03 23:59:16","-23.405823","-51.968330","twitter"
"705543091902652417","2016-03-03 23:59:16","41.021320","29.005222","twitter"
"705543092166914048","2016-03-03 23:59:16","-23.086016","-45.506657","twitter"
"705543092233867265","2016-03-03 23:59:16","7.093425","125.634628","twitter"
"705543092439490560","2016-03-03 23:59:16","-32.532928","-55.781277","twitter"
"705543092452114432","2016-03-03 23:59:16","-23.086016","-45.506657","twitter"
"705543093248983040","2016-03-03 23:59:16","-22.980043","-46.975254","twitter"
"705543093379076096","2016-03-03 23:59:16","-20.280411","-40.292824","twitter"
"705543093609742336","2016-03-03 23:59:16","-29.687719","-49.990685","twitter"
"705543093852860416","2016-03-03 23:59:16","49.257641","-123.123581","twitter"
"705543094138232832","2016-03-03 23:59:16","-24.017982","-46.501537","twitter"
"705543094905794560","2016-03-03 23:59:16","-12.875335","-38.502647","twitter"
"705543095035817984","2016-03-03 23:59:16","37.132622","-8.450893","twitter"
"705543095094382597","2016-03-03 23:59:16","7.317583","125.443260","twitter"
"705543095647993856","2016-03-03 23:59:17","33.825081","-116.517288","twitter"
"705543095689957376","2016-03-03 23:59:17","33.873367","35.849514","twitter"
"705543095954366464","2016-03-03 23:59:17","25.720236","-80.339088","twitter"
"705543096889532416","2016-03-03 23:59:17","39.505657","-106.036057","twitter"
"705543097485234176","2016-03-03 23:59:17","36.087170","-80.244987","twitter"
"705543097636282368","2016-03-03 23:59:17","41.117935","-77.604683","twitter"
"705543097636294656","2016-03-03 23:59:17","-21.247522","-43.791561","twitter"
"705543097787224064","2016-03-03 23:59:17","40.780708","-73.968544","twitter"
"705543098613370881","2016-03-03 23:59:17","37.269176","-119.306610","twitter"
"705543098827350016","2016-03-03 23:59:17","32.604153","-96.863792","twitter"
"705543099171393536","2016-03-03 23:59:17","-37.147575","-60.029846","twitter"
"705543099888439296","2016-03-03 23:59:18","25.641720","-100.293594","twitter"
"705543099947327489","2016-03-03 23:59:18","36.113747","-86.921539","twitter"
"705543100186431488","2016-03-03 23:59:18","-34.604317","-58.442642","twitter"
"705543100685541376","2016-03-03 23:59:18","-2.512995","-80.091194","twitter"
"705543100819591168","2016-03-03 23:59:18","29.798664","-95.751183","twitter"
"705543101478211585","2016-03-03 23:59:18","52.220451","0.511578","twitter"
"705543101612482560","2016-03-03 23:59:18","39.512436","-119.827179","twitter"
"705543101809598464","2016-03-03 23:59:18","42.281746","-82.653664","twitter"
"705543102069477376","2016-03-03 23:59:18","32.958256","-96.982788","twitter"
"705543102157574144","2016-03-03 23:59:18","15.201132","-86.243195","twitter"
"705543102413611009","2016-03-03 23:59:18","42.118504","-70.959396","twitter"
"705543102421934080","2016-03-03 23:59:18","4.681281","-73.925529","twitter"
"705543102656864256","2016-03-03 23:59:18","59.972404","10.721526","twitter"
"705543102899970048","2016-03-03 23:59:18","33.689732","-117.782356","twitter"
"705543102946095104","2016-03-03 23:59:18","32.752861","-97.781769","twitter"
"705543103126618112","2016-03-03 23:59:18","42.113064","-72.545586","twitter"
"705543103147454464","2016-03-03 23:59:18","35.209061","-80.846786","twitter"
"705543103260839944","2016-03-03 23:59:18","-31.415457","-64.198029","twitter"
"705543103558623232","2016-03-03 23:59:18","-22.911423","-43.441578","twitter"
"705543103583756289","2016-03-03 23:59:18","-22.911423","-43.441578","twitter"
"705543104187600896","2016-03-03 23:59:19","19.432837","-99.153366","twitter"
"705543104208588801","2016-03-03 23:59:19","32.332874","-116.929100","twitter"
"705543104426872832","2016-03-03 23:59:19","42.759560","-84.416916","twitter"
"705543105097805824","2016-03-03 23:59:19","32.774937","-96.602142","twitter"
"705543105106161664","2016-03-03 23:59:19","40.803234","-96.696564","twitter"
"705543105471246336","2016-03-03 23:59:19","-33.593536","-70.559341","twitter"
"705543106163187712","2016-03-03 23:59:19","-6.293493","106.837753","twitter"
"705543106180030466","2016-03-03 23:59:19","-25.612017","-54.571167","twitter"
"705543106830180352","2016-03-03 23:59:19","30.864107","72.355499","twitter"
"705543107127869440","2016-03-03 23:59:19","19.429934","-99.211510","twitter"
"705543107547426818","2016-03-03 23:59:19","32.576225","-86.680740","twitter"
"705543107786481664","2016-03-03 23:59:19","42.352787","-83.099289","twitter"
"705543107849416704","2016-03-03 23:59:19","39.261002","-76.741501","twitter"
"705543108344324096","2016-03-03 23:59:20","38.407665","-82.439835","twitter"
"705543108361060352","2016-03-03 23:59:20","41.537231","-72.801979","twitter"
"705543108373643266","2016-03-03 23:59:20","41.092716","16.874992","twitter"
"705543108621115392","2016-03-03 23:59:20","-23.682802","-46.595547","twitter"
"705543108856049665","2016-03-03 23:59:20","-12.040601","-76.890747","twitter"
"705543109388673027","2016-03-03 23:59:20","4.262284","-74.243668","twitter"
"705543109476794368","2016-03-03 23:59:20","-15.776254","-47.796623","twitter"
"705543109602574336","2016-03-03 23:59:20","48.906944","2.505582","twitter"
"705543109623595008","2016-03-03 23:59:20","40.706638","-73.384857","twitter"
"705543110500216832","2016-03-03 23:59:20","39.391697","2.769968","twitter"
"705543110508449792","2016-03-03 23:59:20","29.838495","-95.446487","twitter"
"705543110512779266","2016-03-03 23:59:20","-22.911423","-43.441578","twitter"
"705543110705565698","2016-03-03 23:59:20","30.206079","-92.061180","twitter"
"705543111062249473","2016-03-03 23:59:20","-33.425400","-70.518913","twitter"
"705543111083061253","2016-03-03 23:59:20","40.871883","-111.890991","twitter"
"705543111418642432","2016-03-03 23:59:20","37.791992","-122.228683","twitter"
"705543111422955520","2016-03-03 23:59:20","-20.784981","-49.359165","twitter"
"705543111510851584","2016-03-03 23:59:20","-37.972569","145.053131","twitter"
"705543111624097792","2016-03-03 23:59:20","29.634806","-95.722084","twitter"
"705543112383340545","2016-03-03 23:59:21","26.636480","-81.986832","twitter"
"705543112429539328","2016-03-03 23:59:21","28.961437","-13.654646","twitter"
"705543112433778688","2016-03-03 23:59:21","-21.708015","-43.422867","twitter"
"705543112538591232","2016-03-03 23:59:21","52.957954","-6.395315","twitter"
"705543112546869248","2016-03-03 23:59:21","35.241199","-89.738060","twitter"
"705543113532706816","2016-03-03 23:59:21","-22.911423","-43.441578","twitter"
"705543113578668032","2016-03-03 23:59:21","29.547886","-95.326897","twitter"
"705543113595604992","2016-03-03 23:59:21","-22.911423","-43.441578","twitter"
"705543113754828802","2016-03-03 23:59:21","40.877605","-74.110550","twitter"
"705543113847271424","2016-03-03 23:59:21","27.698683","-83.804474","twitter"
"705543114036027392","2016-03-03 23:59:21","42.566296","-70.858093","twitter"
"705543114283286528","2016-03-03 23:59:21","-33.848244","150.931976","twitter"
"705543114723819521","2016-03-03 23:59:21","-22.911423","-43.441578","twitter"
"705543114887446528","2016-03-03 23:59:21","-34.134975","-57.710716","twitter"
"705543114979741696","2016-03-03 23:59:21","43.509796","-5.691944","twitter"
"705543115449368576","2016-03-03 23:59:21","29.982601","-90.011009","twitter"
"705543115885641728","2016-03-03 23:59:21","41.495941","-81.705467","twitter"
"705543116057677825","2016-03-03 23:59:21","14.584755","121.039261","twitter"
"705543116166660096","2016-03-03 23:59:21","29.000368","29.273024","twitter"
"705543116196089856","2016-03-03 23:59:21","-31.415457","-64.198029","twitter"
"705543117093490688","2016-03-03 23:59:22","28.802534","-96.972916","twitter"
"705543117244604416","2016-03-03 23:59:22","-23.682802","-46.595547","twitter"
"705543117408231424","2016-03-03 23:59:22","-15.776254","-47.796623","twitter"
"705543118867832833","2016-03-03 23:59:22","35.410351","-80.883980","twitter"
"705543118892957698","2016-03-03 23:59:22","30.767784","-81.576050","twitter"
"705543119190802432","2016-03-03 23:59:22","42.313671","-71.088715","twitter"
"705543119513587712","2016-03-03 23:59:22","20.056713","-99.384567","twitter"
"705543119647936518","2016-03-03 23:59:22","51.837879","4.358437","twitter"
"705543120277078018","2016-03-03 23:59:22","30.476215","-84.266174","twitter"
"705543120839008256","2016-03-03 23:59:23","35.566895","139.739517","twitter"
"705543121388482561","2016-03-03 23:59:23","30.038214","-95.482033","twitter"
"705543121602527232","2016-03-03 23:59:23","32.678207","-83.173866","twitter"
"705543121602535425","2016-03-03 23:59:23","6.030371","-63.853596","twitter"
"705543122860843009","2016-03-03 23:59:23","-2.512995","-80.091194","twitter"
"705543123200507904","2016-03-03 23:59:23","40.477795","-3.703508","twitter"
"705543123267690497","2016-03-03 23:59:23","37.180408","-3.597967","twitter"
"705543124005875712","2016-03-03 23:59:23","51.454105","-0.017990","twitter"
"705543124261720066","2016-03-03 23:59:23","6.422820","-66.578926","twitter"
"705543124307873792","2016-03-03 23:59:23","51.894043","-0.517549","twitter"
"705543124311912449","2016-03-03 23:59:23","46.365204","-94.798080","twitter"
"705543124320436225","2016-03-03 23:59:23","36.221710","-86.520210","twitter"
"705543124534304768","2016-03-03 23:59:23","27.698683","-83.804474","twitter"
"705543124588826624","2016-03-03 23:59:23","46.855858","-71.341057","twitter"
"705543124723044352","2016-03-03 23:59:23","41.021320","29.005222","twitter"
"705543124865720320","2016-03-03 23:59:23","-33.485943","-70.515076","twitter"
"705543124911857664","2016-03-03 23:59:23","43.009930","-74.381195","twitter"
"705543125234802688","2016-03-03 23:59:24","31.672701","36.464874","twitter"
"705543125243142144","2016-03-03 23:59:24","-34.067966","-70.744415","twitter"
"705543125742317568","2016-03-03 23:59:24","-11.207939","17.835707","twitter"
"705543125943590913","2016-03-03 23:59:24","-23.682802","-46.595547","twitter"
"705543126149009408","2016-03-03 23:59:24","46.730824","-117.154266","twitter"
"705543126631505921","2016-03-03 23:59:24","-23.405823","-51.968330","twitter"
"705543126740500480","2016-03-03 23:59:24","-34.544659","-58.564175","twitter"
"705543127113863168","2016-03-03 23:59:24","-8.043603","-34.939350","twitter"
"705543127260598276","2016-03-03 23:59:24","24.721943","46.685078","twitter"
"705543127524749312","2016-03-03 23:59:24","29.417501","-98.540649","twitter"
"705543127633756160","2016-03-03 23:59:24","34.082497","-118.399635","twitter"
"705543127776563201","2016-03-03 23:59:24","52.033566","-0.764064","twitter"
"705543128069963776","2016-03-03 23:59:24","8.565850","123.320961","twitter"
"705543128279851008","2016-03-03 23:59:24","54.595867","-5.928413","twitter"
"705543128338530304","2016-03-03 23:59:24","41.791584","-88.040001","twitter"
"705543129210843136","2016-03-03 23:59:25","34.676628","135.519730","twitter"
"705543129332629505","2016-03-03 23:59:25","41.392658","2.141227","twitter"
"705543129492025344","2016-03-03 23:59:25","-23.682802","-46.595547","twitter"
"705543130242678784","2016-03-03 23:59:25","44.970612","-93.262047","twitter"
"705543130830004224","2016-03-03 23:59:25","37.599556","-77.588890","twitter"
"705543130867630081","2016-03-03 23:59:25","8.899957","125.584190","twitter"
"705543130913890304","2016-03-03 23:59:25","50.840332","-0.130356","twitter"
"705543131035541508","2016-03-03 23:59:25","-32.930141","-68.849754","twitter"
"705543131547230208","2016-03-03 23:59:25","-45.878124","-67.520172","twitter"
"705543131920465920","2016-03-03 23:59:25","41.833584","-87.732010","twitter"
"705543132910391297","2016-03-03 23:59:25","-35.638737","-71.880913","twitter"
"705543133342334976","2016-03-03 23:59:26","32.571033","-89.876450","twitter"
"705543133443039232","2016-03-03 23:59:26","28.499580","-16.231480","twitter"
"705543134026076160","2016-03-03 23:59:26","-34.819748","-56.229889","twitter"
"705543134030274560","2016-03-03 23:59:26","-53.782383","-67.706383","twitter"
"705543134114144257","2016-03-03 23:59:26","10.265334","-67.608330","twitter"
"705543134256762881","2016-03-03 23:59:26","39.043468","-77.120255","twitter"
"705543134344773633","2016-03-03 23:59:26","51.385445","-0.252754","twitter"
"705543134390951936","2016-03-03 23:59:26","-22.911423","-43.441578","twitter"
"705543134437052416","2016-03-03 23:59:26","39.086868","-84.617645","twitter"
"705543134445490177","2016-03-03 23:59:26","-36.562004","-56.702522","twitter"
"705543134739087360","2016-03-03 23:59:26","21.585711","39.254128","twitter"
"705543134743146496","2016-03-03 23:59:26","32.189392","-110.915573","twitter"
"705543134852345857","2016-03-03 23:59:26","41.162144","-8.621914","twitter"
"705543135322120193","2016-03-03 23:59:26","36.438030","-77.096176","twitter"
"705543135460392960","2016-03-03 23:59:26","49.239655","-122.958344","twitter"
"705543135829598208","2016-03-03 23:59:26","23.895048","53.655708","twitter"
"705543135875764224","2016-03-03 23:59:26","7.063666","-73.096413","twitter"
"705543136202764288","2016-03-03 23:59:26","34.101276","-118.323273","twitter"
"705543137142423557","2016-03-03 23:59:26","-28.275942","-52.861141","twitter"
"705543137733820416","2016-03-03 23:59:27","55.672775","12.552633","twitter"
"705543137821921282","2016-03-03 23:59:27","40.004868","-75.117996","twitter"
"705543137888854016","2016-03-03 23:59:27","29.574284","-95.508926","twitter"
"705543138090291200","2016-03-03 23:59:27","51.260555","4.358190","twitter"
"705543138534924289","2016-03-03 23:59:27","8.488665","-71.258736","twitter"
"705543138652364800","2016-03-03 23:59:27","-36.663376","-64.359917","twitter"
"705543138807582720","2016-03-03 23:59:27","40.347672","-74.070129","twitter"
"705543139071635456","2016-03-03 23:59:27","25.244223","-103.233131","twitter"
"705543139436531712","2016-03-03 23:59:27","38.003376","-79.420868","twitter"
"705543139587551232","2016-03-03 23:59:27","38.003376","-79.420868","twitter"
"705543139885502464","2016-03-03 23:59:27","38.898602","-77.014397","twitter"
"705543139981860864","2016-03-03 23:59:27","31.110477","-97.406097","twitter"
"705543140438986752","2016-03-03 23:59:27","6.144298","125.142525","twitter"
"705543140648812545","2016-03-03 23:59:27","25.858557","-80.228554","twitter"
"705543141118648320","2016-03-03 23:59:27","-9.194284","-75.000618","twitter"
"705543141131091969","2016-03-03 23:59:27","38.997936","-105.550888","twitter"
"705543141160411137","2016-03-03 23:59:27","38.779640","-90.786301","twitter"
"705543141613563904","2016-03-03 23:59:27","37.916840","-1.117796","twitter"
"705543141907017728","2016-03-03 23:59:28","47.064529","-122.923515","twitter"
"705543142309638144","2016-03-03 23:59:28","13.189300","-59.535496","twitter"
"705543142708121601","2016-03-03 23:59:28","32.810013","-117.104988","twitter"
"705543143165284352","2016-03-03 23:59:28","31.522808","130.555756","twitter"
"705543143639400448","2016-03-03 23:59:28","40.811466","-73.257584","twitter"
"705543143907848192","2016-03-03 23:59:28","-22.911423","-43.441578","twitter"
"705543143962365953","2016-03-03 23:59:28","-22.911423","-43.441578","twitter"
"705543144021032961","2016-03-03 23:59:28","32.958523","-81.235893","twitter"
"705543144125931520","2016-03-03 23:59:28","4.024319","-76.178391","twitter"
"705543144239136768","2016-03-03 23:59:28","40.780708","-73.968544","twitter"
"705543144251777025","2016-03-03 23:59:28","-31.415457","-64.198029","twitter"
"705543144788639744","2016-03-03 23:59:28","32.678207","-83.173866","twitter"
"705543145015136256","2016-03-03 23:59:28","27.698683","-83.804474","twitter"
"705543145023385600","2016-03-03 23:59:28","-6.482100","106.811958","twitter"
"705543145153564672","2016-03-03 23:59:28","34.182659","-79.780312","twitter"
"705543145455493120","2016-03-03 23:59:28","4.262284","-74.243668","twitter"
"705543145845424129","2016-03-03 23:59:28","41.843777","-87.758804","twitter"
"705543146055311360","2016-03-03 23:59:29","10.390449","-75.549637","twitter"
"705543146139156480","2016-03-03 23:59:29","28.042490","-82.372726","twitter"
"705543146227245059","2016-03-03 23:59:29","39.413296","29.986509","twitter"
"705543146294259712","2016-03-03 23:59:29","47.273022","-120.882484","twitter"
"705543146587955200","2016-03-03 23:59:29","-22.911423","-43.441578","twitter"
"705543147292524544","2016-03-03 23:59:29","-41.575787","173.582687","twitter"
"705543147674345472","2016-03-03 23:59:29","-34.936317","-58.013023","twitter"
"705543147774808064","2016-03-03 23:59:29","38.992485","139.844040","twitter"
"705543148269735937","2016-03-03 23:59:29","41.833584","-87.732010","twitter"
"705543148567699456","2016-03-03 23:59:29","25.636854","-80.366882","twitter"
"705543148831940609","2016-03-03 23:59:29","41.497448","-87.505997","twitter"
"705543148844523520","2016-03-03 23:59:29","8.620261","-70.209290","twitter"
"705543149289127937","2016-03-03 23:59:29","-23.682802","-46.595547","twitter"
"705543149725360128","2016-03-03 23:59:29","41.557858","-74.057800","twitter"
"705543150262214656","2016-03-03 23:59:30","-34.604317","-58.442642","twitter"
"705543150278975488","2016-03-03 23:59:30","-32.968990","-68.838470","twitter"
"705543150706622465","2016-03-03 23:59:30","-7.010579","110.403908","twitter"
"705543151155552257","2016-03-03 23:59:30","-22.911423","-43.441578","twitter"
"705543151360999425","2016-03-03 23:59:30","35.632374","139.689697","twitter"
"705543151616917504","2016-03-03 23:59:30","40.706913","29.927107","twitter"
"705543151709196288","2016-03-03 23:59:30","29.035797","-80.927139","twitter"
"705543151809904641","2016-03-03 23:59:30","-21.764067","-41.088963","twitter"
"705543152271101954","2016-03-03 23:59:30","10.355342","123.942863","twitter"
"705543152489267202","2016-03-03 23:59:30","40.431389","-79.980690","twitter"
"705543153042989056","2016-03-03 23:59:30","42.403076","-83.097717","twitter"
"705543153453928449","2016-03-03 23:59:30","35.785305","138.703522","twitter"
"705543153567309825","2016-03-03 23:59:30","51.853924","-0.434179","twitter"
"705543153894486017","2016-03-03 23:59:30","-9.533330","-35.687111","twitter"
"705543153898516481","2016-03-03 23:59:30","34.020790","-118.411903","twitter"
"705543154058072064","2016-03-03 23:59:30","20.535803","-97.459274","twitter"
"705543154221522944","2016-03-03 23:59:30","10.001223","-83.249435","twitter"
"705543154343129088","2016-03-03 23:59:31","-36.389736","145.345306","twitter"
"705543154817077248","2016-03-03 23:59:31","35.346901","-119.025162","twitter"
"705543154926137348","2016-03-03 23:59:31","34.168255","-111.931709","twitter"
"705543155102326784","2016-03-03 23:59:31","29.668301","-95.158936","twitter"
"705543155504934912","2016-03-03 23:59:31","29.838495","-95.446487","twitter"
"705543155718987776","2016-03-03 23:59:31","-34.553802","-58.694126","twitter"
"705543155928719360","2016-03-03 23:59:31","26.976240","-80.095047","twitter"
"705543156213915649","2016-03-03 23:59:31","-23.533434","-46.784485","twitter"
"705543156352184320","2016-03-03 23:59:31","33.689732","-117.782356","twitter"
"705543156440375296","2016-03-03 23:59:31","42.562580","20.902069","twitter"
"705543156578684928","2016-03-03 23:59:31","42.781105","-96.927025","twitter"
"705543156587036674","2016-03-03 23:59:31","36.232914","-115.223122","twitter"
"705543156826284033","2016-03-03 23:59:31","41.021320","29.005222","twitter"
"705543157166022656","2016-03-03 23:59:31","-51.625370","-69.225037","twitter"
"705543157841326081","2016-03-03 23:59:31","28.625734","-81.371773","twitter"
"705543158256574464","2016-03-03 23:59:31","-37.147575","-60.029846","twitter"
"705543158466277377","2016-03-03 23:59:31","28.657509","-81.187935","twitter"
"705543158776500225","2016-03-03 23:59:32","36.392281","-97.900284","twitter"
"705543159296741378","2016-03-03 23:59:32","32.230988","-90.158020","twitter"
"705543159397392384","2016-03-03 23:59:32","26.533485","-80.112900","twitter"
"705543160076898305","2016-03-03 23:59:32","24.721943","46.685078","twitter"
"705543160513110016","2016-03-03 23:59:32","-22.932913","-42.829414","twitter"
"705543160718618625","2016-03-03 23:59:32","42.746616","-75.770042","twitter"
"705543161628774400","2016-03-03 23:59:32","41.518753","-90.390770","twitter"
"705543161993629697","2016-03-03 23:59:32","35.830521","-85.978600","twitter"
"705543162140499969","2016-03-03 23:59:32","37.339451","-87.498642","twitter"
"705543162266255360","2016-03-03 23:59:32","42.759560","-84.416916","twitter"
"705543162375364611","2016-03-03 23:59:32","42.478737","-70.966858","twitter"
"705543162467655680","2016-03-03 23:59:32","39.361607","-84.195992","twitter"
"705543162476011521","2016-03-03 23:59:32","8.421673","-80.095413","twitter"
"705543162811518976","2016-03-03 23:59:33","48.863705","2.448988","twitter"
"705543162824138753","2016-03-03 23:59:33","-15.776254","-47.796623","twitter"
"705543162836750336","2016-03-03 23:59:33","-34.747910","-58.280766","twitter"
"705543162949996544","2016-03-03 23:59:33","-20.113882","-44.936710","twitter"
"705543163365220352","2016-03-03 23:59:33","40.551769","-74.466484","twitter"
"705543163788685313","2016-03-03 23:59:33","18.115408","-77.275955","twitter"
"705543164266995712","2016-03-03 23:59:33","-26.844099","-65.223137","twitter"
"705543164594147328","2016-03-03 23:59:33","40.073040","-74.724319","twitter"
"705543164782891008","2016-03-03 23:59:33","-39.793453","-67.350525","twitter"
"705543164824838144","2016-03-03 23:59:33","35.236038","-3.938508","twitter"
"705543165445419008","2016-03-03 23:59:33","37.770657","-122.435982","twitter"
"705543165839876096","2016-03-03 23:59:33","48.382931","31.181446","twitter"
"705543165940408320","2016-03-03 23:59:33","0.098577","116.413727","twitter"
"705543166229770241","2016-03-03 23:59:33","25.641720","-100.293594","twitter"
"705543166259232769","2016-03-03 23:59:33","43.009117","-78.764633","twitter"
"705543166343168001","2016-03-03 23:59:33","-32.874813","-57.501637","twitter"
"705543166544449536","2016-03-03 23:59:33","-30.099836","-51.159309","twitter"
"705543166963818496","2016-03-03 23:59:34","38.871311","141.537125","twitter"
"705543166980526080","2016-03-03 23:59:34","35.117004","-106.632721","twitter"
"705543167177838593","2016-03-03 23:59:34","-29.624025","-50.998569","twitter"
"705543167261720576","2016-03-03 23:59:34","32.440510","-81.800575","twitter"
"705543167437881345","2016-03-03 23:59:34","41.604576","-87.851204","twitter"
"705543167563730944","2016-03-03 23:59:34","6.590611","3.318066","twitter"
"705543168285155329","2016-03-03 23:59:34","39.305508","-76.753807","twitter"
"705543168369020928","2016-03-03 23:59:34","44.126377","4.801822","twitter"
"705543168381558784","2016-03-03 23:59:34","40.696468","-75.175125","twitter"
"705543168532459520","2016-03-03 23:59:34","40.828007","-73.875618","twitter"
"705543168788398080","2016-03-03 23:59:34","38.784851","-76.831078","twitter"
"705543168813469696","2016-03-03 23:59:34","14.115385","121.565269","twitter"
"705543169061027840","2016-03-03 23:59:34","29.596249","31.570606","twitter"
"705543169589444608","2016-03-03 23:59:34","40.765804","-111.917023","twitter"
"705543169891504129","2016-03-03 23:59:34","50.072868","8.248570","twitter"
"705543170227044353","2016-03-03 23:59:34","20.584532","-87.346985","twitter"
"705543170679963648","2016-03-03 23:59:34","34.429886","-119.701637","twitter"
"705543170772361216","2016-03-03 23:59:34","-31.415457","-64.198029","twitter"
"705543170814296064","2016-03-03 23:59:34","38.835552","-9.360589","twitter"
"705543171879669761","2016-03-03 23:59:35","-19.918692","-43.959824","twitter"
"705543171967569921","2016-03-03 23:59:35","29.531874","75.027534","twitter"
"705543172059963392","2016-03-03 23:59:35","-32.251030","-63.777969","twitter"
"705543172210954240","2016-03-03 23:59:35","6.493112","3.338605","twitter"
"705543172236115969","2016-03-03 23:59:35","27.698683","-83.804474","twitter"
"705543172345176065","2016-03-03 23:59:35","38.348904","-0.515521","twitter"
"705543172370374659","2016-03-03 23:59:35","5.551759","5.780844","twitter"
"705543172512940032","2016-03-03 23:59:35","48.871040","2.218256","twitter"
"705543172689162240","2016-03-03 23:59:35","38.898602","-77.014397","twitter"
"705543172806438913","2016-03-03 23:59:35","-22.911423","-43.441578","twitter"
"705543172932374528","2016-03-03 23:59:35","43.236244","-87.968216","twitter"
"705543172970176512","2016-03-03 23:59:35","34.618011","-92.491188","twitter"
"705543173477511169","2016-03-03 23:59:35","33.405754","-111.737564","twitter"
"705543173494341633","2016-03-03 23:59:35","39.438679","-86.415901","twitter"
"705543174081617920","2016-03-03 23:59:35","5.623198","-0.184294","twitter"
"705543174094106625","2016-03-03 23:59:35","45.595638","-73.431633","twitter"
"705543174136025088","2016-03-03 23:59:35","35.401840","139.530869","twitter"
"705543174148591616","2016-03-03 23:59:35","48.858833","2.347003","twitter"
"705543174169763840","2016-03-03 23:59:35","34.218983","-92.010368","twitter"
"705543174194925568","2016-03-03 23:59:35","38.848156","-76.921234","twitter"
"705543174920368128","2016-03-03 23:59:35","34.020790","-118.411903","twitter"
"705543175075700736","2016-03-03 23:59:35","30.391460","-86.425194","twitter"
"705543175608393729","2016-03-03 23:59:36","30.818716","-88.103683","twitter"
"705543175734214656","2016-03-03 23:59:36","41.495941","-81.705467","twitter"
"705543176086491140","2016-03-03 23:59:36","40.000465","32.841938","twitter"
"705543176162054144","2016-03-03 23:59:36","35.170498","-79.861031","twitter"
"705543176501796865","2016-03-03 23:59:36","48.863705","2.448988","twitter"
"705543177118191616","2016-03-03 23:59:36","36.008408","139.863632","twitter"
"705543177135112192","2016-03-03 23:59:36","36.090397","-79.857361","twitter"
"705543177365790720","2016-03-03 23:59:36","37.251751","-77.332359","twitter"
"705543179253227520","2016-03-03 23:59:36","35.738678","-77.931358","twitter"
"705543179542601729","2016-03-03 23:59:37","41.567364","-87.552811","twitter"
"705543179651538945","2016-03-03 23:59:37","19.432837","-99.153366","twitter"
"705543179697856513","2016-03-03 23:59:37","41.065376","29.008015","twitter"
"705543180062629889","2016-03-03 23:59:37","44.944736","-93.100975","twitter"
"705543180180135939","2016-03-03 23:59:37","43.629311","-79.272568","twitter"
"705543180293242880","2016-03-03 23:59:37","30.200554","-85.615997","twitter"
"705543180591112192","2016-03-03 23:59:37","27.698683","-83.804474","twitter"
"705543180645601282","2016-03-03 23:59:37","30.083158","-95.990173","twitter"
"705543180746248192","2016-03-03 23:59:37","29.417501","-98.540649","twitter"
"705543180884770816","2016-03-03 23:59:37","29.982601","-90.011009","twitter"
"705543180993875972","2016-03-03 23:59:37","21.585711","39.254128","twitter"
"705543181094555648","2016-03-03 23:59:37","40.948353","-74.242409","twitter"
"705543181270654976","2016-03-03 23:59:37","35.271076","25.123058","twitter"
"705543181279076352","2016-03-03 23:59:37","-22.904549","-43.059608","twitter"
"705543181404864516","2016-03-03 23:59:37","42.308346","0.314300","twitter"
"705543182008725504","2016-03-03 23:59:37","29.417501","-98.540649","twitter"
"705543182562562048","2016-03-03 23:59:37","41.387840","-81.764664","twitter"
"705543182575144962","2016-03-03 23:59:37","-26.828875","-54.850426","twitter"
"705543183258816514","2016-03-03 23:59:37","-2.572425","-59.980324","twitter"
"705543183309131776","2016-03-03 23:59:37","48.989059","2.257945","twitter"
"705543183342526464","2016-03-03 23:59:37","8.899957","125.584190","twitter"
"705543183472717824","2016-03-03 23:59:37","32.482304","-84.917305","twitter"
"705543183636307969","2016-03-03 23:59:37","-1.665726","-83.600800","twitter"
"705543183799816192","2016-03-03 23:59:38","-23.405823","-51.968330","twitter"
"705543184072450049","2016-03-03 23:59:38","10.190270","-64.683983","twitter"
"705543184252669952","2016-03-03 23:59:38","29.417501","-98.540649","twitter"
"705543184416436225","2016-03-03 23:59:38","-34.749863","-58.594845","twitter"
"705543184676327424","2016-03-03 23:59:38","38.468941","-121.332222","twitter"
"705543185947295746","2016-03-03 23:59:38","28.600185","-81.341728","twitter"
"705543186274451460","2016-03-03 23:59:38","33.456505","-88.821686","twitter"
"705543186912059398","2016-03-03 23:59:38","39.145023","-75.386459","twitter"
"705543187314642944","2016-03-03 23:59:38","46.802326","1.690328","twitter"
"705543187348250624","2016-03-03 23:59:38","41.204895","-8.505348","twitter"
"705543187662774273","2016-03-03 23:59:38","38.407665","-82.439835","twitter"
"705543187817963520","2016-03-03 23:59:38","-22.728708","-43.376827","twitter"
"705543187960455168","2016-03-03 23:59:39","32.819859","-96.761749","twitter"
"705543188061229057","2016-03-03 23:59:39","48.597206","2.464343","twitter"
"705543188094828544","2016-03-03 23:59:39","27.795719","-82.672905","twitter"
"705543188493127682","2016-03-03 23:59:39","9.936209","-84.091919","twitter"
"705543188644139008","2016-03-03 23:59:39","1.311992","103.836456","twitter"
"705543188891570177","2016-03-03 23:59:39","33.890423","-117.789001","twitter"
"705543188996603904","2016-03-03 23:59:39","40.798649","-73.945946","twitter"
"705543189264932865","2016-03-03 23:59:39","18.508162","73.910080","twitter"
"705543189881626624","2016-03-03 23:59:39","42.036938","-71.683502","twitter"
"705543190057586688","2016-03-03 23:59:39","34.188477","-118.918884","twitter"
"705543190082936832","2016-03-03 23:59:39","-23.682802","-46.595547","twitter"
"705543190229569540","2016-03-03 23:59:39","40.765804","-111.917023","twitter"
"705543190389112839","2016-03-03 23:59:39","41.117935","-77.604683","twitter"
"705543191181791232","2016-03-03 23:59:39","25.965359","-80.213905","twitter"
"705543191215398913","2016-03-03 23:59:39","28.483849","-82.534355","twitter"
"705543191349559296","2016-03-03 23:59:39","27.698683","-83.804474","twitter"
"705543191576121345","2016-03-03 23:59:39","-23.527399","-46.678593","twitter"
"705543191752101888","2016-03-03 23:59:39","34.020790","-118.411903","twitter"
"705543191936831489","2016-03-03 23:59:39","38.003376","-79.420868","twitter"
"705543191999557632","2016-03-03 23:59:39","33.834850","-112.088631","twitter"
"705543192196706304","2016-03-03 23:59:40","53.555820","-113.492615","twitter"
"705543192205238273","2016-03-03 23:59:40","40.876076","-74.222740","twitter"
"705543192804888577","2016-03-03 23:59:40","40.962807","-8.500909","twitter"
"705543192997978112","2016-03-03 23:59:40","41.021320","29.005222","twitter"
"705543193224327168","2016-03-03 23:59:40","41.833584","-87.732010","twitter"
"705543193773940736","2016-03-03 23:59:40","27.698683","-83.804474","twitter"
"705543193773940737","2016-03-03 23:59:40","-33.452160","-70.659615","twitter"
"705543194310799360","2016-03-03 23:59:40","33.767193","-84.433105","twitter"
"705543194365321216","2016-03-03 23:59:40","-23.682802","-46.595547","twitter"
"705543195271139328","2016-03-03 23:59:40","19.096729","73.035889","twitter"
"705543196244320256","2016-03-03 23:59:41","-29.733833","-51.057102","twitter"
"705543196382658560","2016-03-03 23:59:41","19.432837","-99.153366","twitter"
"705543196659601408","2016-03-03 23:59:41","25.720236","-80.339088","twitter"
"705543196869156864","2016-03-03 23:59:41","42.856243","-73.817848","twitter"
"705543197020131328","2016-03-03 23:59:41","14.607108","121.056259","twitter"
"705543197145968640","2016-03-03 23:59:41","29.511683","-97.439949","twitter"
"705543197523578880","2016-03-03 23:59:41","-33.907562","25.555317","twitter"
"705543197913698304","2016-03-03 23:59:41","41.833584","-87.732010","twitter"
"705543197963976704","2016-03-03 23:59:41","52.092735","4.414034","twitter"
"705543198194720768","2016-03-03 23:59:41","-25.060762","-53.398834","twitter"
"705543198572085249","2016-03-03 23:59:41","47.959949","-122.231789","twitter"
"705543198719025152","2016-03-03 23:59:41","39.422485","-0.352529","twitter"
"705543198731587584","2016-03-03 23:59:41","-15.776254","-47.796623","twitter"
"705543198815481856","2016-03-03 23:59:41","48.514992","3.241667","twitter"
"705543199033466880","2016-03-03 23:59:41","33.852013","130.597183","twitter"
"705543199159422976","2016-03-03 23:59:41","32.924259","-96.544441","twitter"
"705543199763222528","2016-03-03 23:59:41","30.048264","-95.427048","twitter"
"705543199813738496","2016-03-03 23:59:41","4.590374","-74.157639","twitter"
"705543199989878785","2016-03-03 23:59:41","45.248791","-75.800140","twitter"
"705543200237178880","2016-03-03 23:59:41","32.819859","-96.761749","twitter"
"705543201080287232","2016-03-03 23:59:42","47.229862","-122.515938","twitter"
"705543201457725441","2016-03-03 23:59:42","12.866726","-85.168175","twitter"
"705543201474682880","2016-03-03 23:59:42","35.982471","-83.963844","twitter"
"705543202032455680","2016-03-03 23:59:42","33.636856","-84.491974","twitter"
"705543202745487360","2016-03-03 23:59:42","13.800121","-88.905922","twitter"
"705543203135602688","2016-03-03 23:59:42","-32.023766","-57.220516","twitter"
"705543203148210176","2016-03-03 23:59:42","-23.682802","-46.595547","twitter"
"705543203227885568","2016-03-03 23:59:42","12.005000","8.527467","twitter"
"705543203571834880","2016-03-03 23:59:42","41.590397","-73.909798","twitter"
"705543203777335298","2016-03-03 23:59:42","26.027889","-80.327995","twitter"
"705543203827654656","2016-03-03 23:59:42","-22.894995","-47.030216","twitter"
"705543204154826752","2016-03-03 23:59:42","-23.405823","-51.968330","twitter"
"705543204221767680","2016-03-03 23:59:42","29.673172","-82.330269","twitter"
"705543204494405632","2016-03-03 23:59:42","29.417501","-98.540649","twitter"
"705543204872056832","2016-03-03 23:59:43","-23.682802","-46.595547","twitter"
"705543205413068801","2016-03-03 23:59:43","48.989059","2.257945","twitter"
"705543205522186240","2016-03-03 23:59:43","28.017305","-81.698883","twitter"
"705543205643628544","2016-03-03 23:59:43","32.715328","-117.157257","twitter"
"705543205996122112","2016-03-03 23:59:43","51.888702","0.898891","twitter"
"705543206763569152","2016-03-03 23:59:43","39.169586","-76.603958","twitter"
"705543207061303296","2016-03-03 23:59:43","-6.307296","106.689102","twitter"
"705543207552049152","2016-03-03 23:59:43","39.768917","-86.159431","twitter"
"705543207610757120","2016-03-03 23:59:43","-7.976564","112.628189","twitter"
"705543208181305345","2016-03-03 23:59:43","-37.147575","-60.029846","twitter"
"705543208508338178","2016-03-03 23:59:43","44.145435","-120.583405","twitter"
"705543208642580480","2016-03-03 23:59:43","-34.846790","-57.945740","twitter"
"705543208651124738","2016-03-03 23:59:43","-16.642782","-49.261299","twitter"
"705543208814641153","2016-03-03 23:59:43","31.672701","36.464874","twitter"
"705543209003433984","2016-03-03 23:59:44","40.257160","-75.727478","twitter"
"705543209041133568","2016-03-03 23:59:44","-2.512995","-80.091194","twitter"
"705543209066192896","2016-03-03 23:59:44","34.967094","135.772690","twitter"
"705543209066192897","2016-03-03 23:59:44","35.124409","136.906433","twitter"
"705543209150128128","2016-03-03 23:59:44","32.774937","-96.602142","twitter"
"705543209221492737","2016-03-03 23:59:44","40.572376","-74.153946","twitter"
"705543209737445377","2016-03-03 23:59:44","40.780708","-73.968544","twitter"
"705543209837957120","2016-03-03 23:59:44","42.504818","-71.195610","twitter"
"705543209984913408","2016-03-03 23:59:44","-23.682802","-46.595547","twitter"
"705543211104804864","2016-03-03 23:59:44","29.243053","47.902908","twitter"
"705543211205275648","2016-03-03 23:59:44","47.481598","-122.194397","twitter"
"705543211305971712","2016-03-03 23:59:44","38.598763","-78.799934","twitter"
"705543211704569860","2016-03-03 23:59:44","52.125374","5.412410","twitter"
"705543211733876740","2016-03-03 23:59:44","42.352787","-83.099289","twitter"
"705543211813625857","2016-03-03 23:59:44","15.201132","-86.243195","twitter"
"705543212069494784","2016-03-03 23:59:44","4.262284","-74.243668","twitter"
"705543212115558400","2016-03-03 23:59:44","8.421673","-80.095413","twitter"
"705543212186750976","2016-03-03 23:59:44","-6.220116","107.060448","twitter"
"705543212237062145","2016-03-03 23:59:44","32.819859","-96.761749","twitter"
"705543212337930240","2016-03-03 23:59:44","-22.911423","-43.441578","twitter"
"705543212367224837","2016-03-03 23:59:44","-26.872810","-49.109627","twitter"
"705543212413227008","2016-03-03 23:59:44","2.462425","102.177856","twitter"
"705543212715417600","2016-03-03 23:59:44","37.955303","32.500080","twitter"
"705543212736385024","2016-03-03 23:59:44","38.929325","-1.901945","twitter"
"705543212786520064","2016-03-03 23:59:44","-5.189001","122.640396","twitter"
"705543212803338241","2016-03-03 23:59:44","28.969862","-111.498184","twitter"
"705543213428436992","2016-03-03 23:59:45","34.040215","-80.968803","twitter"
"705543213843673092","2016-03-03 23:59:45","42.712048","-84.557899","twitter"
"705543214288269312","2016-03-03 23:59:45","40.780708","-73.968544","twitter"
"705543214351171584","2016-03-03 23:59:45","-22.785471","-43.369762","twitter"
"705543214418112512","2016-03-03 23:59:45","30.009352","-90.253349","twitter"
"705543214653165573","2016-03-03 23:59:45","41.021320","29.005222","twitter"
"705543214837661696","2016-03-03 23:59:45","27.698683","-83.804474","twitter"
"705543214971940869","2016-03-03 23:59:45","10.291961","-66.324265","twitter"
"705543215093567488","2016-03-03 23:59:45","32.230988","-90.158020","twitter"
"705543215101837313","2016-03-03 23:59:45","33.789021","-118.081017","twitter"
"705543215177269248","2016-03-03 23:59:45","36.060963","-115.135162","twitter"
"705543215290716160","2016-03-03 23:59:45","38.805115","-77.236969","twitter"
"705543215471042560","2016-03-03 23:59:45","55.754787","37.427643","twitter"
"705543215806554113","2016-03-03 23:59:45","-1.272930","-48.459797","twitter"
"705543215877898240","2016-03-03 23:59:45","18.418821","-70.124634","twitter"
"705543215991103488","2016-03-03 23:59:45","-8.043603","-34.939350","twitter"
"705543216024690688","2016-03-03 23:59:45","29.294882","48.045235","twitter"
"705543216502849536","2016-03-03 23:59:45","51.448456","5.452997","twitter"
"705543216695795712","2016-03-03 23:59:45","-29.705940","-51.506641","twitter"
"705543216884387840","2016-03-03 23:59:45","33.809139","-117.220413","twitter"
"705543217429647361","2016-03-03 23:59:46","34.751938","-92.131271","twitter"
"705543218180579332","2016-03-03 23:59:46","-23.682802","-46.595547","twitter"
"705543218553712640","2016-03-03 23:59:46","33.405754","-111.737564","twitter"
"705543218562260992","2016-03-03 23:59:46","10.958073","-74.849930","twitter"
"705543219400998912","2016-03-03 23:59:46","30.585470","-96.291649","twitter"
"705543219493212160","2016-03-03 23:59:46","2.707180","102.229774","twitter"
"705543219635953664","2016-03-03 23:59:46","34.218658","134.018799","twitter"
"705543219707252737","2016-03-03 23:59:46","40.658363","-4.021472","twitter"
"705543219728113664","2016-03-03 23:59:46","41.833584","-87.732010","twitter"
"705543219837272064","2016-03-03 23:59:46","-24.207438","-65.316109","twitter"
"705543220147720193","2016-03-03 23:59:46","-22.911423","-43.441578","twitter"
"705543220449521664","2016-03-03 23:59:46","29.547886","-95.326897","twitter"
"705543220667801600","2016-03-03 23:59:46","-24.237341","-64.874451","twitter"
"705543220705546241","2016-03-03 23:59:46","30.753546","20.224209","twitter"
"705543220923658240","2016-03-03 23:59:46","41.833584","-87.732010","twitter"
"705543220998963200","2016-03-03 23:59:46","29.838495","-95.446487","twitter"
"705543221108146176","2016-03-03 23:59:46","-32.532928","-55.781277","twitter"
"705543221334544384","2016-03-03 23:59:46","32.978954","-115.537827","twitter"
"705543221560999937","2016-03-03 23:59:47","28.501678","-81.367775","twitter"
"705543222525882373","2016-03-03 23:59:47","-23.682802","-46.595547","twitter"
"705543222622179328","2016-03-03 23:59:47","32.752861","-97.781769","twitter"
"705543222739623936","2016-03-03 23:59:47","36.110039","-115.175560","twitter"
"705543222810976256","2016-03-03 23:59:47","19.568279","-99.044441","twitter"
"705543223062765568","2016-03-03 23:59:47","31.868727","36.833363","twitter"
"705543223234551808","2016-03-03 23:59:47","44.065620","-123.122398","twitter"
"705543223343771648","2016-03-03 23:59:47","41.021320","29.005222","twitter"
"705543223985438720","2016-03-03 23:59:47","-34.604317","-58.442642","twitter"
"705543224157474816","2016-03-03 23:59:47","-23.736286","-52.597488","twitter"
"705543224191012864","2016-03-03 23:59:47","38.779655","-90.702644","twitter"
"705543224425783296","2016-03-03 23:59:47","22.311119","-100.955513","twitter"
"705543225512071168","2016-03-03 23:59:47","37.770657","-122.435982","twitter"
"705543226157957121","2016-03-03 23:59:48","34.020790","-118.411903","twitter"
"705543226212675586","2016-03-03 23:59:48","-22.911423","-43.441578","twitter"
"705543226342686720","2016-03-03 23:59:48","-8.043603","-34.939350","twitter"
"705543226749382656","2016-03-03 23:59:48","31.168894","-100.076889","twitter"
"705543226841808897","2016-03-03 23:59:48","27.698683","-83.804474","twitter"
"705543227651268608","2016-03-03 23:59:48","-31.561390","-52.333897","twitter"
"705543228330610692","2016-03-03 23:59:48","-35.000767","138.611160","twitter"
"705543228334993408","2016-03-03 23:59:48","40.670879","-73.831184","twitter"
"705543228502577152","2016-03-03 23:59:48","23.269878","-109.766266","twitter"
"705543228640989184","2016-03-03 23:59:48","35.142776","-90.055603","twitter"
"705543228758462464","2016-03-03 23:59:48","13.075209","77.556419","twitter"
"705543228934586369","2016-03-03 23:59:48","33.809174","-118.156708","twitter"
"705543229505150976","2016-03-03 23:59:48","21.585711","39.254128","twitter"
"705543229752659968","2016-03-03 23:59:48","40.975864","27.579981","twitter"
"705543230272770048","2016-03-03 23:59:49","5.623198","-0.184294","twitter"
"705543230314512384","2016-03-03 23:59:49","29.838495","-95.446487","twitter"
"705543230411161600","2016-03-03 23:59:49","-22.894995","-47.030216","twitter"
"705543230687993856","2016-03-03 23:59:49","-15.776254","-47.796623","twitter"
"705543230943731713","2016-03-03 23:59:49","36.151550","-115.243156","twitter"
"705543231153573889","2016-03-03 23:59:49","35.170498","-79.861031","twitter"
"705543231262498816","2016-03-03 23:59:49","-7.667783","112.864006","twitter"
"705543231623315456","2016-03-03 23:59:49","28.219122","-82.447159","twitter"
"705543231849811968","2016-03-03 23:59:49","40.868446","-73.080696","twitter"
"705543231858196480","2016-03-03 23:59:49","43.345661","-8.422813","twitter"
"705543231937753088","2016-03-03 23:59:49","35.636692","-120.859383","twitter"
"705543232059535360","2016-03-03 23:59:49","4.262284","-74.243668","twitter"
"705543232151748608","2016-03-03 23:59:49","52.456177","-2.056257","twitter"
"705543232348921856","2016-03-03 23:59:49","-22.911423","-43.441578","twitter"
"705543232399261696","2016-03-03 23:59:49","-23.405823","-51.968330","twitter"
"705543232478904320","2016-03-03 23:59:49","40.655136","-73.948776","twitter"
"705543232495730688","2016-03-03 23:59:49","40.655136","-73.948776","twitter"
"705543232554455042","2016-03-03 23:59:49","32.678207","-83.173866","twitter"
"705543232697008129","2016-03-03 23:59:49","55.902512","-3.632725","twitter"
"705543232768311296","2016-03-03 23:59:49","62.066246","129.730652","twitter"
"705543232801869824","2016-03-03 23:59:49","-23.061419","-45.917442","twitter"
"705543232814452736","2016-03-03 23:59:49","35.170498","-79.861031","twitter"
"705543232948723712","2016-03-03 23:59:49","40.655136","-73.948776","twitter"
"705543233074556928","2016-03-03 23:59:49","48.382931","31.181446","twitter"
"705543233275863040","2016-03-03 23:59:49","-30.033211","-50.233692","twitter"
"705543233539944448","2016-03-03 23:59:49","37.554577","126.990944","twitter"
"705543233657503745","2016-03-03 23:59:49","26.332634","17.268141","twitter"
"705543233745637376","2016-03-03 23:59:49","-34.702244","-58.390118","twitter"
"705543234047467521","2016-03-03 23:59:50","34.721886","-92.342323","twitter"
"705543234047614978","2016-03-03 23:59:50","33.224876","43.685307","twitter"
"705543234404093952","2016-03-03 23:59:50","-38.721722","-62.255100","twitter"
"705543234886324224","2016-03-03 23:59:50","32.836193","-97.494057","twitter"
"705543234928439297","2016-03-03 23:59:50","27.931681","-82.218391","twitter"
"705543235452723200","2016-03-03 23:59:50","10.463174","-68.038605","twitter"
"705543235461062656","2016-03-03 23:59:50","6.422820","-66.578926","twitter"
"705543235754717189","2016-03-03 23:59:50","43.024586","-83.076302","twitter"
"705543235830161408","2016-03-03 23:59:50","-22.911423","-43.441578","twitter"
"705543235855380480","2016-03-03 23:59:50","40.139942","-75.123528","twitter"
"705543236144787456","2016-03-03 23:59:50","40.431389","-79.980690","twitter"
"705543236820066305","2016-03-03 23:59:50","-38.952888","-68.095718","twitter"
"705543237126246400","2016-03-03 23:59:50","41.117935","-77.604683","twitter"
"705543237528739840","2016-03-03 23:59:50","42.389812","-88.166992","twitter"
"705543238069915648","2016-03-03 23:59:50","53.679886","9.372680","twitter"
"705543238132875264","2016-03-03 23:59:50","-34.646236","-58.611755","twitter"
"705543238506119168","2016-03-03 23:59:51","45.461346","9.159337","twitter"
"705543239017717760","2016-03-03 23:59:51","19.432722","-99.017014","twitter"
"705543239084826624","2016-03-03 23:59:51","33.225399","-96.899620","twitter"
"705543239290515457","2016-03-03 23:59:51","1.429230","110.333031","twitter"
"705543239353368576","2016-03-03 23:59:51","-22.904549","-43.059608","twitter"
"705543239571345408","2016-03-03 23:59:51","18.384167","-66.058365","twitter"
"705543239877591040","2016-03-03 23:59:51","39.685852","-105.123322","twitter"
"705543240011915264","2016-03-03 23:59:51","41.888741","-87.636581","twitter"
"705543240175456256","2016-03-03 23:59:51","27.069033","-82.170189","twitter"
"705543240611729408","2016-03-03 23:59:51","-0.166571","-78.556679","twitter"
"705543240792064001","2016-03-03 23:59:51","38.784851","-76.831078","twitter"
"705543242159407104","2016-03-03 23:59:51","49.048641","2.099691","twitter"
"705543242264109057","2016-03-03 23:59:51","35.346901","-119.025162","twitter"
"705543242364952577","2016-03-03 23:59:51","-23.682802","-46.595547","twitter"
"705543242561884160","2016-03-03 23:59:52","41.577209","-93.711334","twitter"
"705543242608201728","2016-03-03 23:59:52","36.764877","-4.424031","twitter"
"705543242683686912","2016-03-03 23:59:52","30.674721","31.719513","twitter"
"705543242750803968","2016-03-03 23:59:52","44.900818","-89.569489","twitter"
"705543242922614784","2016-03-03 23:59:52","29.943583","-96.264885","twitter"
"705543242943700993","2016-03-03 23:59:52","24.993462","55.551170","twitter"
"705543243149283332","2016-03-03 23:59:52","-22.802576","-43.446884","twitter"
"705543243748872192","2016-03-03 23:59:52","35.087692","139.102371","twitter"
"705543244231397376","2016-03-03 23:59:52","21.334728","41.137367","twitter"
"705543244248055808","2016-03-03 23:59:52","-36.595730","174.856247","twitter"
"705543245787328513","2016-03-03 23:59:52","47.614819","-122.330605","twitter"
"705543245888143364","2016-03-03 23:59:52","33.196602","-87.533409","twitter"
"705543246043291649","2016-03-03 23:59:52","6.997780","-73.836792","twitter"
"705543246290755584","2016-03-03 23:59:52","29.596249","31.570606","twitter"
"705543246315966465","2016-03-03 23:59:52","-21.092716","-40.878304","twitter"
"705543246727016453","2016-03-03 23:59:53","59.934147","30.328697","twitter"
"705543246781538306","2016-03-03 23:59:53","32.576225","-86.680740","twitter"
"705543246987005952","2016-03-03 23:59:53","-22.524347","-44.080921","twitter"
"705543247087570944","2016-03-03 23:59:53","5.366756","100.287399","twitter"
"705543247301632000","2016-03-03 23:59:53","31.280563","37.121933","twitter"
"705543247402119168","2016-03-03 23:59:53","-7.943315","112.610703","twitter"
"705543247456833536","2016-03-03 23:59:53","48.658344","2.386244","twitter"
"705543248186507264","2016-03-03 23:59:53","-37.972569","145.053131","twitter"
"705543248438173696","2016-03-03 23:59:53","19.910658","99.836563","twitter"
"705543248954064896","2016-03-03 23:59:53","40.986679","-74.029739","twitter"
"705543250036269056","2016-03-03 23:59:53","51.185932","-2.233517","twitter"
"705543250040348674","2016-03-03 23:59:53","-6.392895","106.761780","twitter"
"705543250090692608","2016-03-03 23:59:53","15.772468","-90.224220","twitter"
"705543250233397249","2016-03-03 23:59:53","40.792500","-74.666466","twitter"
"705543250267009024","2016-03-03 23:59:53","29.596249","31.570606","twitter"
"705543250472411136","2016-03-03 23:59:53","19.032228","-98.154266","twitter"
"705543250560462848","2016-03-03 23:59:53","25.641720","-100.293594","twitter"
"705543250959065088","2016-03-03 23:59:54","-20.789818","-41.196693","twitter"
"705543251097473024","2016-03-03 23:59:54","-36.897903","-60.321999","twitter"
"705543251340562432","2016-03-03 23:59:54","34.178787","-103.337265","twitter"
"705543251894390784","2016-03-03 23:59:54","42.739120","-73.763824","twitter"
"705543252070404096","2016-03-03 23:59:54","36.109390","-95.913643","twitter"
"705543252200570880","2016-03-03 23:59:54","35.644325","-88.838593","twitter"
"705543252343136256","2016-03-03 23:59:54","35.512508","-78.342072","twitter"
"705543252401856513","2016-03-03 23:59:54","39.994682","-82.985771","twitter"
"705543252540334082","2016-03-03 23:59:54","33.767193","-84.433105","twitter"
"705543253270069248","2016-03-03 23:59:54","48.597206","2.464343","twitter"
"705543253303537664","2016-03-03 23:59:54","15.201132","-86.243195","twitter"
"705543253312016385","2016-03-03 23:59:54","55.754787","37.427643","twitter"
"705543253366452224","2016-03-03 23:59:54","48.858833","2.347003","twitter"
"705543253723103233","2016-03-03 23:59:54","30.364048","-88.554039","twitter"
"705543253811138560","2016-03-03 23:59:54","40.912216","-74.702026","twitter"
"705543254054453248","2016-03-03 23:59:54","31.061111","31.646103","twitter"
"705543254390018048","2016-03-03 23:59:54","33.948124","-84.532135","twitter"
"705543254662619136","2016-03-03 23:59:54","42.965904","-78.871178","twitter"
"705543254696067072","2016-03-03 23:59:54","19.543934","-99.164284","twitter"
"705543254998171649","2016-03-03 23:59:55","31.061111","31.646103","twitter"
"705543255056896000","2016-03-03 23:59:55","-34.134975","-57.710716","twitter"
"705543255295815680","2016-03-03 23:59:55","42.680206","141.587830","twitter"
"705543256050933760","2016-03-03 23:59:55","-26.261688","-48.966473","twitter"
"705543257011392512","2016-03-03 23:59:55","28.017170","1.664273","twitter"
"705543257141420032","2016-03-03 23:59:55","35.133522","-89.922028","twitter"
"705543257191751680","2016-03-03 23:59:55","8.421673","-80.095413","twitter"
"705543257200005120","2016-03-03 23:59:55","29.838495","-95.446487","twitter"
"705543257439080448","2016-03-03 23:59:55","29.838495","-95.446487","twitter"
"705543257548333056","2016-03-03 23:59:55","27.996595","-82.442696","twitter"
"705543257812373505","2016-03-03 23:59:55","33.392883","-111.928139","twitter"
"705543257913233408","2016-03-03 23:59:55","-33.123829","-64.348022","twitter"
"705543257946759168","2016-03-03 23:59:55","-25.546591","-57.485180","twitter"
"705543258001293315","2016-03-03 23:59:55","3.126461","101.445908","twitter"
"705543258458497024","2016-03-03 23:59:55","53.220722","-0.547390","twitter"
"705543258873528321","2016-03-03 23:59:55","25.641720","-100.293594","twitter"
"705543259385421824","2016-03-03 23:59:56","42.738644","-87.824127","twitter"
"705543259402182658","2016-03-03 23:59:56","38.898602","-77.014397","twitter"
"705543259586752512","2016-03-03 23:59:56","39.607372","-0.544596","twitter"
"705543259603341312","2016-03-03 23:59:56","19.429934","-99.211510","twitter"
"705543259716763649","2016-03-03 23:59:56","52.468464","4.768735","twitter"
"705543259876012032","2016-03-03 23:59:56","34.020790","-118.411903","twitter"
"705543260014559234","2016-03-03 23:59:56","45.072872","7.675785","twitter"
"705543260693991424","2016-03-03 23:59:56","43.414188","-4.057020","twitter"
"705543260966498304","2016-03-03 23:59:56","29.492199","-98.551628","twitter"
"705543261142847488","2016-03-03 23:59:56","4.262284","-74.243668","twitter"
"705543261918593025","2016-03-03 23:59:56","21.319944","-157.799591","twitter"
"705543262027816960","2016-03-03 23:59:56","40.278782","-74.713585","twitter"
"705543262136889344","2016-03-03 23:59:56","41.537945","-90.597443","twitter"
"705543262145224704","2016-03-03 23:59:56","53.497002","-2.885273","twitter"
"705543262807973888","2016-03-03 23:59:56","40.948353","-74.242409","twitter"
"705543263068020736","2016-03-03 23:59:56","41.350044","-72.421509","twitter"
"705543263776870400","2016-03-03 23:59:57","42.115128","-88.049248","twitter"
"705543263793639424","2016-03-03 23:59:57","6.441531","3.501846","twitter"
"705543264380674048","2016-03-03 23:59:57","40.039951","-76.300385","twitter"
"705543264540061696","2016-03-03 23:59:57","-33.848244","150.931976","twitter"
"705543264611540995","2016-03-03 23:59:57","-34.846790","-57.945740","twitter"
"705543264615718912","2016-03-03 23:59:57","-33.429134","-70.616692","twitter"
"705543264930123776","2016-03-03 23:59:57","33.842861","-117.851089","twitter"
"705543265072898049","2016-03-03 23:59:57","43.629311","-79.272568","twitter"
"705543265093873664","2016-03-03 23:59:57","30.652365","-81.538696","twitter"
"705543265093885952","2016-03-03 23:59:57","42.759560","-84.416916","twitter"
"705543265194549250","2016-03-03 23:59:57","-9.533330","-35.687111","twitter"
"705543265332760576","2016-03-03 23:59:57","38.579525","-121.280426","twitter"
"705543265357922304","2016-03-03 23:59:57","19.652723","-101.275772","twitter"
"705543265622368256","2016-03-03 23:59:57","36.182102","-86.748734","twitter"
"705543266037592064","2016-03-03 23:59:57","48.871040","2.218256","twitter"
"705543266259902468","2016-03-03 23:59:57","-5.187812","-37.347271","twitter"
"705543267241345029","2016-03-03 23:59:57","39.413296","29.986509","twitter"
"705543268076011520","2016-03-03 23:59:58","38.784851","-76.831078","twitter"
"705543268126363649","2016-03-03 23:59:58","-23.666101","-46.441261","twitter"
"705543268214415360","2016-03-03 23:59:58","51.316975","-0.735686","twitter"
"705543268545785856","2016-03-03 23:59:58","35.170498","-79.861031","twitter"
"705543268680015874","2016-03-03 23:59:58","-34.620419","-68.330421","twitter"
"705543268793245697","2016-03-03 23:59:58","-34.604317","-58.442642","twitter"
"705543269594300416","2016-03-03 23:59:58","-22.911423","-43.441578","twitter"
"705543269757927424","2016-03-03 23:59:58","28.501678","-81.367775","twitter"
"705543269871132672","2016-03-03 23:59:58","8.421673","-80.095413","twitter"
"705543270319808513","2016-03-03 23:59:58","3.148531","101.705307","twitter"
"705543270600839168","2016-03-03 23:59:58","18.346521","-64.950493","twitter"
"705543270772957184","2016-03-03 23:59:58","-23.032433","-44.365791","twitter"
"705543270877638656","2016-03-03 23:59:58","29.767946","-94.976601","twitter"
"705543271209115648","2016-03-03 23:59:58","10.729419","122.549706","twitter"
"705543271297060864","2016-03-03 23:59:58","8.421673","-80.095413","twitter"
"705543271729205249","2016-03-03 23:59:58","28.398540","36.614784","twitter"
"705543271804567552","2016-03-03 23:59:59","-36.595730","174.856247","twitter"
"705543271901208576","2016-03-03 23:59:59","-27.007780","-48.623180","twitter"
"705543271909449728","2016-03-03 23:59:59","29.574284","-95.508926","twitter"
"705543272362590208","2016-03-03 23:59:59","41.242676","-81.437531","twitter"
"705543272408752129","2016-03-03 23:59:59","-23.682802","-46.595547","twitter"
"705543272949800960","2016-03-03 23:59:59","-23.298073","-47.276966","twitter"
"705543272979111936","2016-03-03 23:59:59","-2.572425","-59.980324","twitter"
"705543273281028096","2016-03-03 23:59:59","29.417501","-98.540649","twitter"
"705543273373368320","2016-03-03 23:59:59","47.377468","8.536762","twitter"
"705543273578803200","2016-03-03 23:59:59","29.838495","-95.446487","twitter"
"705543274380009473","2016-03-03 23:59:59","55.028008","-1.458029","twitter"
"705543274593951744","2016-03-03 23:59:59","54.035107","-7.410331","twitter"
"705543274715451395","2016-03-03 23:59:59","18.444708","-66.300346","twitter"
"705543275164340226","2016-03-03 23:59:59","43.509796","-5.691944","twitter"
"705543275223105537","2016-03-03 23:59:59","-38.599358","-69.980080","twitter"
"705543275524960256","2016-03-03 23:59:59","-35.313980","149.129776","twitter"
"705543275806126080","2016-03-03 23:59:59","32.576225","-86.680740","twitter"
